customer_id,customer_name,signup_date,age,gender,city,state,segment,acquisition_channel
C00001,Sai Joshi,2024-04-02,25,Female,Vijayawada,Andhra Pradesh,Consumer,Email
C00002,Kiran Gupta,2024-03-23,55,Other,Bengaluru,Karnataka,Consumer,Paid Social
C00003,Naveen Kumar,2025-07-08,59,Female,Visakhapatnam,Andhra Pradesh,Corporate,Paid Social
C00004,Arjun Sharma,2024-11-20,45,Male,Visakhapatnam,Andhra Pradesh,Consumer,Referral
C00005,Arjun Iyer,2026-01-03,34,Female,Kochi,Kerala,Consumer,Direct
C00006,Divya Rao,2023-04-04,41,Male,Kochi,Kerala,Small Business,Paid Social
C00007,Rohan Singh,2025-01-17,42,Male,Bengaluru,Karnataka,Consumer,Referral
C00008,Sandeep Joshi,2023-12-17,61,Female,Visakhapatnam,Andhra Pradesh,Consumer,Marketplace
C00009,Vivaan Rao,2024-10-26,58,Female,Pune,Maharashtra,Corporate,Marketplace
C00010,Rahul Verma,2024-10-06,22,Male,Pune,Maharashtra,Consumer,Direct
C00011,Sandeep Kumar,2026-02-23,27,Other,Ahmedabad,Gujarat,Consumer,Email
C00012,Nisha Sharma,2025-11-09,41,Female,Kolkata,West Bengal,Small Business,Paid Social
C00013,Priya Iyer,2023-05-11,28,Other,Vijayawada,Andhra Pradesh,Small Business,Email
C00014,Divya Gupta,2023-08-23,53,Male,,Maharashtra,Corporate,Referral
C00015,Vikram Das,2024-06-23,36,Female,Bengaluru,Karnataka,Consumer,Organic Search
C00016,Sai Singh,2024-02-12,37,Female,Vijayawada,Andhra Pradesh,Consumer,Email
C00017,Diya Rao,2025-01-13,56,Female,Hyderabad,Telangana,Consumer,Email
C00018,Sai Patel,2025-12-26,23,Other,Bengaluru,Karnataka,Consumer,Email
C00019,Sandeep Das,2024-03-09,34,Other,Chennai,Tamil Nadu,Consumer,Direct
C00020,Vikram Nair,2025-06-16,43,Female,Pune,Maharashtra,Consumer,Organic Search
C00021,Aarav Sharma,2024-03-27,19,Other,Delhi,Delhi,Consumer,Paid Social
C00022,Ananya Verma,2024-05-02,20,Male,Bengaluru,Karnataka,Consumer,Paid Social
C00023,Sneha Rao,2025-08-26,54,Female,Visakhapatnam,Andhra Pradesh,Consumer,Marketplace
C00024,Divya Verma,2023-04-21,45,Other,Delhi,Delhi,Consumer,Marketplace
C00025,Rahul Gupta,2024-01-28,39,Male,Visakhapatnam,Andhra Pradesh,Consumer,Paid Social
C00026,Sandeep Sharma,2025-06-26,47,Female,Pune,Maharashtra,Consumer,Email
C00027,Sneha Nair,2023-12-07,23,Male,Hyderabad,Telangana,Consumer,Marketplace
C00028,Kavya Kumar,2024-06-27,28,Male,Hyderabad,Telangana,Consumer,Direct
C00029,Rahul Reddy,2024-08-30,60,Other,Jaipur,Rajasthan,Corporate,Organic Search
C00030,Vikram Patel,2025-10-26,38,Female,Visakhapatnam,Andhra Pradesh,Small Business,Organic Search
C00031,Priya Sharma,2024-04-26,22,Other,Chennai,Tamil Nadu,Consumer,Email
C00032,Vikram Singh,2026-03-03,57,Male,Hyderabad,Telangana,Consumer,Direct
C00033,Kavya Singh,2024-09-06,33,Female,Delhi,Delhi,Consumer,Email
C00034,Sai Singh,2024-06-27,24,Female,Kochi,Kerala,Small Business,Referral
C00035,Harsha Das,2024-09-11,28,Other,Pune,Maharashtra,Consumer,Direct
C00036,Ananya Sharma,2023-10-03,37,Female,Jaipur,Rajasthan,Corporate,Paid Social
C00037,Divya Verma,2024-02-21,36,Male,Pune,Maharashtra,Consumer,Referral
C00038,Aarav Singh,2023-04-01,23,Female,Hyderabad,Telangana,Consumer,Referral
C00039,Aarav Sharma,2026-02-22,65,Female,Chennai,Tamil Nadu,Small Business,Direct
C00040,Sai Iyer,2026-02-05,52,Female,Chennai,Tamil Nadu,Consumer,Referral
C00041,Meera Das,2023-07-30,40,Other,Hyderabad,Telangana,Small Business,Marketplace
C00042,Rohan Iyer,2023-11-29,65,Female,Kochi,Kerala,Consumer,Referral
C00043,Rohan Das,2024-06-30,60,Other,Kolkata,West Bengal,Consumer,Organic Search
C00044,Diya Naidu,2024-12-17,32,Female,Ahmedabad,Gujarat,Consumer,Direct
C00045,Meera Verma,2024-07-25,43,Other,Mumbai,Maharashtra,Consumer,Email
C00046,Naveen Kumar,2024-01-01,19,Female,Delhi,Delhi,Consumer,Marketplace
C00047,Arjun Iyer,2025-11-13,64,Other,Delhi,Delhi,Consumer,Organic Search
C00048,Divya Joshi,2026-01-07,,Other,Visakhapatnam,Andhra Pradesh,Corporate,Paid Social
C00049,Harsha Singh,2024-11-07,45,Other,Delhi,Delhi,Corporate,Direct
C00050,Pooja Kumar,2025-04-04,50,Other,Pune,Maharashtra,Consumer,Marketplace
C00051,Naveen Kumar,2026-06-14,42,Male,Vijayawada,Andhra Pradesh,Consumer,Organic Search
C00052,Lakshmi Singh,2026-05-27,36,Male,Pune,Maharashtra,Consumer,Direct
C00053,Divya Sharma,2023-12-14,50,Male,Mumbai,Maharashtra,Consumer,Direct
C00054,Divya Kumar,2024-04-26,39,Female,Kochi,Kerala,Corporate,Paid Social
C00055,Kavya Iyer,2023-05-30,20,Other,Hyderabad,Telangana,Consumer,Direct
C00056,Arjun Das,2023-01-12,42,Male,Visakhapatnam,Andhra Pradesh,Consumer,Direct
C00057,Kavya Patel,2023-09-06,47,Male,Jaipur,Rajasthan,Consumer,Email
C00058,Neha Gupta,2026-06-08,38,Male,Kochi,Kerala,Corporate,Email
C00059,Kiran Naidu,2024-06-14,28,Other,Ahmedabad,Gujarat,Consumer,Email
C00060,Kiran Kumar,2024-08-08,58,Male,Ahmedabad,Gujarat,Consumer,Email
C00061,Pooja Rao,2023-11-09,26,Female,Bengaluru,Karnataka,Consumer,Referral
C00062,Priya Das,2025-05-10,47,Other,Jaipur,Rajasthan,Small Business,Organic Search
C00063,Priya Naidu,2024-09-03,42,Male,Kochi,Kerala,Consumer,Direct
C00064,Sneha Nair,2024-07-12,56,Female,Jaipur,Rajasthan,Consumer,Direct
C00065,Harsha Gupta,2023-09-19,43,Female,Vijayawada,Andhra Pradesh,Small Business,Email
C00066,Kavya Patel,2023-10-05,60,Female,Kochi,Kerala,Consumer,Referral
C00067,Ananya Das,2025-02-15,47,Male,Mumbai,Maharashtra,Consumer,Organic Search
C00068,Kiran Verma,2024-12-17,19,Female,Ahmedabad,Gujarat,Corporate,Direct
C00069,Harsha Patel,2023-02-11,66,Female,Hyderabad,Telangana,Consumer,Direct
C00070,Meera Patel,2024-06-08,54,Other,Bengaluru,Karnataka,Consumer,Direct
C00071,Arjun Mehta,2024-09-29,25,Female,Visakhapatnam,Andhra Pradesh,Small Business,Email
C00072,Naveen Joshi,2023-06-05,42,Other,Vijayawada,Andhra Pradesh,Consumer,Direct
C00073,Vivaan Singh,2026-03-05,61,Other,Pune,Maharashtra,Consumer,Referral
C00074,Nisha Sharma,2025-05-10,50,Male,,Karnataka,Small Business,Direct
C00075,Lakshmi Kumar,2025-12-04,63,Other,Ahmedabad,Gujarat,Corporate,Email
C00076,Ishita Naidu,2024-07-03,47,Female,Ahmedabad,Gujarat,Corporate,Organic Search
C00077,Divya Iyer,2026-06-03,46,Male,Pune,Maharashtra,Consumer,Referral
C00078,Ananya Mehta,2024-11-28,49,Other,Chennai,Tamil Nadu,Small Business,Email
C00079,Nisha Gupta,2025-04-12,51,Female,Hyderabad,Telangana,Consumer,Direct
C00080,Kiran Iyer,2024-08-25,49,Other,,Andhra Pradesh,Consumer,Direct
C00081,Neha Gupta,2025-05-21,41,Male,Kochi,Kerala,Consumer,Marketplace
C00082,Ishita Sharma,2024-01-30,37,Other,Pune,Maharashtra,Consumer,Direct
C00083,Vikram Mehta,2026-04-22,30,Male,Chennai,Tamil Nadu,Small Business,Paid Social
C00084,Sai Kumar,2025-12-29,32,Female,Pune,Maharashtra,Small Business,Email
C00085,Arjun Naidu,2025-10-02,62,Female,Pune,Maharashtra,Consumer,Marketplace
C00086,Nisha Sharma,2024-06-01,46,Female,Ahmedabad,Gujarat,Consumer,Organic Search
C00087,Diya Sharma,2026-02-26,58,Female,Kochi,Kerala,Consumer,Marketplace
C00088,Priya Nair,2025-12-06,56,Male,Kochi,Kerala,Consumer,Email
C00089,Rahul Verma,2023-07-23,37,Female,Kolkata,West Bengal,Consumer,Organic Search
C00090,Sneha Nair,2023-01-06,33,Other,Chennai,Tamil Nadu,Consumer,Referral
C00091,Aditya Verma,2025-07-18,32,Female,Hyderabad,Telangana,Small Business,Direct
C00092,Sandeep Rao,2023-08-24,60,Other,Kochi,Kerala,Consumer,Referral
C00093,Neha Naidu,2026-05-03,22,Other,Chennai,Tamil Nadu,Small Business,Marketplace
C00094,Vikram Gupta,2024-07-11,47,Male,Bengaluru,Karnataka,Consumer,Email
C00095,Aditya Rao,2023-02-22,45,Other,Hyderabad,Telangana,Corporate,Email
C00096,Naveen Reddy,2024-07-05,19,Female,Kochi,Kerala,Consumer,Direct
C00097,Aditya Nair,2025-10-04,35,Male,Ahmedabad,Gujarat,Consumer,Referral
C00098,Diya Verma,2025-10-11,24,Male,Vijayawada,Andhra Pradesh,Corporate,Email
C00099,Priya Naidu,2023-08-26,47,Other,Hyderabad,Telangana,Corporate,Organic Search
C00100,Meera Mehta,2025-11-27,52,Male,Vijayawada,Andhra Pradesh,Consumer,Organic Search
C00101,Pooja Nair,2025-06-16,35,Female,Mumbai,Maharashtra,Consumer,Direct
C00102,Sandeep Iyer,2023-01-29,33,Female,Kochi,Kerala,Consumer,Organic Search
C00103,Vikram Joshi,2024-08-20,25,Male,Ahmedabad,Gujarat,Consumer,Marketplace
C00104,Harsha Gupta,2024-01-26,33,Other,Ahmedabad,Gujarat,Small Business,Organic Search
C00105,Ananya Naidu,2025-11-05,67,Female,Pune,Maharashtra,Consumer,Referral
C00106,Kavya Gupta,2023-11-01,55,Male,Kochi,Kerala,Consumer,Email
C00107,Pooja Rao,2024-01-22,42,Other,Jaipur,Rajasthan,Consumer,Marketplace
C00108,Priya Verma,2025-02-19,38,Other,Hyderabad,Telangana,Small Business,Marketplace
C00109,Kavya Sharma,2023-07-25,26,Other,Hyderabad,Telangana,Small Business,Organic Search
C00110,Aditya Nair,2023-11-13,27,Male,Visakhapatnam,Andhra Pradesh,Consumer,Direct
C00111,Priya Singh,2025-12-28,59,Other,Kolkata,West Bengal,Corporate,Marketplace
C00112,Kiran Joshi,2024-08-11,20,Female,Jaipur,Rajasthan,Consumer,Organic Search
C00113,Aarav Reddy,2024-09-05,63,Male,Vijayawada,Andhra Pradesh,Corporate,Referral
C00114,Naveen Verma,2025-04-23,41,Female,Delhi,Delhi,Consumer,Organic Search
C00115,Sai Rao,2026-04-09,42,Male,Kochi,Kerala,Consumer,Marketplace
C00116,Divya Gupta,2024-08-12,,Female,Pune,Maharashtra,Consumer,Referral
C00117,Kavya Naidu,2024-05-27,37,Male,Kochi,Kerala,Consumer,Marketplace
C00118,Diya Joshi,2026-03-23,24,Male,Ahmedabad,Gujarat,Consumer,Direct
C00119,Harsha Joshi,2023-04-11,,Male,Kolkata,West Bengal,Corporate,Referral
C00120,Harsha Kumar,2024-01-25,56,Other,Mumbai,Maharashtra,Corporate,Direct
C00121,Diya Das,2023-03-22,26,Male,Vijayawada,Andhra Pradesh,Consumer,Referral
C00122,Rohan Rao,2025-04-30,26,Female,Visakhapatnam,Andhra Pradesh,Corporate,Referral
C00123,Nisha Das,2024-06-10,50,Male,Jaipur,Rajasthan,Corporate,Referral
C00124,Divya Joshi,2024-04-07,47,Other,Bengaluru,Karnataka,Small Business,Email
C00125,Arjun Nair,2026-01-03,23,Male,,Delhi,Consumer,Direct
C00126,Arjun Verma,2025-01-30,55,Female,Pune,Maharashtra,Consumer,Email
C00127,Lakshmi Naidu,2023-05-10,38,Male,Jaipur,Rajasthan,Small Business,Referral
C00128,Diya Nair,2023-03-18,44,Female,Vijayawada,Andhra Pradesh,Consumer,Email
C00129,Sneha Mehta,2026-01-11,42,Other,Chennai,Tamil Nadu,Corporate,Marketplace
C00130,Vivaan Joshi,2024-07-26,24,Male,Vijayawada,Andhra Pradesh,Consumer,Marketplace
C00131,Lakshmi Singh,2026-01-20,41,Female,Mumbai,Maharashtra,Consumer,Paid Social
C00132,Aarav Reddy,2026-05-07,47,Male,Bengaluru,Karnataka,Consumer,Paid Social
C00133,Naveen Rao,2024-02-29,31,Female,Kochi,Kerala,Consumer,Paid Social
C00134,Sandeep Kumar,2023-09-24,18,Female,Kochi,Kerala,Consumer,Organic Search
C00135,Ishita Reddy,2026-04-20,18,Female,Chennai,Tamil Nadu,Consumer,Paid Social
C00136,Kavya Das,2025-09-02,44,Male,Visakhapatnam,Andhra Pradesh,Consumer,Organic Search
C00137,Diya Nair,2025-12-03,50,Other,Ahmedabad,Gujarat,Small Business,Organic Search
C00138,Aditya Sharma,2025-06-27,43,Male,Ahmedabad,Gujarat,Consumer,Organic Search
C00139,Priya Mehta,2024-10-27,35,Other,Chennai,Tamil Nadu,Consumer,Email
C00140,Neha Naidu,2026-02-03,45,Female,Kochi,Kerala,Consumer,Paid Social
C00141,Ishita Iyer,2023-07-14,39,Male,Kolkata,West Bengal,Consumer,Referral
C00142,Aditya Iyer,2023-06-24,61,Female,Chennai,Tamil Nadu,Corporate,Referral
C00143,Ishita Verma,2026-02-24,53,Female,Chennai,Tamil Nadu,Consumer,Direct
C00144,Meera Sharma,2024-10-01,64,Other,Kolkata,West Bengal,Consumer,Paid Social
C00145,Meera Sharma,2026-02-13,48,Male,Vijayawada,Andhra Pradesh,Consumer,Marketplace
C00146,Aarav Mehta,2026-02-14,67,Other,Jaipur,Rajasthan,Corporate,Referral
C00147,Meera Reddy,2024-11-26,29,Female,Hyderabad,Telangana,Small Business,Email
C00148,Aditya Joshi,2023-03-04,43,Other,Vijayawada,Andhra Pradesh,Consumer,Marketplace
C00149,Naveen Mehta,2024-10-26,39,Female,Ahmedabad,Gujarat,Small Business,Paid Social
C00150,Kavya Verma,2024-07-11,66,Male,Chennai,Tamil Nadu,Consumer,Marketplace
C00151,Sneha Sharma,2024-12-07,35,Male,Kolkata,West Bengal,Consumer,Email
C00152,Harsha Reddy,2025-03-20,51,Female,Ahmedabad,Gujarat,Consumer,Paid Social
C00153,Nisha Joshi,2023-01-16,66,Male,Chennai,Tamil Nadu,Consumer,Marketplace
C00154,Aditya Iyer,2024-12-26,63,Other,Jaipur,Rajasthan,Consumer,Organic Search
C00155,Priya Joshi,2026-03-20,22,Other,Ahmedabad,Gujarat,Consumer,Organic Search
C00156,Kavya Naidu,2026-06-19,19,Other,Kolkata,West Bengal,Small Business,Organic Search
C00157,Aditya Iyer,2025-12-09,24,Male,Kolkata,West Bengal,Corporate,Paid Social
C00158,Vikram Gupta,2023-08-22,67,Female,Delhi,Delhi,Small Business,Referral
C00159,Kiran Sharma,2023-10-30,64,Female,Delhi,Delhi,Consumer,Paid Social
C00160,Lakshmi Nair,2023-12-29,27,Male,Kochi,Kerala,Corporate,Email
C00161,Lakshmi Singh,2024-10-23,61,Female,Ahmedabad,Gujarat,Consumer,Marketplace
C00162,Meera Gupta,2023-04-26,58,Female,Ahmedabad,Gujarat,Consumer,Marketplace
C00163,Harsha Mehta,2023-07-04,21,Other,Hyderabad,Telangana,Consumer,Email
C00164,Lakshmi Rao,2026-03-16,68,Male,Jaipur,Rajasthan,Consumer,Email
C00165,Pooja Sharma,2024-12-04,21,Other,Chennai,Tamil Nadu,Consumer,Organic Search
C00166,Harsha Patel,2025-12-06,63,Male,Mumbai,Maharashtra,Consumer,Referral
C00167,Lakshmi Verma,2023-04-18,44,Male,Kolkata,West Bengal,Consumer,Organic Search
C00168,Sai Singh,2026-05-19,61,Female,Jaipur,Rajasthan,Consumer,Paid Social
C00169,Sai Mehta,2025-03-13,37,Other,Delhi,Delhi,Small Business,Referral
C00170,Divya Joshi,2023-09-19,42,Other,Jaipur,Rajasthan,Small Business,Email
C00171,Meera Kumar,2023-02-07,59,Female,Bengaluru,Karnataka,Small Business,Referral
C00172,Diya Naidu,2023-06-08,30,Female,Ahmedabad,Gujarat,Consumer,Email
C00173,Sai Mehta,2026-06-19,51,Male,Visakhapatnam,Andhra Pradesh,Consumer,Paid Social
C00174,Vivaan Iyer,2025-06-15,67,Male,Visakhapatnam,Andhra Pradesh,Consumer,Paid Social
C00175,Kiran Gupta,2025-07-08,57,Female,Ahmedabad,Gujarat,Consumer,Marketplace
C00176,Kavya Das,2025-06-21,41,Male,Mumbai,Maharashtra,Corporate,Email
C00177,Sai Naidu,2026-05-23,44,Male,Jaipur,Rajasthan,Consumer,Marketplace
C00178,Arjun Kumar,2025-11-22,53,Female,Delhi,Delhi,Corporate,Referral
C00179,Kavya Singh,2024-03-30,50,Female,Ahmedabad,Gujarat,Consumer,Marketplace
C00180,Kiran Reddy,2025-02-06,41,Male,Jaipur,Rajasthan,Small Business,Direct
C00181,Nisha Joshi,2024-08-10,39,Female,Vijayawada,Andhra Pradesh,Corporate,Marketplace
C00182,Rahul Naidu,2024-06-08,,Female,Ahmedabad,Gujarat,Consumer,Direct
C00183,Diya Sharma,2024-05-01,51,Female,Kochi,Kerala,Consumer,Direct
C00184,Harsha Gupta,2025-10-20,47,Female,Kochi,Kerala,Consumer,Email
C00185,Meera Rao,2026-06-13,63,Other,Mumbai,Maharashtra,Consumer,Direct
C00186,Sandeep Gupta,2025-12-13,23,Other,Vijayawada,Andhra Pradesh,Consumer,Marketplace
C00187,Neha Reddy,2024-06-03,20,Male,Ahmedabad,Gujarat,Corporate,Referral
C00188,Neha Das,2026-04-06,64,Male,Mumbai,Maharashtra,Consumer,Referral
C00189,Pooja Nair,2025-08-09,39,Other,Jaipur,Rajasthan,Consumer,Paid Social
C00190,Rahul Reddy,2024-08-23,63,Female,Bengaluru,Karnataka,Small Business,Referral
C00191,Ananya Reddy,2025-08-27,50,Other,Pune,Maharashtra,Consumer,Referral
C00192,Sneha Iyer,2025-01-23,59,Other,Hyderabad,Telangana,Consumer,Marketplace
C00193,Ananya Das,2025-11-29,29,Female,Delhi,Delhi,Corporate,Organic Search
C00194,Ishita Sharma,2024-08-24,56,Female,Kolkata,West Bengal,Consumer,Referral
C00195,Meera Nair,2025-06-28,46,Female,Pune,Maharashtra,Corporate,Referral
C00196,Aditya Verma,2023-04-28,45,Other,Kochi,Kerala,Consumer,Email
C00197,Divya Das,2026-05-29,61,Male,Visakhapatnam,Andhra Pradesh,Consumer,Organic Search
C00198,Vivaan Mehta,2026-03-07,67,Female,Mumbai,Maharashtra,Consumer,Referral
C00199,Meera Iyer,2025-12-20,46,Male,Delhi,Delhi,Consumer,Paid Social
C00200,Sandeep Sharma,2025-03-03,19,Male,Bengaluru,Karnataka,Corporate,Direct
C00201,Rahul Sharma,2025-10-02,31,Female,Ahmedabad,Gujarat,Corporate,Marketplace
C00202,Divya Singh,2024-10-16,63,Other,Chennai,Tamil Nadu,Consumer,Email
C00203,Meera Gupta,2023-12-23,37,Female,Pune,Maharashtra,Consumer,Paid Social
C00204,Naveen Singh,2026-02-08,33,Male,Chennai,Tamil Nadu,Corporate,Email
C00205,Pooja Joshi,2025-03-26,57,Male,Chennai,Tamil Nadu,Consumer,Marketplace
C00206,Kavya Nair,2023-06-01,22,Other,Kochi,Kerala,Consumer,Paid Social
C00207,Sneha Gupta,2023-09-22,58,Female,Jaipur,Rajasthan,Corporate,Email
C00208,Meera Gupta,2024-04-06,37,Male,Chennai,Tamil Nadu,Corporate,Referral
C00209,Harsha Gupta,2024-09-12,58,Female,Mumbai,Maharashtra,Consumer,Paid Social
C00210,Ishita Naidu,2026-05-24,55,Other,Kochi,Kerala,Consumer,Organic Search
C00211,Lakshmi Rao,2024-06-26,20,Other,Bengaluru,Karnataka,Consumer,Direct
C00212,Nisha Rao,2024-09-10,49,Other,Hyderabad,Telangana,Consumer,Marketplace
C00213,Kavya Rao,2025-09-18,62,Male,Bengaluru,Karnataka,Consumer,Referral
C00214,Sai Das,2025-03-27,38,Male,Visakhapatnam,Andhra Pradesh,Consumer,Organic Search
C00215,Sai Sharma,2024-05-22,33,Female,Delhi,Delhi,Consumer,Marketplace
C00216,Ishita Mehta,2023-11-24,44,Other,Kochi,Kerala,Consumer,Paid Social
C00217,Aarav Sharma,2025-10-15,50,Male,Ahmedabad,Gujarat,Consumer,Paid Social
C00218,Harsha Naidu,2025-10-10,55,Other,Mumbai,Maharashtra,Consumer,Referral
C00219,Neha Singh,2024-06-25,18,Male,Jaipur,Rajasthan,Consumer,Marketplace
C00220,Aditya Iyer,2024-08-14,54,Other,Hyderabad,Telangana,Consumer,Email
C00221,Priya Singh,2023-07-18,57,Male,Pune,Maharashtra,Consumer,Referral
C00222,Vivaan Reddy,2023-03-24,30,Female,Chennai,Tamil Nadu,Corporate,Marketplace
C00223,Ishita Mehta,2023-10-14,47,Male,Jaipur,Rajasthan,Consumer,Email
C00224,Sandeep Nair,2025-11-09,37,Other,Visakhapatnam,Andhra Pradesh,Consumer,Marketplace
C00225,Naveen Kumar,2025-05-03,41,Other,Hyderabad,Telangana,Small Business,Direct
C00226,Naveen Rao,2026-03-30,56,Other,Hyderabad,Telangana,Consumer,Marketplace
C00227,Sai Naidu,2025-02-17,51,Other,Chennai,Tamil Nadu,Consumer,Email
C00228,Sai Iyer,2025-05-07,25,Other,Visakhapatnam,Andhra Pradesh,Consumer,Email
C00229,Pooja Patel,2023-05-08,48,Other,Kochi,Kerala,Consumer,Referral
C00230,Kavya Gupta,2023-12-21,48,Male,Vijayawada,Andhra Pradesh,Consumer,Direct
C00231,Nisha Rao,2026-06-03,61,Female,Visakhapatnam,Andhra Pradesh,Consumer,Referral
C00232,Ishita Nair,2025-09-28,37,Male,Mumbai,Maharashtra,Consumer,Direct
C00233,Priya Naidu,2025-02-16,36,Male,Pune,Maharashtra,Small Business,Paid Social
C00234,Kavya Verma,2024-12-10,20,Male,Pune,Maharashtra,Corporate,Paid Social
C00235,Sai Sharma,2024-07-10,52,Other,Mumbai,Maharashtra,Corporate,Paid Social
C00236,Vivaan Sharma,2024-04-21,21,Male,Mumbai,Maharashtra,Consumer,Marketplace
C00237,Rohan Iyer,2026-02-01,61,Other,,Karnataka,Small Business,Marketplace
C00238,Diya Verma,2024-10-19,59,Female,Ahmedabad,Gujarat,Small Business,Organic Search
C00239,Rohan Iyer,2023-03-18,54,Female,Vijayawada,Andhra Pradesh,Small Business,Organic Search
C00240,Vivaan Reddy,2024-08-15,68,Male,Kolkata,West Bengal,Consumer,Organic Search
C00241,Nisha Patel,2025-12-09,36,Other,Delhi,Delhi,Consumer,Paid Social
C00242,Pooja Patel,2024-06-10,39,Female,Bengaluru,Karnataka,Corporate,Referral
C00243,Sneha Gupta,2025-04-10,61,Male,Kochi,Kerala,Consumer,Direct
C00244,Aarav Kumar,2024-05-23,29,Male,Bengaluru,Karnataka,Consumer,Referral
C00245,Lakshmi Singh,2024-06-19,37,Other,Delhi,Delhi,Consumer,Direct
C00246,Pooja Das,2025-10-26,47,Male,Bengaluru,Karnataka,Consumer,Direct
C00247,Nisha Patel,2023-10-01,41,Male,Pune,Maharashtra,Corporate,Email
C00248,Divya Naidu,2026-01-05,44,Female,Delhi,Delhi,Corporate,Direct
C00249,Aditya Mehta,2025-01-10,68,Female,Kochi,Kerala,Consumer,Email
C00250,Vikram Nair,2024-11-02,30,Female,Jaipur,Rajasthan,Consumer,Direct
C00251,Kavya Patel,2023-04-24,49,Other,Kochi,Kerala,Consumer,Email
C00252,Priya Kumar,2023-02-14,53,Female,Hyderabad,Telangana,Corporate,Email
C00253,Vivaan Sharma,2026-01-13,20,Male,Bengaluru,Karnataka,Consumer,Marketplace
C00254,Meera Iyer,2025-05-10,67,Male,Chennai,Tamil Nadu,Small Business,Marketplace
C00255,Sai Verma,2026-01-09,23,Male,Kolkata,West Bengal,Consumer,Email
C00256,Aarav Kumar,2023-01-08,51,Male,Kolkata,West Bengal,Consumer,Email
C00257,Meera Patel,2025-08-01,52,Male,Kolkata,West Bengal,Consumer,Direct
C00258,Kiran Rao,2023-02-02,20,Female,Bengaluru,Karnataka,Consumer,Organic Search
C00259,Neha Reddy,2024-05-16,56,Male,Ahmedabad,Gujarat,Consumer,Email
C00260,Diya Rao,2025-10-28,66,Other,Mumbai,Maharashtra,Consumer,Email
C00261,Sai Verma,2024-09-10,67,Other,Kochi,Kerala,Consumer,Referral
C00262,Lakshmi Verma,2023-12-25,21,Male,Pune,Maharashtra,Consumer,Organic Search
C00263,Pooja Iyer,2024-10-14,59,Male,Delhi,Delhi,Consumer,Marketplace
C00264,Diya Naidu,2024-04-06,66,Other,Chennai,Tamil Nadu,Consumer,Marketplace
C00265,Sai Iyer,2025-12-21,53,Female,Hyderabad,Telangana,Consumer,Referral
C00266,Sandeep Joshi,2023-07-09,23,Female,Vijayawada,Andhra Pradesh,Consumer,Marketplace
C00267,Naveen Joshi,2024-01-21,56,Other,Vijayawada,Andhra Pradesh,Consumer,Marketplace
C00268,Rahul Joshi,2024-03-09,39,Female,Mumbai,Maharashtra,Corporate,Marketplace
C00269,Sandeep Singh,2024-05-05,62,Male,Mumbai,Maharashtra,Consumer,Email
C00270,Kavya Sharma,2025-10-15,40,Other,Vijayawada,Andhra Pradesh,Consumer,Referral
C00271,Neha Patel,2024-03-29,41,Female,Mumbai,Maharashtra,Consumer,Email
C00272,Kiran Iyer,2024-11-06,64,Other,Kochi,Kerala,Corporate,Marketplace
C00273,Neha Verma,2025-09-27,59,Other,Jaipur,Rajasthan,Consumer,Paid Social
C00274,Nisha Patel,2026-01-24,68,Other,Visakhapatnam,Andhra Pradesh,Small Business,Organic Search
C00275,Aarav Iyer,2023-04-10,20,Female,Jaipur,Rajasthan,Corporate,Paid Social
C00276,Meera Reddy,2025-07-22,63,Other,Bengaluru,Karnataka,Consumer,Email
C00277,Sneha Reddy,2026-02-03,60,Female,,Gujarat,Consumer,Referral
C00278,Rohan Sharma,2025-05-31,,Female,Jaipur,Rajasthan,Consumer,Paid Social
C00279,Priya Sharma,2024-07-01,57,Male,Mumbai,Maharashtra,Small Business,Marketplace
C00280,Lakshmi Naidu,2023-06-15,33,Other,Kochi,Kerala,Corporate,Organic Search
C00281,Pooja Patel,2023-01-20,42,Female,Kolkata,West Bengal,Consumer,Marketplace
C00282,Vikram Reddy,2023-07-15,68,Female,Vijayawada,Andhra Pradesh,Consumer,Direct
C00283,Sandeep Mehta,2024-07-28,48,Other,Kochi,Kerala,Consumer,Referral
C00284,Aditya Kumar,2025-03-26,31,Female,Hyderabad,Telangana,Consumer,Email
C00285,Pooja Joshi,2023-10-14,61,Female,Kolkata,West Bengal,Consumer,Referral
C00286,Harsha Das,2024-11-28,24,Other,Hyderabad,Telangana,Small Business,Marketplace
C00287,Nisha Rao,2025-07-11,19,Male,Delhi,Delhi,Consumer,Marketplace
C00288,Harsha Kumar,2023-06-25,29,Female,Kolkata,West Bengal,Corporate,Organic Search
C00289,Neha Iyer,2023-11-12,27,Male,Pune,Maharashtra,Consumer,Organic Search
C00290,Sai Sharma,2023-07-29,37,Female,Hyderabad,Telangana,Consumer,Email
C00291,Sandeep Sharma,2024-12-25,50,Other,Jaipur,Rajasthan,Consumer,Referral
C00292,Neha Gupta,2023-06-23,18,Female,Kolkata,West Bengal,Consumer,Paid Social
C00293,Nisha Patel,2024-07-03,42,Female,Vijayawada,Andhra Pradesh,Consumer,Referral
C00294,Kiran Joshi,2024-05-30,37,Other,Kolkata,West Bengal,Consumer,Email
C00295,Ishita Naidu,2025-03-21,47,Other,Mumbai,Maharashtra,Consumer,Referral
C00296,Sai Kumar,2026-05-02,39,Male,Ahmedabad,Gujarat,Consumer,Direct
C00297,Diya Joshi,2024-10-15,48,Other,Mumbai,Maharashtra,Consumer,Email
C00298,Meera Sharma,2025-03-15,38,Other,Mumbai,Maharashtra,Consumer,Email
C00299,Pooja Rao,2025-08-03,61,Male,Chennai,Tamil Nadu,Corporate,Direct
C00300,Lakshmi Kumar,2023-10-13,68,Female,Bengaluru,Karnataka,Consumer,Paid Social
C00301,Nisha Mehta,2026-05-09,45,Male,Visakhapatnam,Andhra Pradesh,Consumer,Direct
C00302,Harsha Verma,2026-01-04,52,Female,Kolkata,West Bengal,Consumer,Paid Social
C00303,Naveen Verma,2023-04-01,60,Other,Vijayawada,Andhra Pradesh,Consumer,Referral
C00304,Neha Gupta,2025-11-11,,Other,Kolkata,West Bengal,Consumer,Email
C00305,Pooja Gupta,2026-04-20,46,Female,Mumbai,Maharashtra,Consumer,Organic Search
C00306,Arjun Naidu,2023-06-25,24,Other,Ahmedabad,Gujarat,Consumer,Referral
C00307,Nisha Sharma,2024-12-14,47,Male,Delhi,Delhi,Corporate,Marketplace
C00308,Aarav Naidu,2023-08-24,22,Male,Delhi,Delhi,Consumer,Direct
C00309,Ishita Gupta,2023-11-24,65,Male,Chennai,Tamil Nadu,Small Business,Paid Social
C00310,Priya Reddy,2025-06-04,58,Other,Kolkata,West Bengal,Consumer,Paid Social
C00311,Rahul Kumar,2024-03-15,55,Other,,Gujarat,Corporate,Organic Search
C00312,Ishita Rao,2025-01-19,24,Male,Kochi,Kerala,Consumer,Direct
C00313,Harsha Iyer,2025-03-06,51,Other,Ahmedabad,Gujarat,Consumer,Referral
C00314,Harsha Mehta,2024-09-01,57,Female,Ahmedabad,Gujarat,Consumer,Referral
C00315,Vikram Iyer,2023-10-17,33,Male,Bengaluru,Karnataka,Consumer,Email
C00316,Sandeep Patel,2023-12-21,45,Male,Kolkata,West Bengal,Consumer,Paid Social
C00317,Nisha Patel,2023-01-20,46,Female,Delhi,Delhi,Corporate,Email
C00318,Pooja Naidu,2025-05-01,59,Male,Jaipur,Rajasthan,Consumer,Organic Search
C00319,Ananya Rao,2023-03-08,19,Other,Kochi,Kerala,Consumer,Marketplace
C00320,Arjun Mehta,2025-11-12,65,Female,Kochi,Kerala,Consumer,Email
C00321,Sandeep Rao,2025-06-22,52,Male,Delhi,Delhi,Consumer,Direct
C00322,Meera Naidu,2024-06-22,37,Female,Mumbai,Maharashtra,Consumer,Organic Search
C00323,Pooja Mehta,2024-12-19,31,Other,Mumbai,Maharashtra,Consumer,Email
C00324,Naveen Singh,2023-05-02,68,Other,Chennai,Tamil Nadu,Consumer,Email
C00325,Ananya Naidu,2026-03-18,38,Other,Chennai,Tamil Nadu,Small Business,Direct
C00326,Ananya Naidu,2023-05-02,26,Other,Bengaluru,Karnataka,Consumer,Paid Social
C00327,Nisha Patel,2025-03-15,27,Other,Mumbai,Maharashtra,Consumer,Direct
C00328,Priya Gupta,2023-07-10,42,Other,Kolkata,West Bengal,Consumer,Referral
C00329,Neha Nair,2023-07-10,49,Other,,Gujarat,Consumer,Referral
C00330,Rahul Nair,2025-05-29,68,Male,Bengaluru,Karnataka,Consumer,Referral
C00331,Ishita Verma,2025-09-20,53,Female,Delhi,Delhi,Consumer,Direct
C00332,Kavya Reddy,2025-06-22,19,Male,Ahmedabad,Gujarat,Consumer,Direct
C00333,Aditya Verma,2024-07-15,59,Male,Chennai,Tamil Nadu,Consumer,Referral
C00334,Neha Joshi,2024-09-17,59,Female,Vijayawada,Andhra Pradesh,Consumer,Organic Search
C00335,Naveen Rao,2023-09-29,,Other,Visakhapatnam,Andhra Pradesh,Consumer,Organic Search
C00336,Pooja Patel,2025-05-14,62,Male,Hyderabad,Telangana,Consumer,Marketplace
C00337,Diya Patel,2025-01-22,64,Male,Bengaluru,Karnataka,Corporate,Paid Social
C00338,Harsha Verma,2023-01-18,61,Female,Vijayawada,Andhra Pradesh,Consumer,Direct
C00339,Divya Nair,2026-06-15,58,Female,Mumbai,Maharashtra,Consumer,Organic Search
C00340,Sneha Singh,2024-12-20,66,Female,Chennai,Tamil Nadu,Consumer,Direct
C00341,Diya Das,2026-05-29,33,Other,Bengaluru,Karnataka,Consumer,Direct
C00342,Diya Verma,2025-03-13,31,Female,Pune,Maharashtra,Corporate,Paid Social
C00343,Aditya Gupta,2026-05-01,42,Female,Ahmedabad,Gujarat,Small Business,Referral
C00344,Sandeep Verma,2025-01-18,42,Female,Chennai,Tamil Nadu,Corporate,Organic Search
C00345,Vivaan Das,2023-03-23,55,Male,Hyderabad,Telangana,Consumer,Direct
C00346,Aditya Verma,2025-04-03,50,Other,Visakhapatnam,Andhra Pradesh,Consumer,Paid Social
C00347,Sai Gupta,2024-02-21,23,Male,Pune,Maharashtra,Consumer,Direct
C00348,Neha Naidu,2025-06-14,61,Female,Vijayawada,Andhra Pradesh,Consumer,Organic Search
C00349,Divya Joshi,2024-09-25,25,Other,Kolkata,West Bengal,Corporate,Organic Search
C00350,Meera Gupta,2025-10-13,63,Other,,Telangana,Corporate,Direct
C00351,Neha Sharma,2024-07-04,28,Female,Pune,Maharashtra,Consumer,Marketplace
C00352,Lakshmi Sharma,2026-03-26,51,Male,Pune,Maharashtra,Consumer,Referral
C00353,Ananya Das,2023-11-19,49,Female,Hyderabad,Telangana,Small Business,Direct
C00354,Aarav Rao,2023-04-01,25,Female,Visakhapatnam,Andhra Pradesh,Consumer,Marketplace
C00355,Pooja Joshi,2026-02-06,29,Other,Chennai,Tamil Nadu,Consumer,Referral
C00356,Naveen Singh,2023-06-09,44,Female,Mumbai,Maharashtra,Consumer,Organic Search
C00357,Aditya Nair,2025-04-01,32,Male,Chennai,Tamil Nadu,Corporate,Referral
C00358,Diya Mehta,2024-02-15,23,Male,,Delhi,Corporate,Paid Social
C00359,Neha Gupta,2024-02-05,41,Female,Ahmedabad,Gujarat,Consumer,Marketplace
C00360,Ishita Reddy,2023-01-20,32,Other,Hyderabad,Telangana,Consumer,Direct
C00361,Sneha Nair,2024-05-02,37,Female,Visakhapatnam,Andhra Pradesh,Small Business,Paid Social
C00362,Sneha Joshi,2025-11-30,35,Male,Visakhapatnam,Andhra Pradesh,Consumer,Direct
C00363,Aditya Mehta,2025-03-18,55,Other,Bengaluru,Karnataka,Consumer,Direct
C00364,Pooja Naidu,2025-03-15,33,Other,Chennai,Tamil Nadu,Consumer,Marketplace
C00365,Arjun Patel,2026-04-12,32,Female,Pune,Maharashtra,Consumer,Marketplace
C00366,Kavya Kumar,2024-03-01,44,Male,Delhi,Delhi,Consumer,Organic Search
C00367,Vivaan Rao,2026-05-20,28,Male,Bengaluru,Karnataka,Consumer,Direct
C00368,Ananya Naidu,2024-09-04,40,Female,Mumbai,Maharashtra,Consumer,Marketplace
C00369,Arjun Das,2025-08-04,53,Female,Ahmedabad,Gujarat,Consumer,Organic Search
C00370,Naveen Mehta,2023-06-22,26,Male,Mumbai,Maharashtra,Small Business,Organic Search
C00371,Aditya Naidu,2023-09-21,22,Male,Hyderabad,Telangana,Consumer,Marketplace
C00372,Nisha Reddy,2025-03-19,28,Male,Hyderabad,Telangana,Consumer,Paid Social
C00373,Sai Reddy,2025-07-02,31,Other,Delhi,Delhi,Consumer,Paid Social
C00374,Vivaan Sharma,2025-09-08,36,Male,Vijayawada,Andhra Pradesh,Consumer,Marketplace
C00375,Aarav Iyer,2026-01-18,59,Other,Mumbai,Maharashtra,Consumer,Email
C00376,Ananya Patel,2025-03-06,40,Female,Ahmedabad,Gujarat,Consumer,Paid Social
C00377,Vikram Singh,2025-08-24,67,Other,Hyderabad,Telangana,Small Business,Paid Social
C00378,Kiran Mehta,2023-04-25,33,Male,Bengaluru,Karnataka,Consumer,Paid Social
C00379,Naveen Reddy,2025-01-04,33,Other,Chennai,Tamil Nadu,Corporate,Email
C00380,Sandeep Kumar,2025-10-05,27,Female,Kochi,Kerala,Consumer,Organic Search
C00381,Aarav Singh,2025-09-05,32,Other,Hyderabad,Telangana,Consumer,Paid Social
C00382,Vivaan Reddy,2024-10-24,63,Female,Delhi,Delhi,Consumer,Paid Social
C00383,Pooja Verma,2025-02-04,51,Male,Bengaluru,Karnataka,Consumer,Referral
C00384,Lakshmi Nair,2025-06-13,38,Other,Pune,Maharashtra,Consumer,Direct
C00385,Kiran Verma,2024-12-31,62,Other,Jaipur,Rajasthan,Corporate,Marketplace
C00386,Pooja Mehta,2023-01-04,64,Male,Pune,Maharashtra,Corporate,Email
C00387,Kiran Verma,2026-06-06,29,Other,Hyderabad,Telangana,Consumer,Marketplace
C00388,Rohan Verma,2024-10-16,39,Female,Chennai,Tamil Nadu,Corporate,Direct
C00389,Rahul Rao,2024-06-27,64,Other,Vijayawada,Andhra Pradesh,Consumer,Referral
C00390,Rohan Iyer,2025-05-09,,Male,Bengaluru,Karnataka,Small Business,Referral
C00391,Lakshmi Das,2026-03-29,42,Other,Jaipur,Rajasthan,Consumer,Marketplace
C00392,Aditya Singh,2023-08-03,20,Female,Bengaluru,Karnataka,Small Business,Paid Social
C00393,Ishita Mehta,2023-07-10,22,Other,Visakhapatnam,Andhra Pradesh,Small Business,Direct
C00394,Rohan Reddy,2025-06-08,45,Female,Hyderabad,Telangana,Consumer,Paid Social
C00395,Ananya Verma,2026-01-11,62,Male,Kolkata,West Bengal,Consumer,Organic Search
C00396,Vivaan Singh,2023-11-11,43,Female,Hyderabad,Telangana,Consumer,Referral
C00397,Rahul Patel,2023-02-22,58,Other,Vijayawada,Andhra Pradesh,Consumer,Organic Search
C00398,Divya Kumar,2025-09-28,25,Female,Ahmedabad,Gujarat,Consumer,Marketplace
C00399,Vivaan Kumar,2025-07-01,41,Male,Chennai,Tamil Nadu,Consumer,Paid Social
C00400,Aditya Verma,2023-07-18,54,Male,Pune,Maharashtra,Corporate,Marketplace
C00401,Sneha Gupta,2025-12-06,32,Other,Kochi,Kerala,Small Business,Marketplace
C00402,Vikram Mehta,2023-03-13,33,Other,Kochi,Kerala,Corporate,Direct
C00403,Rohan Rao,2023-12-21,27,Female,Kochi,Kerala,Consumer,Marketplace
C00404,Harsha Kumar,2023-10-30,61,Male,Bengaluru,Karnataka,Small Business,Organic Search
C00405,Vikram Nair,2024-07-19,42,Female,Bengaluru,Karnataka,Corporate,Email
C00406,Sai Mehta,2023-11-03,51,Other,Kochi,Kerala,Consumer,Organic Search
C00407,Meera Iyer,2026-01-01,54,Male,Bengaluru,Karnataka,Consumer,Marketplace
C00408,Sai Mehta,2025-04-05,56,Other,Kochi,Kerala,Consumer,Marketplace
C00409,Vivaan Joshi,2024-05-01,43,Male,Hyderabad,Telangana,Small Business,Referral
C00410,Nisha Naidu,2024-07-28,39,Other,Hyderabad,Telangana,Consumer,Paid Social
C00411,Ananya Joshi,2024-10-19,37,Male,Chennai,Tamil Nadu,Consumer,Organic Search
C00412,Vikram Naidu,2025-09-19,46,Male,Mumbai,Maharashtra,Corporate,Email
C00413,Vikram Mehta,2023-10-05,22,Female,Chennai,Tamil Nadu,Consumer,Paid Social
C00414,Pooja Rao,2025-01-08,33,Male,Hyderabad,Telangana,Consumer,Marketplace
C00415,Kiran Singh,2023-03-04,43,Male,Jaipur,Rajasthan,Consumer,Paid Social
C00416,Neha Naidu,2024-06-13,55,Other,Ahmedabad,Gujarat,Consumer,Organic Search
C00417,Kiran Verma,2024-03-14,21,Female,Kolkata,West Bengal,Consumer,Referral
C00418,Nisha Patel,2023-01-19,44,Other,Vijayawada,Andhra Pradesh,Consumer,Organic Search
C00419,Sneha Iyer,2024-07-17,34,Male,Mumbai,Maharashtra,Consumer,Paid Social
C00420,Naveen Sharma,2025-03-24,37,Female,Ahmedabad,Gujarat,Consumer,Direct
C00421,Divya Sharma,2024-09-03,53,Male,Delhi,Delhi,Consumer,Referral
C00422,Rahul Patel,2024-09-03,38,Other,Vijayawada,Andhra Pradesh,Corporate,Organic Search
C00423,Lakshmi Nair,2023-02-22,43,Male,Kochi,Kerala,Consumer,Marketplace
C00424,Rahul Singh,2026-03-17,42,Other,Kolkata,West Bengal,Corporate,Direct
C00425,Vikram Kumar,2025-01-04,58,Female,Jaipur,Rajasthan,Corporate,Email
C00426,Neha Das,2024-06-13,36,Other,Chennai,Tamil Nadu,Corporate,Paid Social
C00427,Neha Naidu,2024-04-02,39,Male,Vijayawada,Andhra Pradesh,Consumer,Referral
C00428,Nisha Reddy,2023-08-30,34,Other,Delhi,Delhi,Consumer,Email
C00429,Vikram Kumar,2025-02-20,48,Male,Bengaluru,Karnataka,Consumer,Paid Social
C00430,Sai Singh,2025-07-26,30,Other,Chennai,Tamil Nadu,Consumer,Organic Search
C00431,Aarav Nair,2023-04-29,39,Male,Ahmedabad,Gujarat,Consumer,Paid Social
C00432,Sai Mehta,2023-06-30,66,Male,Kochi,Kerala,Consumer,Marketplace
C00433,Neha Singh,2024-02-13,48,Female,Kolkata,West Bengal,Small Business,Email
C00434,Kiran Joshi,2024-05-24,19,Male,Mumbai,Maharashtra,Consumer,Organic Search
C00435,Diya Kumar,2023-04-04,50,Male,Kolkata,West Bengal,Corporate,Email
C00436,Ishita Nair,2023-10-02,39,Male,Jaipur,Rajasthan,Corporate,Paid Social
C00437,Rahul Joshi,2023-09-26,19,Female,Kolkata,West Bengal,Consumer,Paid Social
C00438,Lakshmi Kumar,2025-02-07,41,Other,Bengaluru,Karnataka,Consumer,Email
C00439,Pooja Sharma,2023-04-09,60,Male,Hyderabad,Telangana,Consumer,Organic Search
C00440,Diya Iyer,2023-01-20,34,Other,Jaipur,Rajasthan,Consumer,Email
C00441,Vikram Joshi,2023-08-03,57,Other,Pune,Maharashtra,Consumer,Organic Search
C00442,Vikram Rao,2024-06-22,49,Male,Bengaluru,Karnataka,Corporate,Referral
C00443,Ishita Rao,2025-09-11,20,Female,Chennai,Tamil Nadu,Consumer,Organic Search
C00444,Vikram Sharma,2023-07-04,54,Other,Bengaluru,Karnataka,Corporate,Referral
C00445,Kavya Reddy,2024-06-24,32,Female,Vijayawada,Andhra Pradesh,Corporate,Organic Search
C00446,Arjun Naidu,2023-08-26,41,Female,Pune,Maharashtra,Consumer,Paid Social
C00447,Harsha Kumar,2025-06-15,59,Other,Vijayawada,Andhra Pradesh,Consumer,Referral
C00448,Priya Joshi,2024-07-10,25,Male,Chennai,Tamil Nadu,Corporate,Direct
C00449,Arjun Iyer,2023-11-23,25,Other,Chennai,Tamil Nadu,Consumer,Email
C00450,Harsha Reddy,2025-01-04,46,Other,Vijayawada,Andhra Pradesh,Small Business,Direct
C00451,Kavya Reddy,2025-04-22,48,Female,Chennai,Tamil Nadu,Consumer,Referral
C00452,Neha Mehta,2026-03-26,63,Female,Hyderabad,Telangana,Small Business,Direct
C00453,Sneha Verma,2023-07-15,51,Other,Delhi,Delhi,Consumer,Referral
C00454,Harsha Reddy,2026-02-17,61,Female,Vijayawada,Andhra Pradesh,Consumer,Paid Social
C00455,Nisha Singh,2023-06-03,48,Female,Jaipur,Rajasthan,Consumer,Referral
C00456,Kiran Sharma,2025-04-05,50,Male,Hyderabad,Telangana,Consumer,Email
C00457,Nisha Joshi,2023-09-01,23,Other,Ahmedabad,Gujarat,Consumer,Marketplace
C00458,Harsha Mehta,2023-07-06,20,Other,,West Bengal,Consumer,Email
C00459,Meera Naidu,2024-11-29,31,Female,Jaipur,Rajasthan,Corporate,Marketplace
C00460,Pooja Nair,2025-01-14,53,Female,Delhi,Delhi,Consumer,Direct
C00461,Sandeep Gupta,2024-08-20,18,Male,Mumbai,Maharashtra,Corporate,Organic Search
C00462,Arjun Kumar,2025-04-18,49,Other,Chennai,Tamil Nadu,Consumer,Organic Search
C00463,Arjun Das,2024-11-23,31,Male,Kolkata,West Bengal,Consumer,Direct
C00464,Divya Mehta,2025-07-25,55,Other,Vijayawada,Andhra Pradesh,Consumer,Marketplace
C00465,Naveen Nair,2025-06-05,51,Other,Hyderabad,Telangana,Corporate,Paid Social
C00466,Priya Verma,2023-08-01,55,Other,Visakhapatnam,Andhra Pradesh,Consumer,Referral
C00467,Ananya Iyer,2024-05-23,42,Male,Jaipur,Rajasthan,Small Business,Marketplace
C00468,Diya Naidu,2025-11-15,26,Other,Chennai,Tamil Nadu,Consumer,Referral
C00469,Rahul Mehta,2024-02-16,65,Other,Visakhapatnam,Andhra Pradesh,Consumer,Referral
C00470,Vikram Gupta,2023-12-31,26,Other,Vijayawada,Andhra Pradesh,Consumer,Direct
C00471,Divya Joshi,2026-03-14,66,Male,Bengaluru,Karnataka,Consumer,Email
C00472,Priya Patel,2023-02-21,45,Female,Pune,Maharashtra,Consumer,Paid Social
C00473,Sai Naidu,2024-05-28,66,Female,Pune,Maharashtra,Consumer,Referral
C00474,Arjun Mehta,2025-07-15,66,Other,Mumbai,Maharashtra,Corporate,Paid Social
C00475,Pooja Verma,2024-08-12,59,Female,Visakhapatnam,Andhra Pradesh,Small Business,Marketplace
C00476,Vivaan Reddy,2026-02-04,68,Other,Kolkata,West Bengal,Consumer,Email
C00477,Naveen Gupta,2025-01-23,32,Other,Ahmedabad,Gujarat,Consumer,Direct
C00478,Rohan Patel,2023-06-02,36,Other,Mumbai,Maharashtra,Consumer,Marketplace
C00479,Naveen Naidu,2023-11-26,45,Male,Hyderabad,Telangana,Consumer,Marketplace
C00480,Vivaan Das,2026-05-07,27,Other,Visakhapatnam,Andhra Pradesh,Consumer,Direct
C00481,Pooja Singh,2023-05-30,49,Other,Pune,Maharashtra,Consumer,Paid Social
C00482,Sandeep Iyer,2026-01-17,22,Female,Jaipur,Rajasthan,Consumer,Paid Social
C00483,Vikram Nair,2026-06-20,39,Other,Vijayawada,Andhra Pradesh,Corporate,Direct
C00484,Harsha Rao,2026-06-10,25,Female,Hyderabad,Telangana,Consumer,Referral
C00485,Neha Kumar,2026-01-11,68,Female,Kolkata,West Bengal,Small Business,Referral
C00486,Ishita Gupta,2024-01-30,50,Female,Jaipur,Rajasthan,Small Business,Paid Social
C00487,Divya Iyer,2024-03-12,,Female,Jaipur,Rajasthan,Consumer,Direct
C00488,Neha Verma,2023-05-28,67,Female,Visakhapatnam,Andhra Pradesh,Consumer,Direct
C00489,Sandeep Sharma,2024-05-30,20,Other,Delhi,Delhi,Corporate,Referral
C00490,Aarav Iyer,2024-10-09,42,Other,Kolkata,West Bengal,Consumer,Organic Search
C00491,Vivaan Joshi,2026-04-14,64,Female,Vijayawada,Andhra Pradesh,Consumer,Email
C00492,Diya Das,2023-06-27,36,Male,Bengaluru,Karnataka,Consumer,Direct
C00493,Sandeep Kumar,2025-03-11,48,Other,Hyderabad,Telangana,Consumer,Direct
C00494,Sandeep Patel,2026-02-07,59,Female,Visakhapatnam,Andhra Pradesh,Consumer,Email
C00495,Rahul Joshi,2024-09-16,43,Other,Kochi,Kerala,Small Business,Referral
C00496,Rohan Patel,2023-10-19,44,Female,Mumbai,Maharashtra,Consumer,Referral
C00497,Sandeep Nair,2023-04-22,25,Other,Mumbai,Maharashtra,Consumer,Referral
C00498,Nisha Singh,2026-04-04,22,Male,Vijayawada,Andhra Pradesh,Consumer,Direct
C00499,Ishita Nair,2024-02-01,24,Male,Mumbai,Maharashtra,Consumer,Direct
C00500,Ishita Iyer,2025-01-16,62,Female,Pune,Maharashtra,Consumer,Paid Social
C00501,Sai Verma,2025-01-06,63,Other,Mumbai,Maharashtra,Consumer,Marketplace
C00502,Arjun Patel,2026-02-03,46,Other,Ahmedabad,Gujarat,Consumer,Referral
C00503,Neha Sharma,2023-06-06,52,Female,Chennai,Tamil Nadu,Corporate,Direct
C00504,Vivaan Gupta,2024-03-11,55,Male,Hyderabad,Telangana,Consumer,Email
C00505,Naveen Joshi,2024-04-02,59,Male,Ahmedabad,Gujarat,Consumer,Email
C00506,Harsha Verma,2024-05-04,23,Female,Jaipur,Rajasthan,Corporate,Paid Social
C00507,Neha Joshi,2023-10-27,28,Male,Ahmedabad,Gujarat,Small Business,Organic Search
C00508,Kiran Reddy,2025-01-26,66,Other,Mumbai,Maharashtra,Consumer,Referral
C00509,Lakshmi Singh,2023-03-23,48,Female,Kolkata,West Bengal,Corporate,Email
C00510,Naveen Patel,2026-01-19,35,Male,Vijayawada,Andhra Pradesh,Consumer,Referral
C00511,Priya Rao,2024-05-30,59,Other,Kochi,Kerala,Consumer,Referral
C00512,Sai Nair,2025-10-24,68,Female,Ahmedabad,Gujarat,Consumer,Email
C00513,Harsha Joshi,2025-01-11,35,Female,Vijayawada,Andhra Pradesh,Consumer,Marketplace
C00514,Rahul Mehta,2025-09-08,64,Female,Delhi,Delhi,Consumer,Marketplace
C00515,Sai Verma,2023-11-26,33,Other,Hyderabad,Telangana,Consumer,Email
C00516,Priya Mehta,2025-11-24,21,Other,Chennai,Tamil Nadu,Consumer,Direct
C00517,Kavya Mehta,2024-03-19,60,Male,Visakhapatnam,Andhra Pradesh,Small Business,Paid Social
C00518,Harsha Verma,2024-01-08,44,Other,Mumbai,Maharashtra,Consumer,Direct
C00519,Kiran Iyer,2023-05-21,39,Male,Vijayawada,Andhra Pradesh,Consumer,Organic Search
C00520,Sai Mehta,2025-05-09,51,Female,Mumbai,Maharashtra,Consumer,Email
C00521,Aditya Nair,2023-08-29,20,Other,Kochi,Kerala,Consumer,Email
C00522,Vikram Iyer,2025-06-02,18,Male,Jaipur,Rajasthan,Small Business,Direct
C00523,Meera Mehta,2025-02-19,45,Other,Jaipur,Rajasthan,Small Business,Direct
C00524,Aditya Kumar,2024-04-21,24,Other,Kochi,Kerala,Small Business,Marketplace
C00525,Naveen Gupta,2023-01-15,,Female,Pune,Maharashtra,Consumer,Marketplace
C00526,Arjun Patel,2025-01-11,31,Male,Vijayawada,Andhra Pradesh,Consumer,Referral
C00527,Divya Iyer,2024-07-18,52,Female,Pune,Maharashtra,Consumer,Email
C00528,Diya Mehta,2024-06-03,29,Male,Ahmedabad,Gujarat,Corporate,Marketplace
C00529,Kavya Das,2024-04-15,26,Other,Visakhapatnam,Andhra Pradesh,Small Business,Organic Search
C00530,Harsha Joshi,2026-02-01,50,Other,Mumbai,Maharashtra,Corporate,Paid Social
C00531,Nisha Mehta,2023-10-25,,Male,Kolkata,West Bengal,Consumer,Referral
C00532,Priya Mehta,2025-02-26,41,Other,Mumbai,Maharashtra,Consumer,Direct
C00533,Kavya Reddy,2025-10-09,21,Female,Kochi,Kerala,Corporate,Email
C00534,Pooja Rao,2025-11-22,30,Other,Pune,Maharashtra,Consumer,Organic Search
C00535,Ananya Das,2023-06-27,33,Male,Delhi,Delhi,Consumer,Marketplace
C00536,Aditya Gupta,2023-05-21,55,Male,,West Bengal,Corporate,Email
C00537,Harsha Rao,2024-04-08,40,Male,Kochi,Kerala,Small Business,Email
C00538,Aditya Gupta,2026-02-18,34,Male,Hyderabad,Telangana,Consumer,Organic Search
C00539,Ananya Joshi,2026-03-23,34,Male,Jaipur,Rajasthan,Small Business,Email
C00540,Divya Nair,2025-07-28,67,Other,Ahmedabad,Gujarat,Small Business,Marketplace
C00541,Divya Joshi,2024-03-27,34,Female,Bengaluru,Karnataka,Corporate,Marketplace
C00542,Kiran Kumar,2024-06-23,51,Female,Delhi,Delhi,Consumer,Direct
C00543,Meera Rao,2024-10-04,22,Other,Delhi,Delhi,Consumer,Direct
C00544,Ananya Rao,2024-05-10,30,Female,Vijayawada,Andhra Pradesh,Consumer,Paid Social
C00545,Divya Verma,2023-06-10,40,Male,Kochi,Kerala,Consumer,Email
C00546,Ananya Nair,2026-03-22,48,Female,Hyderabad,Telangana,Small Business,Email
C00547,Vikram Das,2023-04-21,43,Male,Pune,Maharashtra,Consumer,Email
C00548,Kavya Sharma,2023-12-24,50,Other,Hyderabad,Telangana,Consumer,Referral
C00549,Arjun Singh,2026-04-04,,Male,Visakhapatnam,Andhra Pradesh,Consumer,Referral
C00550,Ishita Singh,2026-06-09,53,Female,Chennai,Tamil Nadu,Consumer,Paid Social
C00551,Ananya Nair,2025-03-31,62,Female,Kolkata,West Bengal,Consumer,Email
C00552,Sandeep Iyer,2024-04-27,32,Male,Vijayawada,Andhra Pradesh,Consumer,Direct
C00553,Sai Naidu,2025-10-20,48,Other,Chennai,Tamil Nadu,Consumer,Direct
C00554,Vivaan Iyer,2026-03-08,68,Female,Delhi,Delhi,Consumer,Organic Search
C00555,Neha Singh,2025-07-10,34,Male,Mumbai,Maharashtra,Consumer,Email
C00556,Divya Mehta,2024-12-20,34,Female,Jaipur,Rajasthan,Consumer,Direct
C00557,Ishita Verma,2024-12-28,52,Other,Vijayawada,Andhra Pradesh,Consumer,Direct
C00558,Rohan Verma,2023-10-24,23,Male,Ahmedabad,Gujarat,Consumer,Email
C00559,Ishita Rao,2023-11-28,43,Male,Kochi,Kerala,Consumer,Referral
C00560,Meera Joshi,2025-06-30,35,Other,Visakhapatnam,Andhra Pradesh,Consumer,Marketplace
C00561,Divya Kumar,2024-04-25,28,Other,Kolkata,West Bengal,Corporate,Organic Search
C00562,Sandeep Reddy,2025-08-27,28,Female,Mumbai,Maharashtra,Corporate,Email
C00563,Diya Rao,2025-03-09,24,Female,Bengaluru,Karnataka,Corporate,Marketplace
C00564,Vivaan Verma,2023-02-28,26,Male,Vijayawada,Andhra Pradesh,Small Business,Referral
C00565,Sandeep Nair,2024-07-11,47,Female,Ahmedabad,Gujarat,Small Business,Direct
C00566,Sneha Gupta,2026-03-01,29,Other,Jaipur,Rajasthan,Consumer,Referral
C00567,Diya Singh,2025-06-23,48,Male,Delhi,Delhi,Consumer,Referral
C00568,Meera Kumar,2023-10-07,18,Male,Hyderabad,Telangana,Consumer,Direct
C00569,Diya Mehta,2025-05-31,66,Female,,Gujarat,Corporate,Email
C00570,Kiran Patel,2025-03-19,30,Other,Delhi,Delhi,Corporate,Marketplace
C00571,Vikram Das,2024-05-05,32,Other,Kolkata,West Bengal,Corporate,Direct
C00572,Sneha Rao,2024-07-04,36,Female,Pune,Maharashtra,Consumer,Referral
C00573,Nisha Rao,2026-06-29,58,Male,Bengaluru,Karnataka,Consumer,Organic Search
C00574,Sai Joshi,2024-07-05,19,Male,Jaipur,Rajasthan,Corporate,Paid Social
C00575,Diya Das,2025-05-10,,Male,Bengaluru,Karnataka,Small Business,Marketplace
C00576,Vivaan Kumar,2023-10-27,68,Male,Visakhapatnam,Andhra Pradesh,Consumer,Marketplace
C00577,Aarav Sharma,2025-02-20,30,Other,Chennai,Tamil Nadu,Consumer,Marketplace
C00578,Vikram Verma,2023-07-12,65,Female,Mumbai,Maharashtra,Consumer,Direct
C00579,Vikram Sharma,2026-01-30,38,Male,Pune,Maharashtra,Consumer,Referral
C00580,Arjun Rao,2024-03-22,41,Other,Mumbai,Maharashtra,Consumer,Organic Search
C00581,Aarav Reddy,2024-05-12,68,Other,Chennai,Tamil Nadu,Corporate,Marketplace
C00582,Rohan Nair,2024-05-24,56,Female,Visakhapatnam,Andhra Pradesh,Consumer,Referral
C00583,Arjun Patel,2026-01-03,21,Male,Vijayawada,Andhra Pradesh,Consumer,Email
C00584,Aarav Joshi,2024-01-31,66,Male,Vijayawada,Andhra Pradesh,Consumer,Paid Social
C00585,Sandeep Joshi,2024-08-26,20,Male,Pune,Maharashtra,Consumer,Paid Social
C00586,Sandeep Patel,2026-05-11,40,Female,Jaipur,Rajasthan,Consumer,Marketplace
C00587,Priya Joshi,2025-11-02,34,Female,Pune,Maharashtra,Small Business,Email
C00588,Divya Gupta,2023-05-10,67,Male,Delhi,Delhi,Consumer,Direct
C00589,Sneha Verma,2024-10-22,67,Male,Ahmedabad,Gujarat,Consumer,Email
C00590,Vivaan Rao,2024-01-01,22,Female,Vijayawada,Andhra Pradesh,Consumer,Organic Search
C00591,Vikram Mehta,2025-09-30,54,Other,Hyderabad,Telangana,Consumer,Organic Search
C00592,Lakshmi Nair,2024-03-03,32,Female,Delhi,Delhi,Consumer,Direct
C00593,Meera Das,2025-05-01,41,Other,Hyderabad,Telangana,Consumer,Email
C00594,Aditya Rao,2024-09-14,51,Other,Pune,Maharashtra,Consumer,Direct
C00595,Naveen Verma,2024-05-24,52,Female,Mumbai,Maharashtra,Consumer,Email
C00596,Divya Nair,2025-01-03,65,Other,Kolkata,West Bengal,Consumer,Organic Search
C00597,Divya Patel,2024-11-22,68,Other,Chennai,Tamil Nadu,Small Business,Marketplace
C00598,Sneha Das,2025-01-31,38,Other,Delhi,Delhi,Consumer,Direct
C00599,Sandeep Joshi,2025-02-07,56,Male,Delhi,Delhi,Consumer,Marketplace
C00600,Harsha Reddy,2024-08-05,,Other,Ahmedabad,Gujarat,Consumer,Referral
C00601,Aarav Das,2024-10-06,37,Other,Hyderabad,Telangana,Corporate,Email
C00602,Vivaan Nair,2023-07-13,53,Male,Jaipur,Rajasthan,Consumer,Referral
C00603,Aditya Mehta,2024-09-07,55,Male,Delhi,Delhi,Consumer,Paid Social
C00604,Nisha Naidu,2023-12-21,22,Other,Visakhapatnam,Andhra Pradesh,Corporate,Organic Search
C00605,Priya Sharma,2026-03-26,59,Female,Kochi,Kerala,Small Business,Referral
C00606,Neha Verma,2024-04-09,45,Other,Delhi,Delhi,Small Business,Direct
C00607,Sandeep Mehta,2024-10-15,42,Female,Vijayawada,Andhra Pradesh,Consumer,Direct
C00608,Kavya Das,2025-03-15,27,Other,Mumbai,Maharashtra,Consumer,Organic Search
C00609,Ishita Sharma,2023-09-28,45,Male,Mumbai,Maharashtra,Consumer,Organic Search
C00610,Pooja Patel,2025-06-08,43,Female,Jaipur,Rajasthan,Consumer,Paid Social
C00611,Neha Gupta,2026-06-15,43,Female,Ahmedabad,Gujarat,Consumer,Referral
C00612,Divya Iyer,2023-08-19,38,Male,Kolkata,West Bengal,Consumer,Paid Social
C00613,Rohan Singh,2024-09-16,40,Other,Delhi,Delhi,Corporate,Marketplace
C00614,Rahul Verma,2024-04-23,27,Male,Kochi,Kerala,Consumer,Direct
C00615,Sai Naidu,2026-06-25,25,Male,Bengaluru,Karnataka,Consumer,Direct
C00616,Neha Gupta,2024-03-04,37,Female,Bengaluru,Karnataka,Consumer,Email
C00617,Pooja Joshi,2023-10-17,53,Other,Pune,Maharashtra,Consumer,Email
C00618,Rahul Das,2024-08-04,51,Other,Vijayawada,Andhra Pradesh,Consumer,Organic Search
C00619,Divya Naidu,2024-07-09,59,Other,Ahmedabad,Gujarat,Consumer,Organic Search
C00620,Priya Gupta,2024-04-18,36,Other,Hyderabad,Telangana,Consumer,Referral
C00621,Kavya Gupta,2025-10-22,56,Other,Ahmedabad,Gujarat,Consumer,Paid Social
C00622,Aarav Singh,2023-11-18,37,Other,Jaipur,Rajasthan,Consumer,Direct
C00623,Vivaan Verma,2024-07-18,33,Male,Pune,Maharashtra,Small Business,Organic Search
C00624,Divya Patel,2025-03-15,35,Female,Jaipur,Rajasthan,Corporate,Email
C00625,Kiran Mehta,2025-05-04,57,Female,Vijayawada,Andhra Pradesh,Consumer,Referral
C00626,Naveen Gupta,2023-10-11,39,Other,Kochi,Kerala,Corporate,Paid Social
C00627,Sneha Das,2023-10-04,62,Female,Pune,Maharashtra,Consumer,Email
C00628,Rohan Singh,2023-08-31,38,Female,Chennai,Tamil Nadu,Corporate,Referral
C00629,Sai Das,2024-07-14,44,Female,Kolkata,West Bengal,Consumer,Paid Social
C00630,Naveen Mehta,2026-05-25,66,Female,Hyderabad,Telangana,Consumer,Paid Social
C00631,Sai Gupta,2025-09-03,19,Other,Vijayawada,Andhra Pradesh,Consumer,Direct
C00632,Rohan Rao,2023-10-09,29,Female,Delhi,Delhi,Consumer,Organic Search
C00633,Rahul Sharma,2024-02-20,44,Female,Pune,Maharashtra,Small Business,Marketplace
C00634,Sneha Iyer,2024-05-20,49,Female,Kochi,Kerala,Consumer,Marketplace
C00635,Harsha Gupta,2026-03-17,38,Other,Visakhapatnam,Andhra Pradesh,Consumer,Direct
C00636,Kiran Gupta,2023-03-28,51,Other,Hyderabad,Telangana,Consumer,Direct
C00637,Rahul Kumar,2023-04-11,53,Male,Hyderabad,Telangana,Consumer,Referral
C00638,Pooja Gupta,2023-04-22,47,Female,Pune,Maharashtra,Consumer,Direct
C00639,Pooja Gupta,2026-04-13,23,Female,Ahmedabad,Gujarat,Consumer,Referral
C00640,Kavya Sharma,2024-02-18,19,Male,Ahmedabad,Gujarat,Consumer,Direct
C00641,Arjun Joshi,2023-07-06,68,Male,Visakhapatnam,Andhra Pradesh,Consumer,Organic Search
C00642,Harsha Patel,2025-11-13,63,Male,Jaipur,Rajasthan,Consumer,Organic Search
C00643,Rohan Naidu,2023-11-04,39,Female,Chennai,Tamil Nadu,Consumer,Direct
C00644,Diya Verma,2025-07-02,44,Female,Hyderabad,Telangana,Consumer,Paid Social
C00645,Nisha Naidu,2025-07-28,18,Male,Mumbai,Maharashtra,Consumer,Organic Search
C00646,Kavya Iyer,2025-09-01,49,Male,Kochi,Kerala,Consumer,Email
C00647,Rahul Reddy,2026-02-15,33,Female,Hyderabad,Telangana,Consumer,Direct
C00648,Harsha Kumar,2026-03-29,20,Male,Delhi,Delhi,Small Business,Organic Search
C00649,Harsha Verma,2024-08-05,44,Other,Bengaluru,Karnataka,Consumer,Email
C00650,Vivaan Sharma,2025-01-07,29,Male,Jaipur,Rajasthan,Consumer,Marketplace
C00651,Nisha Patel,2024-08-22,66,Female,Bengaluru,Karnataka,Consumer,Referral
C00652,Harsha Reddy,2024-03-04,51,Female,Delhi,Delhi,Consumer,Direct
C00653,Sneha Mehta,2024-08-11,23,Male,Jaipur,Rajasthan,Consumer,Email
C00654,Vikram Joshi,2025-10-13,40,Other,Kochi,Kerala,Consumer,Paid Social
C00655,Arjun Reddy,2023-01-04,32,Male,Kochi,Kerala,Consumer,Organic Search
C00656,Vivaan Singh,2025-04-27,31,Male,Visakhapatnam,Andhra Pradesh,Consumer,Direct
C00657,Aditya Kumar,2024-06-05,18,Male,Mumbai,Maharashtra,Consumer,Referral
C00658,Harsha Reddy,2026-03-11,25,Female,Hyderabad,Telangana,Consumer,Referral
C00659,Nisha Patel,2023-10-06,48,Other,Vijayawada,Andhra Pradesh,Consumer,Email
C00660,Vikram Kumar,2023-04-25,47,Other,Delhi,Delhi,Corporate,Referral
C00661,Meera Sharma,2024-11-10,,Female,Jaipur,Rajasthan,Consumer,Organic Search
C00662,Harsha Iyer,2026-03-15,42,Female,Delhi,Delhi,Consumer,Referral
C00663,Nisha Rao,2023-06-27,38,Male,Visakhapatnam,Andhra Pradesh,Consumer,Referral
C00664,Rahul Sharma,2023-03-18,51,Male,Mumbai,Maharashtra,Consumer,Marketplace
C00665,Diya Das,2025-12-08,27,Male,Jaipur,Rajasthan,Consumer,Organic Search
C00666,Kavya Iyer,2023-03-16,61,Other,Jaipur,Rajasthan,Small Business,Organic Search
C00667,Aditya Singh,2026-05-02,37,Male,Hyderabad,Telangana,Small Business,Organic Search
C00668,Diya Verma,2026-03-28,67,Female,Jaipur,Rajasthan,Consumer,Paid Social
C00669,Ananya Patel,2023-08-29,35,Female,Pune,Maharashtra,Consumer,Organic Search
C00670,Sandeep Singh,2024-12-18,53,Male,Kochi,Kerala,Consumer,Direct
C00671,Ishita Gupta,2026-06-09,54,Male,Pune,Maharashtra,Consumer,Organic Search
C00672,Sneha Iyer,2023-06-26,61,Female,Ahmedabad,Gujarat,Corporate,Email
C00673,Ishita Naidu,2024-10-01,62,Female,Vijayawada,Andhra Pradesh,Corporate,Direct
C00674,Naveen Patel,2025-08-11,23,Female,Jaipur,Rajasthan,Corporate,Direct
C00675,Nisha Rao,2025-08-11,24,Female,Ahmedabad,Gujarat,Consumer,Email
C00676,Ishita Nair,2024-11-07,41,Male,Pune,Maharashtra,Consumer,Marketplace
C00677,Meera Mehta,2024-08-01,40,Other,Bengaluru,Karnataka,Consumer,Organic Search
C00678,Diya Gupta,2023-05-26,63,Male,Kolkata,West Bengal,Consumer,Marketplace
C00679,Priya Sharma,2025-09-14,57,Male,Mumbai,Maharashtra,Consumer,Direct
C00680,Sandeep Joshi,2024-12-01,45,Female,Kochi,Kerala,Consumer,Direct
C00681,Arjun Mehta,2025-09-23,65,Other,Bengaluru,Karnataka,Consumer,Email
C00682,Harsha Sharma,2023-05-23,46,Other,Bengaluru,Karnataka,Corporate,Marketplace
C00683,Sai Mehta,2024-03-21,49,Other,Delhi,Delhi,Corporate,Paid Social
C00684,Naveen Nair,2026-06-14,27,Female,Vijayawada,Andhra Pradesh,Consumer,Referral
C00685,Pooja Singh,2025-06-09,54,Female,Pune,Maharashtra,Consumer,Email
C00686,Meera Gupta,2023-05-08,43,Female,Jaipur,Rajasthan,Consumer,Email
C00687,Sneha Joshi,2024-04-26,25,Other,Delhi,Delhi,Consumer,Referral
C00688,Divya Patel,2024-03-08,42,Male,Visakhapatnam,Andhra Pradesh,Consumer,Email
C00689,Sai Reddy,2023-09-15,41,Female,Kolkata,West Bengal,Consumer,Paid Social
C00690,Aditya Patel,2023-10-06,49,Other,Visakhapatnam,Andhra Pradesh,Corporate,Marketplace
C00691,Vikram Iyer,2025-07-19,56,Other,Visakhapatnam,Andhra Pradesh,Corporate,Marketplace
C00692,Nisha Naidu,2026-03-29,32,Other,Delhi,Delhi,Consumer,Email
C00693,Vivaan Mehta,2023-03-10,44,Male,Pune,Maharashtra,Corporate,Organic Search
C00694,Ananya Nair,2025-12-14,48,Other,Kochi,Kerala,Consumer,Email
C00695,Divya Verma,2023-06-09,33,Other,Bengaluru,Karnataka,Corporate,Referral
C00696,Nisha Nair,2023-01-23,21,Other,Kochi,Kerala,Small Business,Email
C00697,Diya Patel,2024-08-26,39,Female,Visakhapatnam,Andhra Pradesh,Consumer,Email
C00698,Lakshmi Nair,2023-05-06,37,Other,Visakhapatnam,Andhra Pradesh,Consumer,Organic Search
C00699,Nisha Sharma,2024-08-10,36,Female,Vijayawada,Andhra Pradesh,Consumer,Referral
C00700,Aarav Joshi,2024-06-10,26,Female,Pune,Maharashtra,Consumer,Email
C00701,Ananya Das,2023-12-26,27,Other,Visakhapatnam,Andhra Pradesh,Consumer,Paid Social
C00702,Harsha Naidu,2023-10-25,20,Female,Jaipur,Rajasthan,Corporate,Marketplace
C00703,Rahul Mehta,2023-12-09,33,Other,Kolkata,West Bengal,Corporate,Organic Search
C00704,Kavya Iyer,2023-12-10,34,Male,Vijayawada,Andhra Pradesh,Consumer,Direct
C00705,Ananya Patel,2025-08-29,32,Other,Jaipur,Rajasthan,Small Business,Organic Search
C00706,Divya Reddy,2025-12-21,46,Female,Pune,Maharashtra,Small Business,Direct
C00707,Ishita Kumar,2024-07-12,45,Male,Delhi,Delhi,Corporate,Referral
C00708,Neha Verma,2024-05-10,55,Other,Vijayawada,Andhra Pradesh,Corporate,Email
C00709,Aarav Verma,2026-01-26,61,Female,Delhi,Delhi,Corporate,Organic Search
C00710,Kiran Joshi,2024-12-20,24,Male,Kolkata,West Bengal,Consumer,Organic Search
C00711,Harsha Verma,2024-03-20,57,Female,Hyderabad,Telangana,Corporate,Organic Search
C00712,Rohan Sharma,2026-03-05,56,Other,Bengaluru,Karnataka,Consumer,Referral
C00713,Sneha Joshi,2024-07-20,60,Other,Ahmedabad,Gujarat,Corporate,Referral
C00714,Priya Iyer,2023-05-08,28,Male,Pune,Maharashtra,Small Business,Referral
C00715,Harsha Iyer,2024-02-15,29,Female,Pune,Maharashtra,Consumer,Organic Search
C00716,Kavya Joshi,2023-08-06,52,Male,Chennai,Tamil Nadu,Consumer,Organic Search
C00717,Nisha Patel,2023-02-08,54,Other,Bengaluru,Karnataka,Consumer,Organic Search
C00718,Naveen Reddy,2025-03-12,42,Other,Vijayawada,Andhra Pradesh,Corporate,Marketplace
C00719,Sandeep Rao,2023-05-24,45,Female,Ahmedabad,Gujarat,Consumer,Direct
C00720,Ishita Verma,2025-01-05,25,Male,Ahmedabad,Gujarat,Consumer,Direct
C00721,Aditya Naidu,2024-11-27,23,Male,Vijayawada,Andhra Pradesh,Corporate,Referral
C00722,Divya Rao,2025-02-25,30,Male,Vijayawada,Andhra Pradesh,Consumer,Organic Search
C00723,Neha Rao,2025-06-15,62,Female,Vijayawada,Andhra Pradesh,Consumer,Organic Search
C00724,Lakshmi Kumar,2026-01-12,55,Male,Visakhapatnam,Andhra Pradesh,Consumer,Marketplace
C00725,Priya Sharma,2023-03-29,20,Female,Hyderabad,Telangana,Corporate,Direct
C00726,Sai Joshi,2026-01-03,47,Other,Jaipur,Rajasthan,Consumer,Organic Search
C00727,Harsha Reddy,2025-08-23,65,Female,Hyderabad,Telangana,Corporate,Paid Social
C00728,Kavya Mehta,2023-07-19,29,Female,Hyderabad,Telangana,Corporate,Organic Search
C00729,Aditya Das,2024-03-27,25,Female,Bengaluru,Karnataka,Consumer,Direct
C00730,Sandeep Patel,2026-03-25,43,Male,Vijayawada,Andhra Pradesh,Corporate,Paid Social
C00731,Sai Das,2024-07-14,55,Male,Hyderabad,Telangana,Consumer,Referral
C00732,Sai Sharma,2023-03-25,28,Other,Jaipur,Rajasthan,Consumer,Paid Social
C00733,Pooja Verma,2023-07-02,49,Other,,Telangana,Small Business,Marketplace
C00734,Sai Verma,2024-02-27,68,Male,Visakhapatnam,Andhra Pradesh,Consumer,Marketplace
C00735,Pooja Nair,2024-01-04,29,Other,Mumbai,Maharashtra,Small Business,Direct
C00736,Arjun Gupta,2024-01-29,40,Female,Pune,Maharashtra,Consumer,Email
C00737,Ananya Reddy,2024-03-02,32,Female,Jaipur,Rajasthan,Consumer,Paid Social
C00738,Vivaan Verma,2023-03-30,48,Male,Vijayawada,Andhra Pradesh,Consumer,Marketplace
C00739,Vivaan Sharma,2025-07-17,39,Other,Pune,Maharashtra,Consumer,Email
C00740,Aditya Rao,2023-08-26,28,Other,Chennai,Tamil Nadu,Consumer,Email
C00741,Kiran Das,2024-10-29,44,Female,Delhi,Delhi,Consumer,Organic Search
C00742,Aditya Nair,2024-03-27,65,Other,Mumbai,Maharashtra,Consumer,Marketplace
C00743,Meera Patel,2025-03-04,31,Male,Chennai,Tamil Nadu,Corporate,Direct
C00744,Vivaan Kumar,2026-03-10,35,Female,Delhi,Delhi,Consumer,Marketplace
C00745,Harsha Patel,2024-08-27,44,Other,Ahmedabad,Gujarat,Small Business,Paid Social
C00746,Nisha Naidu,2025-12-04,53,Female,Kochi,Kerala,Consumer,Marketplace
C00747,Kiran Singh,2024-05-20,18,Male,Pune,Maharashtra,Consumer,Email
C00748,Vivaan Nair,2023-04-01,54,Other,Chennai,Tamil Nadu,Corporate,Organic Search
C00749,Kavya Nair,2023-07-20,51,Female,Kolkata,West Bengal,Consumer,Organic Search
C00750,Diya Rao,2025-01-04,64,Other,Visakhapatnam,Andhra Pradesh,Small Business,Organic Search
C00751,Neha Mehta,2026-03-14,60,Female,Ahmedabad,Gujarat,Small Business,Marketplace
C00752,Lakshmi Nair,2025-01-28,63,Other,Chennai,Tamil Nadu,Consumer,Direct
C00753,Diya Iyer,2023-03-08,42,Male,Bengaluru,Karnataka,Consumer,Email
C00754,Harsha Singh,2023-06-15,54,Other,Jaipur,Rajasthan,Small Business,Email
C00755,Kavya Mehta,2025-01-18,41,Female,Vijayawada,Andhra Pradesh,Consumer,Paid Social
C00756,Sai Singh,2024-02-24,53,Female,Vijayawada,Andhra Pradesh,Consumer,Direct
C00757,Neha Das,2024-03-05,65,Female,Ahmedabad,Gujarat,Consumer,Referral
C00758,Meera Nair,2025-02-02,61,Male,Jaipur,Rajasthan,Consumer,Organic Search
C00759,Kavya Mehta,2024-08-21,63,Male,Ahmedabad,Gujarat,Corporate,Direct
C00760,Priya Patel,2023-06-14,30,Male,Bengaluru,Karnataka,Small Business,Organic Search
C00761,Sai Naidu,2025-10-13,28,Female,Bengaluru,Karnataka,Consumer,Direct
C00762,Nisha Singh,2023-09-28,36,Male,Hyderabad,Telangana,Consumer,Direct
C00763,Vikram Verma,2024-04-20,36,Male,Hyderabad,Telangana,Consumer,Referral
C00764,Sandeep Nair,2025-12-21,59,Male,Vijayawada,Andhra Pradesh,Consumer,Paid Social
C00765,Diya Das,2025-01-31,28,Female,Pune,Maharashtra,Consumer,Referral
C00766,Diya Patel,2026-01-01,28,Female,Ahmedabad,Gujarat,Corporate,Direct
C00767,Ishita Mehta,2023-03-26,68,Female,Vijayawada,Andhra Pradesh,Consumer,Referral
C00768,Meera Patel,2024-10-11,31,Male,Chennai,Tamil Nadu,Consumer,Paid Social
C00769,Sai Nair,2025-10-19,37,Male,Jaipur,Rajasthan,Consumer,Direct
C00770,Diya Das,2025-08-28,50,Other,Jaipur,Rajasthan,Consumer,Email
C00771,Vivaan Patel,2025-09-07,46,Other,Visakhapatnam,Andhra Pradesh,Consumer,Referral
C00772,Aditya Singh,2025-01-01,43,Female,Hyderabad,Telangana,Consumer,Paid Social
C00773,Rahul Reddy,2024-07-23,51,Female,Kochi,Kerala,Consumer,Marketplace
C00774,Rahul Nair,2025-03-18,60,Male,Vijayawada,Andhra Pradesh,Consumer,Email
C00775,Meera Iyer,2025-05-25,60,Male,Hyderabad,Telangana,Consumer,Referral
C00776,Rahul Joshi,2023-06-29,37,Male,Delhi,Delhi,Corporate,Marketplace
C00777,Neha Iyer,2025-05-18,36,Female,Ahmedabad,Gujarat,Corporate,Email
C00778,Ishita Sharma,2025-12-11,27,Other,Bengaluru,Karnataka,Corporate,Organic Search
C00779,Sandeep Nair,2023-12-25,44,Other,Hyderabad,Telangana,Consumer,Paid Social
C00780,Vivaan Naidu,2025-10-01,29,Male,Mumbai,Maharashtra,Corporate,Referral
C00781,Sai Kumar,2023-01-06,53,Male,Ahmedabad,Gujarat,Small Business,Direct
C00782,Rohan Nair,2025-05-04,25,Other,Ahmedabad,Gujarat,Consumer,Organic Search
C00783,Harsha Joshi,2023-05-17,66,Male,Bengaluru,Karnataka,Consumer,Email
C00784,Meera Gupta,2023-09-02,34,Other,Kolkata,West Bengal,Consumer,Referral
C00785,Meera Patel,2023-10-05,55,Female,Chennai,Tamil Nadu,Consumer,Marketplace
C00786,Vikram Rao,2023-06-07,40,Other,Vijayawada,Andhra Pradesh,Consumer,Organic Search
C00787,Divya Das,2024-10-09,66,Male,Kochi,Kerala,Consumer,Direct
C00788,Aarav Patel,2023-10-22,41,Other,Visakhapatnam,Andhra Pradesh,Consumer,Marketplace
C00789,Sai Gupta,2024-03-22,39,Female,Kolkata,West Bengal,Corporate,Email
C00790,Pooja Gupta,2025-12-25,62,Other,Kochi,Kerala,Corporate,Organic Search
C00791,Aarav Nair,2023-09-26,47,Male,Kolkata,West Bengal,Consumer,Referral
C00792,Rohan Joshi,2024-12-01,46,Male,Chennai,Tamil Nadu,Consumer,Organic Search
C00793,Diya Patel,2024-04-09,26,Female,Mumbai,Maharashtra,Consumer,Organic Search
C00794,Nisha Das,2023-02-08,62,Male,Kolkata,West Bengal,Consumer,Organic Search
C00795,Arjun Kumar,2025-08-18,68,Female,Hyderabad,Telangana,Consumer,Direct
C00796,Rahul Mehta,2026-05-17,66,Female,Hyderabad,Telangana,Consumer,Referral
C00797,Naveen Singh,2024-07-22,23,Male,Hyderabad,Telangana,Consumer,Email
C00798,Naveen Das,2023-07-22,57,Female,Visakhapatnam,Andhra Pradesh,Consumer,Direct
C00799,Neha Sharma,2023-01-09,36,Female,Mumbai,Maharashtra,Small Business,Direct
C00800,Rohan Naidu,2023-08-08,41,Male,Ahmedabad,Gujarat,Small Business,Marketplace
C00801,Arjun Nair,2024-10-05,50,Female,Mumbai,Maharashtra,Consumer,Marketplace
C00802,Ishita Nair,2023-06-18,63,Female,Delhi,Delhi,Consumer,Marketplace
C00803,Kiran Gupta,2025-06-28,65,Male,Kochi,Kerala,Consumer,Marketplace
C00804,Rohan Reddy,2025-01-22,22,Other,Mumbai,Maharashtra,Consumer,Organic Search
C00805,Sai Iyer,2023-09-02,46,Male,Kolkata,West Bengal,Consumer,Organic Search
C00806,Rahul Mehta,2024-11-24,28,Male,Visakhapatnam,Andhra Pradesh,Consumer,Marketplace
C00807,Naveen Kumar,2026-04-06,49,Other,Visakhapatnam,Andhra Pradesh,Small Business,Referral
C00808,Vikram Kumar,2025-09-19,60,Female,Ahmedabad,Gujarat,Corporate,Organic Search
C00809,Aarav Sharma,2023-10-03,34,Other,Bengaluru,Karnataka,Consumer,Organic Search
C00810,Divya Singh,2026-05-23,61,Female,Ahmedabad,Gujarat,Consumer,Email
C00811,Kavya Rao,2025-10-05,66,Male,Bengaluru,Karnataka,Consumer,Marketplace
C00812,Sandeep Reddy,2026-01-12,34,Female,Jaipur,Rajasthan,Small Business,Organic Search
C00813,Vivaan Reddy,2025-07-30,46,Female,Kolkata,West Bengal,Consumer,Referral
C00814,Nisha Das,2025-03-07,28,Female,Visakhapatnam,Andhra Pradesh,Consumer,Marketplace
C00815,Sandeep Naidu,2025-09-01,53,Female,Vijayawada,Andhra Pradesh,Consumer,Marketplace
C00816,Diya Singh,2024-12-23,49,Female,Pune,Maharashtra,Consumer,Organic Search
C00817,Lakshmi Singh,2023-02-25,41,Male,Chennai,Tamil Nadu,Consumer,Referral
C00818,Kiran Verma,2024-05-22,44,Male,Delhi,Delhi,Consumer,Direct
C00819,Ishita Reddy,2026-01-07,37,Male,Bengaluru,Karnataka,Consumer,Marketplace
C00820,Naveen Reddy,2025-08-19,50,Male,Kochi,Kerala,Consumer,Marketplace
C00821,Ishita Nair,2024-02-26,54,Other,Delhi,Delhi,Corporate,Direct
C00822,Rahul Nair,2025-06-11,28,Other,Delhi,Delhi,Corporate,Organic Search
C00823,Priya Das,2026-03-20,31,Female,Jaipur,Rajasthan,Consumer,Organic Search
C00824,Naveen Das,2023-05-18,55,Other,Visakhapatnam,Andhra Pradesh,Consumer,Paid Social
C00825,Diya Iyer,2025-10-30,68,Other,Delhi,Delhi,Consumer,Paid Social
C00826,Rohan Reddy,2026-01-26,43,Other,Kolkata,West Bengal,Corporate,Paid Social
C00827,Ananya Verma,2025-08-15,49,Other,Kochi,Kerala,Corporate,Marketplace
C00828,Kavya Patel,2025-01-16,64,Female,Kochi,Kerala,Consumer,Direct
C00829,Lakshmi Rao,2023-05-12,45,Male,Pune,Maharashtra,Consumer,Referral
C00830,Kiran Sharma,2025-04-11,28,Female,Vijayawada,Andhra Pradesh,Consumer,Paid Social
C00831,Lakshmi Reddy,2025-05-14,47,Female,Pune,Maharashtra,Consumer,Paid Social
C00832,Rohan Verma,2026-02-01,34,Female,Hyderabad,Telangana,Small Business,Marketplace
C00833,Diya Naidu,2026-05-17,21,Female,Hyderabad,Telangana,Small Business,Marketplace
C00834,Kiran Sharma,2023-10-15,60,Other,Delhi,Delhi,Corporate,Organic Search
C00835,Ananya Nair,2025-12-11,60,Female,Jaipur,Rajasthan,Consumer,Organic Search
C00836,Sneha Rao,2024-04-28,39,Female,Delhi,Delhi,Consumer,Paid Social
C00837,Nisha Gupta,2023-04-25,46,Male,Pune,Maharashtra,Consumer,Organic Search
C00838,Sai Singh,2024-07-22,52,Male,Delhi,Delhi,Corporate,Referral
C00839,Pooja Das,2023-04-22,59,Other,Hyderabad,Telangana,Consumer,Email
C00840,Sandeep Naidu,2023-09-07,37,Female,Kolkata,West Bengal,Corporate,Marketplace
C00841,Aditya Naidu,2024-09-08,43,Female,Hyderabad,Telangana,Consumer,Paid Social
C00842,Vivaan Kumar,2025-04-12,58,Female,Ahmedabad,Gujarat,Corporate,Marketplace
C00843,Arjun Naidu,2025-05-15,65,Female,Ahmedabad,Gujarat,Consumer,Email
C00844,Neha Singh,2026-01-26,40,Male,Bengaluru,Karnataka,Consumer,Organic Search
C00845,Aarav Iyer,2023-10-06,59,Female,Vijayawada,Andhra Pradesh,Consumer,Referral
C00846,Harsha Verma,2023-09-24,23,Male,Kochi,Kerala,Corporate,Referral
C00847,Divya Mehta,2023-12-22,48,Male,Ahmedabad,Gujarat,Corporate,Paid Social
C00848,Naveen Rao,2025-02-11,44,Female,Bengaluru,Karnataka,Small Business,Email
C00849,Rahul Kumar,2025-08-05,57,Other,Vijayawada,Andhra Pradesh,Corporate,Organic Search
C00850,Meera Patel,2023-07-02,57,Other,Kolkata,West Bengal,Consumer,Direct
C00851,Arjun Rao,2025-10-09,45,Other,Jaipur,Rajasthan,Consumer,Referral
C00852,Harsha Rao,2024-02-28,65,Male,Pune,Maharashtra,Corporate,Paid Social
C00853,Ananya Rao,2024-08-17,29,Other,Kolkata,West Bengal,Consumer,Paid Social
C00854,Nisha Patel,2023-01-22,55,Male,Delhi,Delhi,Small Business,Marketplace
C00855,Ananya Sharma,2026-05-08,31,Female,Vijayawada,Andhra Pradesh,Consumer,Organic Search
C00856,Divya Das,2026-05-26,33,Other,Delhi,Delhi,Corporate,Organic Search
C00857,Divya Singh,2025-03-19,34,Female,Hyderabad,Telangana,Small Business,Email
C00858,Ishita Nair,2025-10-06,55,Female,Hyderabad,Telangana,Consumer,Direct
C00859,Sai Nair,2023-04-01,45,Male,Jaipur,Rajasthan,Corporate,Marketplace
C00860,Vikram Singh,2024-06-24,34,Male,Pune,Maharashtra,Small Business,Referral
C00861,Vivaan Rao,2025-06-20,49,Female,Visakhapatnam,Andhra Pradesh,Consumer,Paid Social
C00862,Arjun Nair,2025-06-12,48,Female,Hyderabad,Telangana,Consumer,Direct
C00863,Arjun Singh,2023-10-31,49,Female,Jaipur,Rajasthan,Consumer,Referral
C00864,Divya Mehta,2026-02-27,28,Female,Chennai,Tamil Nadu,Consumer,Organic Search
C00865,Kiran Das,2023-06-07,67,Male,Jaipur,Rajasthan,Consumer,Referral
C00866,Meera Mehta,2025-03-18,36,Female,Hyderabad,Telangana,Corporate,Paid Social
C00867,Kavya Verma,2025-09-09,23,Male,Hyderabad,Telangana,Consumer,Organic Search
C00868,Neha Joshi,2024-10-27,20,Other,Delhi,Delhi,Consumer,Organic Search
C00869,Sandeep Mehta,2023-05-25,36,Male,Vijayawada,Andhra Pradesh,Consumer,Referral
C00870,Aarav Naidu,2023-07-02,33,Female,Chennai,Tamil Nadu,Consumer,Marketplace
C00871,Diya Nair,2023-09-04,59,Male,Pune,Maharashtra,Corporate,Referral
C00872,Vikram Rao,2025-01-22,56,Male,Vijayawada,Andhra Pradesh,Consumer,Marketplace
C00873,Meera Mehta,2025-05-15,35,Female,Ahmedabad,Gujarat,Consumer,Marketplace
C00874,Lakshmi Verma,2024-04-04,20,Other,Bengaluru,Karnataka,Consumer,Marketplace
C00875,Sneha Sharma,2025-08-16,58,Male,Jaipur,Rajasthan,Consumer,Paid Social
C00876,Naveen Reddy,2024-08-28,37,Other,Vijayawada,Andhra Pradesh,Consumer,Organic Search
C00877,Divya Joshi,2025-08-09,24,Other,Jaipur,Rajasthan,Corporate,Referral
C00878,Neha Verma,2023-08-22,55,Male,Pune,Maharashtra,Consumer,Paid Social
C00879,Ishita Mehta,2024-09-01,20,Other,Kolkata,West Bengal,Consumer,Direct
C00880,Rahul Patel,2024-01-19,57,Female,Ahmedabad,Gujarat,Corporate,Email
C00881,Priya Sharma,2023-01-12,61,Female,Pune,Maharashtra,Consumer,Marketplace
C00882,Neha Nair,2026-05-17,62,Male,Ahmedabad,Gujarat,Consumer,Email
C00883,Diya Sharma,2025-03-19,62,Female,Delhi,Delhi,Consumer,Paid Social
C00884,Rahul Nair,2023-02-24,19,Other,Bengaluru,Karnataka,Consumer,Paid Social
C00885,Diya Das,2023-06-26,58,Male,Kolkata,West Bengal,Consumer,Marketplace
C00886,Nisha Nair,2025-06-30,25,Female,Hyderabad,Telangana,Corporate,Email
C00887,Vivaan Singh,2025-03-13,30,Female,Mumbai,Maharashtra,Consumer,Direct
C00888,Neha Gupta,2026-05-05,44,Male,Kolkata,West Bengal,Consumer,Marketplace
C00889,Kiran Joshi,2025-09-26,50,Female,Ahmedabad,Gujarat,Consumer,Marketplace
C00890,Nisha Sharma,2025-05-04,38,Male,Kochi,Kerala,Consumer,Direct
C00891,Neha Rao,2024-08-12,46,Male,Delhi,Delhi,Consumer,Paid Social
C00892,Pooja Verma,2026-05-18,32,Male,Jaipur,Rajasthan,Consumer,Referral
C00893,Nisha Das,2025-01-07,63,Female,Visakhapatnam,Andhra Pradesh,Consumer,Referral
C00894,Rahul Patel,2023-12-21,65,Other,Visakhapatnam,Andhra Pradesh,Consumer,Marketplace
C00895,Meera Kumar,2023-02-07,37,Male,Ahmedabad,Gujarat,Consumer,Paid Social
C00896,Harsha Rao,2023-08-22,20,Female,Jaipur,Rajasthan,Consumer,Marketplace
C00897,Ananya Patel,2026-02-14,39,Other,Pune,Maharashtra,Small Business,Email
C00898,Kavya Naidu,2025-06-15,24,Female,Vijayawada,Andhra Pradesh,Small Business,Email
C00899,Vivaan Gupta,2026-02-25,68,Female,Kochi,Kerala,Consumer,Organic Search
C00900,Vikram Nair,2025-06-23,41,Other,Mumbai,Maharashtra,Small Business,Paid Social
C00901,Kavya Iyer,2024-02-18,41,Female,Vijayawada,Andhra Pradesh,Consumer,Marketplace
C00902,Pooja Das,2025-02-01,36,Male,Delhi,Delhi,Consumer,Direct
C00903,Sai Das,2024-04-12,27,Male,Mumbai,Maharashtra,Consumer,Marketplace
C00904,Kavya Patel,2023-03-02,51,Female,Ahmedabad,Gujarat,Corporate,Email
C00905,Sneha Reddy,2023-12-03,23,Male,Bengaluru,Karnataka,Corporate,Direct
C00906,Diya Iyer,2025-11-30,27,Male,Vijayawada,Andhra Pradesh,Small Business,Direct
C00907,Aarav Naidu,2024-12-05,37,Male,Jaipur,Rajasthan,Small Business,Email
C00908,Harsha Das,2026-01-19,62,Other,Chennai,Tamil Nadu,Consumer,Direct
C00909,Aditya Reddy,2024-09-09,68,Other,Delhi,Delhi,Consumer,Direct
C00910,Diya Rao,2026-01-12,65,Female,Visakhapatnam,Andhra Pradesh,Consumer,Referral
C00911,Sandeep Mehta,2023-02-27,39,Male,Jaipur,Rajasthan,Consumer,Referral
C00912,Meera Kumar,2023-05-03,45,Other,Visakhapatnam,Andhra Pradesh,Consumer,Organic Search
C00913,Naveen Joshi,2024-09-02,66,Female,Hyderabad,Telangana,Consumer,Paid Social
C00914,Harsha Rao,2025-12-28,55,Male,Visakhapatnam,Andhra Pradesh,Consumer,Direct
C00915,Neha Rao,2025-11-30,54,Female,Visakhapatnam,Andhra Pradesh,Consumer,Email
C00916,Sneha Sharma,2025-05-21,67,Female,Mumbai,Maharashtra,Consumer,Paid Social
C00917,Priya Mehta,2025-12-13,31,Other,Ahmedabad,Gujarat,Consumer,Marketplace
C00918,Pooja Nair,2025-06-20,55,Other,Pune,Maharashtra,Small Business,Paid Social
C00919,Pooja Gupta,2023-09-22,50,Other,Chennai,Tamil Nadu,Consumer,Paid Social
C00920,Meera Sharma,2026-02-18,48,Other,Ahmedabad,Gujarat,Corporate,Organic Search
C00921,Arjun Singh,2023-11-10,41,Male,Bengaluru,Karnataka,Small Business,Referral
C00922,Sneha Reddy,2026-04-22,49,Male,Pune,Maharashtra,Small Business,Paid Social
C00923,Aditya Naidu,2024-12-15,65,Female,Chennai,Tamil Nadu,Consumer,Email
C00924,Nisha Naidu,2025-02-11,54,Other,Pune,Maharashtra,Corporate,Paid Social
C00925,Sai Naidu,2025-07-08,50,Other,Chennai,Tamil Nadu,Consumer,Email
C00926,Ishita Gupta,2025-03-20,57,Female,Vijayawada,Andhra Pradesh,Small Business,Marketplace
C00927,Naveen Verma,2023-02-20,35,Other,Visakhapatnam,Andhra Pradesh,Consumer,Direct
C00928,Sandeep Mehta,2026-06-21,59,Female,Bengaluru,Karnataka,Small Business,Email
C00929,Divya Gupta,2023-09-04,66,Female,Mumbai,Maharashtra,Small Business,Referral
C00930,Kavya Sharma,2026-04-01,33,Other,Mumbai,Maharashtra,Consumer,Marketplace
C00931,Sneha Patel,2024-11-27,20,Male,Kochi,Kerala,Consumer,Email
C00932,Sandeep Patel,2023-07-23,42,Male,Delhi,Delhi,Consumer,Referral
C00933,Vivaan Mehta,2023-12-13,27,Male,Bengaluru,Karnataka,Consumer,Direct
C00934,Ishita Kumar,2025-04-25,37,Male,Hyderabad,Telangana,Small Business,Organic Search
C00935,Nisha Gupta,2024-04-29,30,Other,Hyderabad,Telangana,Consumer,Organic Search
C00936,Nisha Reddy,2023-05-15,21,Male,Pune,Maharashtra,Consumer,Organic Search
C00937,Sandeep Verma,2024-05-19,53,Female,Pune,Maharashtra,Consumer,Marketplace
C00938,Meera Gupta,2023-10-19,23,Female,Ahmedabad,Gujarat,Corporate,Email
C00939,Harsha Kumar,2025-08-09,53,Other,,West Bengal,Small Business,Organic Search
C00940,Meera Naidu,2025-02-17,48,Other,Hyderabad,Telangana,Consumer,Email
C00941,Diya Sharma,2023-05-24,20,Male,Pune,Maharashtra,Consumer,Paid Social
C00942,Harsha Gupta,2024-03-07,53,Male,Visakhapatnam,Andhra Pradesh,Small Business,Referral
C00943,Kiran Verma,2024-07-13,34,Male,Vijayawada,Andhra Pradesh,Consumer,Marketplace
C00944,Harsha Nair,2023-01-05,,Female,Kochi,Kerala,Small Business,Direct
C00945,Priya Gupta,2025-09-28,44,Female,Chennai,Tamil Nadu,Corporate,Direct
C00946,Divya Sharma,2025-06-30,22,Male,Vijayawada,Andhra Pradesh,Small Business,Marketplace
C00947,Arjun Nair,2023-01-18,40,Male,Kochi,Kerala,Small Business,Marketplace
C00948,Rahul Sharma,2025-01-02,32,Other,Hyderabad,Telangana,Consumer,Direct
C00949,Ananya Nair,2023-03-17,32,Other,Mumbai,Maharashtra,Corporate,Paid Social
C00950,Ananya Mehta,2023-08-16,30,Other,Hyderabad,Telangana,Consumer,Email
C00951,Naveen Patel,2026-05-19,60,Female,Mumbai,Maharashtra,Consumer,Direct
C00952,Vikram Joshi,2024-04-11,26,Male,Bengaluru,Karnataka,Consumer,Direct
C00953,Kavya Reddy,2026-02-21,62,Male,Hyderabad,Telangana,Consumer,Direct
C00954,Arjun Verma,2024-07-15,38,Other,Hyderabad,Telangana,Consumer,Referral
C00955,Ananya Iyer,2023-04-07,66,Other,Jaipur,Rajasthan,Consumer,Organic Search
C00956,Neha Rao,2023-02-21,30,Other,Kolkata,West Bengal,Consumer,Organic Search
C00957,Aarav Nair,2023-07-18,30,Male,Mumbai,Maharashtra,Corporate,Email
C00958,Kiran Singh,2025-08-27,39,Female,Vijayawada,Andhra Pradesh,Corporate,Email
C00959,Lakshmi Nair,2023-07-15,22,Other,Mumbai,Maharashtra,Consumer,Organic Search
C00960,Sai Reddy,2023-05-14,42,Male,Hyderabad,Telangana,Consumer,Email
C00961,Vivaan Kumar,2026-02-19,45,Male,Vijayawada,Andhra Pradesh,Consumer,Email
C00962,Kavya Iyer,2023-01-22,32,Male,Kolkata,West Bengal,Corporate,Email
C00963,Kavya Gupta,2023-02-23,24,Male,Kochi,Kerala,Consumer,Organic Search
C00964,Naveen Patel,2024-02-01,18,Other,Bengaluru,Karnataka,Consumer,Referral
C00965,Sai Das,2024-05-12,48,Female,Kolkata,West Bengal,Consumer,Referral
C00966,Diya Mehta,2025-01-02,45,Other,Kochi,Kerala,Corporate,Paid Social
C00967,Vikram Mehta,2023-01-17,37,Other,Ahmedabad,Gujarat,Consumer,Organic Search
C00968,Sneha Singh,2023-04-22,50,Female,Mumbai,Maharashtra,Small Business,Direct
C00969,Pooja Joshi,2025-09-01,68,Male,Mumbai,Maharashtra,Consumer,Referral
C00970,Ishita Patel,2025-05-07,54,Female,Kochi,Kerala,Consumer,Organic Search
C00971,Kavya Mehta,2024-04-16,32,Female,Ahmedabad,Gujarat,Consumer,Direct
C00972,Meera Reddy,2023-01-14,65,Female,Delhi,Delhi,Consumer,Email
C00973,Meera Reddy,2026-04-14,27,Female,Bengaluru,Karnataka,Consumer,Referral
C00974,Sandeep Rao,2024-11-26,32,Female,Chennai,Tamil Nadu,Consumer,Paid Social
C00975,Lakshmi Das,2025-02-15,,Female,Pune,Maharashtra,Consumer,Paid Social
C00976,Vikram Das,2023-12-17,47,Other,Pune,Maharashtra,Small Business,Direct
C00977,Rahul Gupta,2024-01-24,25,Male,Bengaluru,Karnataka,Consumer,Referral
C00978,Harsha Mehta,2023-04-05,45,Female,Kochi,Kerala,Corporate,Referral
C00979,Sai Naidu,2024-07-27,38,Other,Chennai,Tamil Nadu,Small Business,Marketplace
C00980,Aditya Patel,2026-06-13,64,Other,Mumbai,Maharashtra,Consumer,Direct
C00981,Pooja Singh,2024-10-21,41,Other,Jaipur,Rajasthan,Consumer,Direct
C00982,Lakshmi Reddy,2026-04-10,48,Female,Ahmedabad,Gujarat,Consumer,Paid Social
C00983,Naveen Patel,2025-02-11,33,Male,Ahmedabad,Gujarat,Consumer,Organic Search
C00984,Kiran Mehta,2024-12-21,66,Female,Chennai,Tamil Nadu,Consumer,Email
C00985,Nisha Singh,2025-01-22,45,Male,Delhi,Delhi,Consumer,Paid Social
C00986,Diya Naidu,2023-06-18,32,Other,Ahmedabad,Gujarat,Consumer,Direct
C00987,Aditya Singh,2023-08-31,68,Female,Bengaluru,Karnataka,Consumer,Referral
C00988,Rahul Joshi,2024-07-16,61,Other,Mumbai,Maharashtra,Small Business,Direct
C00989,Diya Naidu,2024-09-05,52,Male,,Andhra Pradesh,Corporate,Marketplace
C00990,Sai Naidu,2025-11-15,55,Male,,West Bengal,Consumer,Direct
C00991,Kavya Joshi,2026-02-05,31,Male,Visakhapatnam,Andhra Pradesh,Consumer,Organic Search
C00992,Rahul Nair,2025-05-05,30,Male,Delhi,Delhi,Corporate,Organic Search
C00993,Nisha Das,2023-01-20,26,Other,Delhi,Delhi,Corporate,Referral
C00994,Diya Singh,2026-01-06,44,Other,Mumbai,Maharashtra,Consumer,Organic Search
C00995,Lakshmi Das,2026-03-09,27,Other,Chennai,Tamil Nadu,Small Business,Email
C00996,Priya Rao,2025-12-30,42,Male,Kolkata,West Bengal,Consumer,Email
C00997,Divya Gupta,2023-08-02,58,Female,Ahmedabad,Gujarat,Consumer,Direct
C00998,Diya Rao,2025-03-01,49,Female,Kochi,Kerala,Consumer,Email
C00999,Ishita Naidu,2023-12-18,47,Male,Bengaluru,Karnataka,Consumer,Organic Search
C01000,Rahul Patel,2025-03-07,52,Female,Chennai,Tamil Nadu,Consumer,Direct
C01001,Naveen Rao,2024-09-27,48,Other,Vijayawada,Andhra Pradesh,Corporate,Marketplace
C01002,Priya Mehta,2023-05-12,,Female,Pune,Maharashtra,Consumer,Email
C01003,Diya Verma,2023-07-06,47,Male,Ahmedabad,Gujarat,Consumer,Direct
C01004,Sneha Rao,2023-12-25,43,Female,Pune,Maharashtra,Small Business,Direct
C01005,Arjun Iyer,2026-03-10,47,Other,Kolkata,West Bengal,Small Business,Paid Social
C01006,Pooja Joshi,2023-05-17,35,Other,Chennai,Tamil Nadu,Small Business,Marketplace
C01007,Arjun Gupta,2023-06-06,66,Male,Kolkata,West Bengal,Consumer,Paid Social
C01008,Lakshmi Joshi,2023-05-30,31,Other,Pune,Maharashtra,Corporate,Marketplace
C01009,Aarav Kumar,2023-03-19,65,Female,Delhi,Delhi,Corporate,Paid Social
C01010,Aditya Gupta,2023-05-20,60,Other,Delhi,Delhi,Consumer,Marketplace
C01011,Aarav Mehta,2023-12-16,48,Female,Chennai,Tamil Nadu,Consumer,Organic Search
C01012,Divya Kumar,2023-01-23,65,Female,Jaipur,Rajasthan,Consumer,Paid Social
C01013,Kavya Joshi,2024-03-18,63,Female,Mumbai,Maharashtra,Corporate,Email
C01014,Pooja Kumar,2025-03-10,60,Male,Vijayawada,Andhra Pradesh,Consumer,Organic Search
C01015,Meera Rao,2024-05-26,67,Female,Hyderabad,Telangana,Consumer,Marketplace
C01016,Kiran Sharma,2023-05-10,18,Other,Hyderabad,Telangana,Consumer,Paid Social
C01017,Sandeep Verma,2024-10-22,44,Female,Hyderabad,Telangana,Consumer,Email
C01018,Ishita Patel,2024-12-31,45,Female,Kolkata,West Bengal,Consumer,Referral
C01019,Lakshmi Mehta,2024-07-24,42,Male,Hyderabad,Telangana,Consumer,Paid Social
C01020,Pooja Gupta,2023-07-28,37,Other,Kolkata,West Bengal,Consumer,Organic Search
C01021,Ishita Patel,2023-09-30,38,Other,Kochi,Kerala,Corporate,Direct
C01022,Naveen Nair,2026-05-31,60,Male,Delhi,Delhi,Consumer,Direct
C01023,Aarav Mehta,2024-04-21,50,Female,Mumbai,Maharashtra,Consumer,Direct
C01024,Meera Nair,2023-10-09,66,Male,Kolkata,West Bengal,Consumer,Marketplace
C01025,Kavya Joshi,2026-05-09,59,Male,Mumbai,Maharashtra,Consumer,Referral
C01026,Lakshmi Naidu,2025-04-29,68,Male,Vijayawada,Andhra Pradesh,Corporate,Paid Social
C01027,Divya Rao,2023-04-21,39,Other,Visakhapatnam,Andhra Pradesh,Consumer,Paid Social
C01028,Aditya Naidu,2023-01-13,42,Male,Kochi,Kerala,Consumer,Paid Social
C01029,Aditya Patel,2023-09-15,58,Other,Hyderabad,Telangana,Consumer,Paid Social
C01030,Rohan Joshi,2024-09-29,50,Female,Mumbai,Maharashtra,Consumer,Paid Social
C01031,Ananya Naidu,2024-02-17,33,Male,Kochi,Kerala,Consumer,Referral
C01032,Harsha Joshi,2025-10-31,42,Male,Kolkata,West Bengal,Corporate,Marketplace
C01033,Harsha Gupta,2024-09-06,66,Female,Hyderabad,Telangana,Consumer,Paid Social
C01034,Sandeep Mehta,2025-02-07,42,Male,Pune,Maharashtra,Consumer,Paid Social
C01035,Aarav Naidu,2023-01-09,48,Other,Visakhapatnam,Andhra Pradesh,Corporate,Referral
C01036,Priya Nair,2025-02-03,43,Male,Ahmedabad,Gujarat,Consumer,Email
C01037,Priya Mehta,2023-09-12,44,Female,Bengaluru,Karnataka,Consumer,Marketplace
C01038,Pooja Nair,2025-11-09,67,Other,Pune,Maharashtra,Consumer,Direct
C01039,Kiran Nair,2024-05-20,59,Female,Hyderabad,Telangana,Small Business,Referral
C01040,Ananya Mehta,2023-10-30,63,Male,Vijayawada,Andhra Pradesh,Small Business,Paid Social
C01041,Aarav Sharma,2023-11-27,33,Female,Pune,Maharashtra,Consumer,Marketplace
C01042,Rahul Iyer,2025-11-27,63,Female,Kolkata,West Bengal,Corporate,Referral
C01043,Naveen Kumar,2025-02-22,37,Other,Visakhapatnam,Andhra Pradesh,Consumer,Direct
C01044,Sai Kumar,2024-12-06,24,Other,Bengaluru,Karnataka,Consumer,Direct
C01045,Aarav Sharma,2025-10-04,62,Female,Kolkata,West Bengal,Corporate,Marketplace
C01046,Rohan Singh,2023-12-16,44,Female,Jaipur,Rajasthan,Corporate,Paid Social
C01047,Rahul Patel,2026-03-07,29,Female,Ahmedabad,Gujarat,Consumer,Paid Social
C01048,Lakshmi Mehta,2025-06-21,34,Female,Mumbai,Maharashtra,Small Business,Paid Social
C01049,Ishita Reddy,2023-05-12,36,Other,Bengaluru,Karnataka,Consumer,Marketplace
C01050,Divya Mehta,2023-01-15,66,Female,Vijayawada,Andhra Pradesh,Consumer,Email
C01051,Nisha Nair,2024-06-28,42,Male,Hyderabad,Telangana,Consumer,Referral
C01052,Meera Verma,2024-05-05,61,Male,Delhi,Delhi,Consumer,Organic Search
C01053,Neha Naidu,2025-04-02,39,Female,,Delhi,Consumer,Organic Search
C01054,Meera Nair,2024-05-24,35,Other,Jaipur,Rajasthan,Consumer,Marketplace
C01055,Aarav Verma,2024-10-21,44,Male,,Rajasthan,Small Business,Direct
C01056,Neha Mehta,2025-03-30,61,Female,Delhi,Delhi,Consumer,Marketplace
C01057,Harsha Rao,2024-08-24,62,Other,Vijayawada,Andhra Pradesh,Consumer,Email
C01058,Nisha Das,2023-09-19,68,Female,Kochi,Kerala,Consumer,Direct
C01059,Nisha Verma,2023-08-25,47,Other,Jaipur,Rajasthan,Consumer,Paid Social
C01060,Sneha Joshi,2023-08-05,66,Female,Chennai,Tamil Nadu,Consumer,Referral
C01061,Divya Sharma,2025-09-02,67,Other,Kolkata,West Bengal,Consumer,Email
C01062,Kiran Mehta,2024-11-12,64,Other,Vijayawada,Andhra Pradesh,Consumer,Referral
C01063,Sneha Das,2026-02-24,63,Female,Kolkata,West Bengal,Consumer,Organic Search
C01064,Rahul Joshi,2026-04-27,23,Female,Pune,Maharashtra,Consumer,Paid Social
C01065,Naveen Gupta,2023-05-07,42,Female,,Delhi,Corporate,Marketplace
C01066,Vikram Verma,2023-09-16,67,Other,Delhi,Delhi,Consumer,Organic Search
C01067,Diya Naidu,2023-10-24,18,Female,Kolkata,West Bengal,Consumer,Marketplace
C01068,Harsha Singh,2023-03-12,56,Male,Chennai,Tamil Nadu,Consumer,Direct
C01069,Lakshmi Naidu,2025-09-06,35,Female,Bengaluru,Karnataka,Consumer,Direct
C01070,Neha Das,2024-03-07,21,Female,Kolkata,West Bengal,Corporate,Organic Search
C01071,Aarav Gupta,2023-11-23,49,Male,Chennai,Tamil Nadu,Consumer,Direct
C01072,Neha Kumar,2025-12-17,40,Male,Ahmedabad,Gujarat,Consumer,Paid Social
C01073,Vivaan Naidu,2026-04-03,53,Other,Visakhapatnam,Andhra Pradesh,Consumer,Direct
C01074,Sai Rao,2024-08-19,54,Female,Chennai,Tamil Nadu,Corporate,Paid Social
C01075,Arjun Verma,2026-03-24,,Female,Visakhapatnam,Andhra Pradesh,Consumer,Marketplace
C01076,Rohan Reddy,2025-08-28,28,Female,Vijayawada,Andhra Pradesh,Small Business,Direct
C01077,Kiran Reddy,2025-04-07,55,Female,Delhi,Delhi,Consumer,Marketplace
C01078,Pooja Das,2025-02-07,62,Other,Pune,Maharashtra,Consumer,Marketplace
C01079,Aarav Sharma,2025-01-22,42,Female,Vijayawada,Andhra Pradesh,Consumer,Marketplace
C01080,Naveen Mehta,2026-04-16,60,Male,Vijayawada,Andhra Pradesh,Consumer,Direct
C01081,Diya Mehta,2025-06-07,68,Female,Bengaluru,Karnataka,Consumer,Organic Search
C01082,Priya Gupta,2023-02-10,68,Other,Visakhapatnam,Andhra Pradesh,Corporate,Email
C01083,Rahul Verma,2023-09-12,22,Female,Ahmedabad,Gujarat,Consumer,Email
C01084,Arjun Reddy,2024-10-05,,Female,Visakhapatnam,Andhra Pradesh,Consumer,Direct
C01085,Aditya Sharma,2023-03-13,23,Other,Chennai,Tamil Nadu,Consumer,Email
C01086,Diya Reddy,2024-05-23,45,Other,Chennai,Tamil Nadu,Small Business,Referral
C01087,Vikram Singh,2024-10-02,52,Other,Vijayawada,Andhra Pradesh,Consumer,Paid Social
C01088,Rahul Patel,2023-03-17,24,Male,Visakhapatnam,Andhra Pradesh,Corporate,Paid Social
C01089,Sai Joshi,2024-07-22,56,Other,Chennai,Tamil Nadu,Consumer,Email
C01090,Kavya Sharma,2025-03-30,34,Male,Pune,Maharashtra,Consumer,Direct
C01091,Lakshmi Joshi,2024-07-05,52,Other,Chennai,Tamil Nadu,Consumer,Referral
C01092,Sneha Naidu,2023-12-02,60,Female,Kochi,Kerala,Consumer,Marketplace
C01093,Arjun Gupta,2024-07-07,19,Female,Kolkata,West Bengal,Consumer,Marketplace
C01094,Ananya Patel,2024-11-14,39,Female,Bengaluru,Karnataka,Consumer,Organic Search
C01095,Rohan Gupta,2023-09-10,32,Other,Kolkata,West Bengal,Small Business,Email
C01096,Sandeep Kumar,2024-07-31,24,Other,Ahmedabad,Gujarat,Consumer,Organic Search
C01097,Neha Verma,2024-12-07,38,Other,Chennai,Tamil Nadu,Consumer,Marketplace
C01098,Pooja Patel,2025-11-17,55,Other,,Gujarat,Consumer,Marketplace
C01099,Pooja Das,2025-01-28,65,Female,Kochi,Kerala,Consumer,Marketplace
C01100,Vikram Kumar,2025-08-17,47,Male,Visakhapatnam,Andhra Pradesh,Small Business,Email
C01101,Sneha Das,2024-09-17,32,Male,Visakhapatnam,Andhra Pradesh,Corporate,Direct
C01102,Naveen Reddy,2023-12-05,22,Female,Bengaluru,Karnataka,Corporate,Email
C01103,Neha Patel,2025-11-07,18,Male,Ahmedabad,Gujarat,Consumer,Direct
C01104,Rahul Naidu,2026-06-16,52,Other,Vijayawada,Andhra Pradesh,Consumer,Marketplace
C01105,Divya Mehta,2025-12-17,52,Female,Visakhapatnam,Andhra Pradesh,Consumer,Paid Social
C01106,Meera Naidu,2023-06-03,66,Female,Vijayawada,Andhra Pradesh,Consumer,Organic Search
C01107,Ishita Verma,2023-08-20,49,Female,Kolkata,West Bengal,Corporate,Organic Search
C01108,Neha Verma,2023-01-05,37,Other,Pune,Maharashtra,Consumer,Referral
C01109,Harsha Naidu,2025-08-06,50,Male,Vijayawada,Andhra Pradesh,Consumer,Organic Search
C01110,Meera Joshi,2023-01-11,47,Female,Kochi,Kerala,Consumer,Organic Search
C01111,Sai Iyer,2025-11-19,45,Female,Bengaluru,Karnataka,Small Business,Organic Search
C01112,Meera Kumar,2025-03-20,67,Male,Chennai,Tamil Nadu,Consumer,Paid Social
C01113,Rohan Patel,2025-06-18,35,Male,Jaipur,Rajasthan,Corporate,Organic Search
C01114,Sai Iyer,2023-03-24,63,Male,Delhi,Delhi,Corporate,Organic Search
C01115,Arjun Iyer,2024-06-28,60,Male,Chennai,Tamil Nadu,Consumer,Direct
C01116,Vikram Joshi,2025-03-29,26,Other,Visakhapatnam,Andhra Pradesh,Corporate,Marketplace
C01117,Sai Singh,2023-09-16,25,Other,Chennai,Tamil Nadu,Consumer,Direct
C01118,Neha Reddy,2026-05-07,21,Male,Mumbai,Maharashtra,Consumer,Referral
C01119,Neha Gupta,2023-11-09,23,Female,Ahmedabad,Gujarat,Consumer,Organic Search
C01120,Nisha Joshi,2024-02-11,62,Female,Pune,Maharashtra,Corporate,Email
C01121,Kiran Sharma,2023-11-01,29,Female,Kochi,Kerala,Consumer,Referral
C01122,Vivaan Iyer,2023-07-06,27,Male,Mumbai,Maharashtra,Consumer,Direct
C01123,Vikram Iyer,2023-05-06,32,Other,Vijayawada,Andhra Pradesh,Consumer,Organic Search
C01124,Kiran Singh,2025-05-06,41,Female,Pune,Maharashtra,Consumer,Organic Search
C01125,Ananya Mehta,2025-08-24,60,Female,Hyderabad,Telangana,Consumer,Referral
C01126,Divya Gupta,2023-01-28,41,Female,Ahmedabad,Gujarat,Consumer,Direct
C01127,Kiran Verma,2025-01-31,65,Male,Delhi,Delhi,Consumer,Marketplace
C01128,Vivaan Mehta,2023-09-04,24,Other,Bengaluru,Karnataka,Corporate,Paid Social
C01129,Harsha Singh,2026-01-24,46,Male,Visakhapatnam,Andhra Pradesh,Corporate,Paid Social
C01130,Sandeep Joshi,2025-05-06,64,Male,Jaipur,Rajasthan,Small Business,Email
C01131,Aditya Nair,2025-06-12,41,Male,Delhi,Delhi,Consumer,Email
C01132,Diya Reddy,2023-09-22,28,Other,Hyderabad,Telangana,Consumer,Direct
C01133,Vikram Sharma,2025-12-26,65,Female,Mumbai,Maharashtra,Consumer,Email
C01134,Rahul Patel,2024-07-10,53,Female,Kolkata,West Bengal,Consumer,Paid Social
C01135,Kavya Gupta,2025-11-16,,Other,Kochi,Kerala,Corporate,Referral
C01136,Rohan Rao,2023-09-01,32,Female,Pune,Maharashtra,Consumer,Referral
C01137,Ananya Naidu,2023-09-30,58,Female,Hyderabad,Telangana,Consumer,Paid Social
C01138,Meera Singh,2026-05-24,52,Female,Mumbai,Maharashtra,Small Business,Email
C01139,Ishita Reddy,2024-08-26,64,Other,Pune,Maharashtra,Corporate,Referral
C01140,Sandeep Verma,2023-02-02,64,Other,Mumbai,Maharashtra,Consumer,Direct
C01141,Sandeep Rao,2026-05-22,42,Male,Visakhapatnam,Andhra Pradesh,Consumer,Referral
C01142,Sai Nair,2025-03-20,55,Female,Mumbai,Maharashtra,Corporate,Marketplace
C01143,Kavya Patel,2024-01-07,27,Female,Delhi,Delhi,Consumer,Marketplace
C01144,Rohan Naidu,2023-11-30,29,Male,Visakhapatnam,Andhra Pradesh,Consumer,Paid Social
C01145,Arjun Joshi,2025-04-04,27,Other,Bengaluru,Karnataka,Consumer,Organic Search
C01146,Lakshmi Reddy,2023-01-28,24,Female,Kochi,Kerala,Consumer,Organic Search
C01147,Arjun Gupta,2023-01-20,27,Other,Pune,Maharashtra,Corporate,Direct
C01148,Rohan Kumar,2025-06-28,30,Male,Bengaluru,Karnataka,Consumer,Paid Social
C01149,Aarav Naidu,2023-09-10,52,Female,Hyderabad,Telangana,Consumer,Referral
C01150,Kiran Reddy,2023-01-03,50,Female,Bengaluru,Karnataka,Consumer,Paid Social
C01151,Divya Joshi,2025-02-26,59,Female,Delhi,Delhi,Consumer,Organic Search
C01152,Harsha Singh,2023-06-06,24,Female,Mumbai,Maharashtra,Consumer,Organic Search
C01153,Harsha Patel,2024-11-16,56,Other,Hyderabad,Telangana,Consumer,Direct
C01154,Ananya Nair,2023-08-01,37,Other,Vijayawada,Andhra Pradesh,Consumer,Referral
C01155,Lakshmi Patel,2023-11-01,22,Male,Visakhapatnam,Andhra Pradesh,Consumer,Marketplace
C01156,Arjun Mehta,2023-05-18,68,Male,Visakhapatnam,Andhra Pradesh,Small Business,Referral
C01157,Meera Singh,2025-02-27,23,Male,Chennai,Tamil Nadu,Consumer,Direct
C01158,Priya Iyer,2024-05-18,56,Other,Kolkata,West Bengal,Consumer,Email
C01159,Naveen Joshi,2023-06-21,52,Male,Ahmedabad,Gujarat,Consumer,Direct
C01160,Rahul Naidu,2023-01-06,32,Female,Visakhapatnam,Andhra Pradesh,Consumer,Marketplace
C01161,Diya Nair,2023-10-13,25,Female,Chennai,Tamil Nadu,Corporate,Email
C01162,Arjun Joshi,2023-10-10,33,Other,Kolkata,West Bengal,Consumer,Direct
C01163,Divya Mehta,2023-08-06,62,Female,Hyderabad,Telangana,Consumer,Email
C01164,Aditya Reddy,2024-05-16,19,Other,Chennai,Tamil Nadu,Corporate,Marketplace
C01165,Pooja Kumar,2025-12-16,66,Male,Chennai,Tamil Nadu,Consumer,Referral
C01166,Sai Reddy,2023-08-16,68,Other,,Gujarat,Consumer,Paid Social
C01167,Sandeep Joshi,2025-07-19,,Male,Jaipur,Rajasthan,Small Business,Email
C01168,Aditya Gupta,2024-07-10,63,Male,Pune,Maharashtra,Small Business,Paid Social
C01169,Rohan Naidu,2025-03-14,31,Other,Visakhapatnam,Andhra Pradesh,Small Business,Email
C01170,Priya Patel,2025-04-09,62,Female,Bengaluru,Karnataka,Corporate,Direct
C01171,Harsha Das,2025-01-12,30,Male,Kolkata,West Bengal,Consumer,Referral
C01172,Diya Rao,2023-01-23,52,Other,Chennai,Tamil Nadu,Consumer,Organic Search
C01173,Naveen Das,2023-04-02,35,Male,Mumbai,Maharashtra,Consumer,Referral
C01174,Priya Gupta,2024-08-01,,Female,Bengaluru,Karnataka,Consumer,Marketplace
C01175,Ishita Iyer,2023-07-19,40,Other,Visakhapatnam,Andhra Pradesh,Consumer,Email
C01176,Vivaan Kumar,2026-04-15,19,Female,Chennai,Tamil Nadu,Consumer,Marketplace
C01177,Divya Verma,2024-03-17,58,Female,Bengaluru,Karnataka,Corporate,Paid Social
C01178,Ishita Nair,2025-12-07,51,Female,Jaipur,Rajasthan,Consumer,Referral
C01179,Kiran Rao,2025-03-04,45,Other,Kochi,Kerala,Consumer,Paid Social
C01180,Sai Das,2023-01-31,58,Male,Kochi,Kerala,Consumer,Organic Search
C01181,Rohan Sharma,2024-08-28,24,Male,Ahmedabad,Gujarat,Consumer,Referral
C01182,Nisha Kumar,2024-06-12,22,Male,Bengaluru,Karnataka,Consumer,Paid Social
C01183,Priya Iyer,2024-08-10,54,Other,Bengaluru,Karnataka,Small Business,Paid Social
C01184,Meera Sharma,2024-10-04,41,Other,Ahmedabad,Gujarat,Consumer,Marketplace
C01185,Neha Das,2023-04-27,61,Female,Pune,Maharashtra,Consumer,Email
C01186,Naveen Iyer,2023-11-21,27,Female,Hyderabad,Telangana,Consumer,Marketplace
C01187,Kavya Sharma,2025-12-31,23,Female,Vijayawada,Andhra Pradesh,Consumer,Organic Search
C01188,Ishita Singh,2023-05-13,67,Other,Kolkata,West Bengal,Consumer,Direct
C01189,Sai Nair,2026-01-21,48,Female,Visakhapatnam,Andhra Pradesh,Consumer,Referral
C01190,Meera Das,2023-05-08,20,Male,Kochi,Kerala,Small Business,Paid Social
C01191,Ananya Kumar,2025-05-16,31,Other,Hyderabad,Telangana,Consumer,Paid Social
C01192,Sneha Gupta,2025-07-13,35,Female,Bengaluru,Karnataka,Consumer,Referral
C01193,Diya Patel,2024-12-01,21,Female,Chennai,Tamil Nadu,Consumer,Marketplace
C01194,Meera Joshi,2025-06-13,48,Other,Ahmedabad,Gujarat,Consumer,Organic Search
C01195,Harsha Patel,2026-03-30,68,Male,Jaipur,Rajasthan,Consumer,Direct
C01196,Sai Nair,2025-07-28,65,Male,,Andhra Pradesh,Consumer,Direct
C01197,Sai Verma,2025-07-11,34,Male,,West Bengal,Consumer,Email
C01198,Pooja Gupta,2025-05-10,20,Female,Bengaluru,Karnataka,Consumer,Paid Social
C01199,Aarav Singh,2026-03-27,31,Male,Delhi,Delhi,Consumer,Referral
C01200,Sneha Iyer,2025-07-22,25,Male,Jaipur,Rajasthan,Consumer,Email
C01201,Kavya Iyer,2023-12-27,51,Male,Kolkata,West Bengal,Consumer,Email
C01202,Lakshmi Kumar,2025-06-14,52,Other,Chennai,Tamil Nadu,Consumer,Organic Search
C01203,Arjun Nair,2025-04-22,24,Other,,Karnataka,Corporate,Email
C01204,Divya Kumar,2023-03-08,58,Male,Bengaluru,Karnataka,Consumer,Marketplace
C01205,Meera Das,2023-09-12,42,Male,Jaipur,Rajasthan,Consumer,Direct
C01206,Kiran Gupta,2025-02-06,68,Male,,Andhra Pradesh,Consumer,Direct
C01207,Divya Rao,2025-04-29,37,Female,Pune,Maharashtra,Small Business,Marketplace
C01208,Neha Mehta,2025-11-28,18,Male,Hyderabad,Telangana,Consumer,Email
C01209,Lakshmi Iyer,2026-06-16,33,Female,Kolkata,West Bengal,Corporate,Email
C01210,Priya Singh,2023-12-22,26,Other,Kolkata,West Bengal,Consumer,Paid Social
C01211,Priya Naidu,2026-03-27,63,Other,Bengaluru,Karnataka,Small Business,Email
C01212,Aarav Verma,2025-06-14,38,Other,Chennai,Tamil Nadu,Consumer,Email
C01213,Aarav Joshi,2025-02-22,52,Other,Visakhapatnam,Andhra Pradesh,Consumer,Marketplace
C01214,Diya Rao,2024-03-30,58,Other,Vijayawada,Andhra Pradesh,Corporate,Direct
C01215,Sai Verma,2023-06-19,67,Female,Kolkata,West Bengal,Consumer,Email
C01216,Sai Kumar,2023-08-08,25,Male,Bengaluru,Karnataka,Small Business,Organic Search
C01217,Priya Sharma,2024-03-01,49,Male,Bengaluru,Karnataka,Corporate,Marketplace
C01218,Priya Singh,2025-05-09,49,Other,Bengaluru,Karnataka,Small Business,Paid Social
C01219,Lakshmi Mehta,2026-03-07,,Female,Chennai,Tamil Nadu,Consumer,Referral
C01220,Rohan Gupta,2023-01-11,48,Other,Delhi,Delhi,Consumer,Organic Search
C01221,Sai Rao,2025-11-14,56,Male,Mumbai,Maharashtra,Consumer,Paid Social
C01222,Ananya Kumar,2023-09-17,38,Male,Hyderabad,Telangana,Consumer,Organic Search
C01223,Sneha Gupta,2025-10-12,63,Male,Delhi,Delhi,Small Business,Referral
C01224,Priya Sharma,2024-07-29,30,Other,Chennai,Tamil Nadu,Corporate,Email
C01225,Sneha Nair,2025-09-26,28,Male,Pune,Maharashtra,Consumer,Referral
C01226,Naveen Singh,2024-02-14,57,Male,Delhi,Delhi,Small Business,Organic Search
C01227,Naveen Iyer,2024-06-02,28,Male,Ahmedabad,Gujarat,Consumer,Direct
C01228,Sneha Das,2024-10-22,40,Female,Jaipur,Rajasthan,Consumer,Organic Search
C01229,Arjun Reddy,2024-10-05,60,Male,Mumbai,Maharashtra,Consumer,Direct
C01230,Sandeep Sharma,2024-04-21,31,Male,Delhi,Delhi,Consumer,Paid Social
C01231,Divya Sharma,2026-05-29,31,Other,Jaipur,Rajasthan,Small Business,Marketplace
C01232,Rahul Reddy,2024-02-10,66,Male,Vijayawada,Andhra Pradesh,Consumer,Referral
C01233,Naveen Iyer,2024-10-31,25,Female,Kolkata,West Bengal,Consumer,Referral
C01234,Kavya Kumar,2023-01-10,59,Female,Hyderabad,Telangana,Corporate,Marketplace
C01235,Aditya Nair,2023-02-03,52,Female,Hyderabad,Telangana,Corporate,Marketplace
C01236,Aditya Gupta,2025-03-30,37,Male,Visakhapatnam,Andhra Pradesh,Consumer,Organic Search
C01237,Meera Mehta,2023-09-06,37,Female,Kolkata,West Bengal,Consumer,Organic Search
C01238,Kiran Patel,2025-06-11,26,Female,Hyderabad,Telangana,Consumer,Referral
C01239,Vivaan Sharma,2024-06-15,18,Female,Jaipur,Rajasthan,Small Business,Organic Search
C01240,Ananya Joshi,2025-02-16,39,Female,Pune,Maharashtra,Small Business,Email
C01241,Sneha Verma,2026-04-11,25,Male,Ahmedabad,Gujarat,Consumer,Email
C01242,Ishita Das,2024-07-28,33,Other,Jaipur,Rajasthan,Consumer,Organic Search
C01243,Kiran Verma,2026-02-17,67,Other,Pune,Maharashtra,Corporate,Paid Social
C01244,Aarav Verma,2024-03-11,22,Female,Visakhapatnam,Andhra Pradesh,Consumer,Marketplace
C01245,Vikram Gupta,2026-04-24,49,Male,Mumbai,Maharashtra,Corporate,Referral
C01246,Sai Rao,2023-08-05,47,Male,Visakhapatnam,Andhra Pradesh,Consumer,Marketplace
C01247,Ananya Iyer,2023-05-21,50,Female,Kochi,Kerala,Consumer,Email
C01248,Kiran Reddy,2023-08-14,24,Male,Vijayawada,Andhra Pradesh,Consumer,Organic Search
C01249,Sandeep Sharma,2023-08-31,60,Male,Ahmedabad,Gujarat,Consumer,Paid Social
C01250,Ananya Singh,2025-06-22,50,Female,Kolkata,West Bengal,Consumer,Marketplace
C01251,Harsha Kumar,2023-12-28,45,Other,Visakhapatnam,Andhra Pradesh,Consumer,Email
C01252,Kiran Sharma,2023-08-16,24,Female,Kolkata,West Bengal,Small Business,Email
C01253,Harsha Joshi,2024-04-08,33,Other,Pune,Maharashtra,Consumer,Marketplace
C01254,Nisha Rao,2024-07-03,32,Female,Bengaluru,Karnataka,Corporate,Referral
C01255,Arjun Patel,2023-01-07,36,Other,Vijayawada,Andhra Pradesh,Small Business,Email
C01256,Rohan Singh,2024-05-03,65,Other,Ahmedabad,Gujarat,Consumer,Paid Social
C01257,Sneha Singh,2025-08-29,47,Female,,Delhi,Consumer,Referral
C01258,Meera Nair,2026-05-01,28,Other,Bengaluru,Karnataka,Consumer,Paid Social
C01259,Kiran Gupta,2024-08-18,25,Other,,Gujarat,Consumer,Paid Social
C01260,Nisha Joshi,2025-07-15,24,Male,Bengaluru,Karnataka,Small Business,Referral
C01261,Diya Joshi,2024-12-23,49,Male,Vijayawada,Andhra Pradesh,Small Business,Direct
C01262,Sai Iyer,2023-02-12,48,Female,Kochi,Kerala,Consumer,Paid Social
C01263,Meera Rao,2025-06-01,49,Other,Delhi,Delhi,Consumer,Marketplace
C01264,Kavya Gupta,2026-01-20,24,Female,Vijayawada,Andhra Pradesh,Consumer,Direct
C01265,Diya Rao,2024-07-19,39,Female,Delhi,Delhi,Consumer,Direct
C01266,Meera Kumar,2026-03-06,57,Female,Delhi,Delhi,Small Business,Marketplace
C01267,Harsha Gupta,2024-08-16,27,Other,Vijayawada,Andhra Pradesh,Consumer,Marketplace
C01268,Rahul Kumar,2023-03-25,22,Other,,Maharashtra,Consumer,Marketplace
C01269,Vivaan Kumar,2023-01-02,18,Female,Pune,Maharashtra,Consumer,Referral
C01270,Pooja Kumar,2023-06-26,60,Female,Jaipur,Rajasthan,Small Business,Paid Social
C01271,Nisha Singh,2023-03-07,55,Female,Kolkata,West Bengal,Corporate,Direct
C01272,Diya Mehta,2024-06-19,45,Male,Kolkata,West Bengal,Consumer,Marketplace
C01273,Ananya Patel,2024-02-13,38,Male,Vijayawada,Andhra Pradesh,Consumer,Referral
C01274,Sandeep Patel,2025-08-02,23,Male,Pune,Maharashtra,Corporate,Marketplace
C01275,Divya Joshi,2025-10-28,26,Male,Bengaluru,Karnataka,Consumer,Marketplace
C01276,Aarav Das,2026-02-18,44,Male,Ahmedabad,Gujarat,Consumer,Paid Social
C01277,Sai Mehta,2025-02-03,37,Other,Kochi,Kerala,Small Business,Referral
C01278,Kavya Das,2023-01-13,66,Other,Hyderabad,Telangana,Consumer,Organic Search
C01279,Ishita Mehta,2023-08-08,21,Female,Bengaluru,Karnataka,Corporate,Email
C01280,Divya Gupta,2026-04-12,62,Other,Ahmedabad,Gujarat,Corporate,Direct
C01281,Sai Rao,2025-10-11,51,Other,Mumbai,Maharashtra,Consumer,Paid Social
C01282,Nisha Mehta,2023-01-14,58,Other,Pune,Maharashtra,Consumer,Organic Search
C01283,Kiran Rao,2023-07-18,27,Female,Hyderabad,Telangana,Consumer,Email
C01284,Nisha Patel,2025-04-08,43,Female,Ahmedabad,Gujarat,Corporate,Email
C01285,Arjun Iyer,2026-06-17,57,Female,Pune,Maharashtra,Consumer,Paid Social
C01286,Rahul Nair,2026-01-24,65,Male,Chennai,Tamil Nadu,Consumer,Direct
C01287,Priya Joshi,2025-03-12,55,Female,Bengaluru,Karnataka,Consumer,Marketplace
C01288,Aarav Mehta,2025-03-08,19,Male,Chennai,Tamil Nadu,Consumer,Direct
C01289,Sai Nair,2024-12-27,57,Other,Vijayawada,Andhra Pradesh,Consumer,Organic Search
C01290,Meera Joshi,2024-03-07,40,Other,Chennai,Tamil Nadu,Consumer,Organic Search
C01291,Ishita Nair,2026-02-27,59,Other,Chennai,Tamil Nadu,Corporate,Paid Social
C01292,Aditya Naidu,2025-03-17,68,Other,Pune,Maharashtra,Consumer,Marketplace
C01293,Divya Gupta,2025-11-04,60,Male,Kochi,Kerala,Consumer,Referral
C01294,Aditya Reddy,2025-04-06,55,Female,Kochi,Kerala,Corporate,Paid Social
C01295,Ishita Das,2025-09-02,24,Female,Mumbai,Maharashtra,Small Business,Direct
C01296,Sneha Sharma,2025-02-25,24,Female,Mumbai,Maharashtra,Consumer,Organic Search
C01297,Lakshmi Naidu,2026-05-27,65,Female,Hyderabad,Telangana,Small Business,Referral
C01298,Sandeep Rao,2026-03-21,62,Female,Bengaluru,Karnataka,Consumer,Marketplace
C01299,Vikram Das,2025-06-07,36,Female,Vijayawada,Andhra Pradesh,Consumer,Organic Search
C01300,Aarav Singh,2023-10-15,60,Male,Vijayawada,Andhra Pradesh,Consumer,Organic Search
C01301,Nisha Rao,2025-12-17,29,Female,Delhi,Delhi,Consumer,Marketplace
C01302,Aditya Nair,2023-10-10,40,Male,Jaipur,Rajasthan,Consumer,Organic Search
C01303,Arjun Nair,2023-07-26,23,Female,Kochi,Kerala,Consumer,Email
C01304,Priya Joshi,2024-05-29,19,Male,Delhi,Delhi,Consumer,Paid Social
C01305,Harsha Gupta,2025-11-26,22,Male,Pune,Maharashtra,Consumer,Organic Search
C01306,Lakshmi Reddy,2024-06-22,62,Female,Jaipur,Rajasthan,Consumer,Referral
C01307,Sandeep Naidu,2024-02-23,39,Other,Mumbai,Maharashtra,Consumer,Direct
C01308,Harsha Joshi,2026-02-28,33,Female,Hyderabad,Telangana,Consumer,Organic Search
C01309,Nisha Patel,2026-02-03,56,Male,Kolkata,West Bengal,Corporate,Organic Search
C01310,Nisha Kumar,2025-06-02,49,Female,Hyderabad,Telangana,Consumer,Organic Search
C01311,Priya Verma,2026-05-30,67,Other,Hyderabad,Telangana,Corporate,Email
C01312,Sneha Joshi,2023-09-14,21,Male,Ahmedabad,Gujarat,Consumer,Organic Search
C01313,Meera Rao,2025-01-23,25,Male,Ahmedabad,Gujarat,Consumer,Organic Search
C01314,Neha Das,2025-04-25,32,Other,,Maharashtra,Consumer,Organic Search
C01315,Kavya Patel,2023-09-17,33,Male,Visakhapatnam,Andhra Pradesh,Consumer,Referral
C01316,Harsha Iyer,2023-09-23,59,Male,Kochi,Kerala,Consumer,Direct
C01317,Pooja Joshi,2025-10-10,22,Male,Bengaluru,Karnataka,Small Business,Paid Social
C01318,Diya Naidu,2026-02-03,63,Other,Ahmedabad,Gujarat,Consumer,Referral
C01319,Sneha Joshi,2024-12-10,62,Other,Delhi,Delhi,Consumer,Organic Search
C01320,Neha Gupta,2024-09-16,26,Female,Mumbai,Maharashtra,Consumer,Direct
C01321,Arjun Reddy,2025-07-18,20,Male,Chennai,Tamil Nadu,Corporate,Referral
C01322,Vivaan Kumar,2023-06-23,55,Other,Pune,Maharashtra,Consumer,Organic Search
C01323,Rohan Verma,2025-02-15,42,Male,Kolkata,West Bengal,Consumer,Direct
C01324,Harsha Das,2023-02-23,20,Male,Pune,Maharashtra,Small Business,Referral
C01325,Sneha Naidu,2026-06-26,31,Male,Kochi,Kerala,Corporate,Direct
C01326,Sandeep Nair,2024-08-11,24,Male,Hyderabad,Telangana,Consumer,Email
C01327,Sai Reddy,2024-05-02,34,Male,Jaipur,Rajasthan,Corporate,Referral
C01328,Priya Reddy,2026-03-15,33,Other,Bengaluru,Karnataka,Consumer,Referral
C01329,Aarav Sharma,2026-05-30,34,Male,Vijayawada,Andhra Pradesh,Consumer,Referral
C01330,Kavya Reddy,2023-01-19,29,Male,,Maharashtra,Consumer,Email
C01331,Harsha Gupta,2024-07-20,44,Male,Mumbai,Maharashtra,Small Business,Marketplace
C01332,Sai Rao,2025-10-10,34,Other,Chennai,Tamil Nadu,Consumer,Email
C01333,Divya Gupta,2024-01-13,21,Male,Vijayawada,Andhra Pradesh,Consumer,Organic Search
C01334,Ananya Reddy,2024-06-14,63,Other,Jaipur,Rajasthan,Corporate,Referral
C01335,Aditya Gupta,2023-08-12,63,Male,Jaipur,Rajasthan,Consumer,Organic Search
C01336,Aditya Verma,2025-05-01,31,Male,Mumbai,Maharashtra,Small Business,Paid Social
C01337,Lakshmi Singh,2025-04-15,38,Male,Hyderabad,Telangana,Small Business,Referral
C01338,Naveen Reddy,2023-11-04,19,Female,Kochi,Kerala,Consumer,Referral
C01339,Pooja Singh,2026-04-05,63,Female,Jaipur,Rajasthan,Consumer,Email
C01340,Aditya Rao,2023-06-10,60,Other,Hyderabad,Telangana,Consumer,Email
C01341,Vikram Das,2023-09-06,53,Female,Vijayawada,Andhra Pradesh,Consumer,Direct
C01342,Diya Rao,2026-03-24,51,Male,Jaipur,Rajasthan,Consumer,Referral
C01343,Kavya Joshi,2024-05-08,47,Male,Mumbai,Maharashtra,Consumer,Referral
C01344,Harsha Rao,2025-09-18,50,Male,Jaipur,Rajasthan,Corporate,Paid Social
C01345,Divya Mehta,2025-04-14,26,Other,Kochi,Kerala,Consumer,Referral
C01346,Vikram Patel,2025-05-12,39,Other,Pune,Maharashtra,Consumer,Paid Social
C01347,Sandeep Joshi,2024-06-23,,Male,Chennai,Tamil Nadu,Corporate,Paid Social
C01348,Sai Gupta,2023-05-30,,Other,Hyderabad,Telangana,Small Business,Marketplace
C01349,Arjun Singh,2024-08-23,26,Male,Delhi,Delhi,Consumer,Email
C01350,Kavya Iyer,2024-12-27,64,Other,Bengaluru,Karnataka,Consumer,Marketplace
C01351,Neha Das,2024-01-11,66,Other,Pune,Maharashtra,Small Business,Email
C01352,Divya Verma,2025-01-27,27,Male,Bengaluru,Karnataka,Consumer,Marketplace
C01353,Kiran Kumar,2023-07-18,50,Male,Chennai,Tamil Nadu,Consumer,Email
C01354,Diya Singh,2025-05-23,51,Male,Jaipur,Rajasthan,Consumer,Paid Social
C01355,Sneha Gupta,2024-03-07,20,Male,Chennai,Tamil Nadu,Consumer,Email
C01356,Ananya Nair,2024-08-12,24,Male,Delhi,Delhi,Consumer,Paid Social
C01357,Divya Kumar,2024-04-19,34,Female,Pune,Maharashtra,Consumer,Email
C01358,Sandeep Gupta,2023-03-23,66,Female,Jaipur,Rajasthan,Consumer,Organic Search
C01359,Neha Nair,2025-05-23,31,Other,Delhi,Delhi,Consumer,Marketplace
C01360,Kavya Iyer,2023-09-03,25,Male,Pune,Maharashtra,Consumer,Paid Social
C01361,Neha Das,2023-06-11,64,Female,Pune,Maharashtra,Corporate,Referral
C01362,Divya Das,2025-11-16,50,Female,Chennai,Tamil Nadu,Corporate,Referral
C01363,Ishita Rao,2025-12-03,45,Other,Hyderabad,Telangana,Consumer,Direct
C01364,Priya Naidu,2026-04-15,58,Female,Hyderabad,Telangana,Consumer,Referral
C01365,Diya Patel,2025-10-14,27,Female,Ahmedabad,Gujarat,Consumer,Organic Search
C01366,Nisha Gupta,2023-05-18,64,Other,,Rajasthan,Consumer,Paid Social
C01367,Kiran Verma,2026-04-10,44,Male,Hyderabad,Telangana,Consumer,Direct
C01368,Nisha Das,2025-09-20,37,Other,Chennai,Tamil Nadu,Consumer,Referral
C01369,Sneha Nair,2024-08-11,48,Male,Jaipur,Rajasthan,Consumer,Marketplace
C01370,Meera Joshi,2023-08-21,29,Male,Bengaluru,Karnataka,Corporate,Marketplace
C01371,Ananya Gupta,2024-08-18,56,Female,Ahmedabad,Gujarat,Small Business,Marketplace
C01372,Sneha Iyer,2024-10-12,53,Male,Hyderabad,Telangana,Consumer,Referral
C01373,Diya Nair,2023-04-04,35,Male,Hyderabad,Telangana,Consumer,Paid Social
C01374,Harsha Singh,2026-06-10,31,Female,Jaipur,Rajasthan,Consumer,Organic Search
C01375,Meera Das,2024-11-13,19,Other,Visakhapatnam,Andhra Pradesh,Consumer,Organic Search
C01376,Sandeep Iyer,2023-11-18,31,Other,Jaipur,Rajasthan,Consumer,Paid Social
C01377,Aarav Reddy,2024-05-24,39,Female,Delhi,Delhi,Corporate,Email
C01378,Diya Kumar,2023-11-18,50,Female,Bengaluru,Karnataka,Consumer,Direct
C01379,Lakshmi Iyer,2025-02-12,20,Female,Mumbai,Maharashtra,Corporate,Referral
C01380,Aarav Reddy,2025-04-30,22,Other,Bengaluru,Karnataka,Corporate,Email
C01381,Harsha Naidu,2024-02-02,24,Male,Chennai,Tamil Nadu,Corporate,Marketplace
C01382,Arjun Kumar,2024-02-20,,Other,Jaipur,Rajasthan,Consumer,Marketplace
C01383,Ananya Nair,2026-02-22,45,Male,Pune,Maharashtra,Small Business,Email
C01384,Meera Das,2025-03-17,33,Other,Jaipur,Rajasthan,Corporate,Marketplace
C01385,Kavya Singh,2024-04-20,54,Male,Mumbai,Maharashtra,Consumer,Direct
C01386,Arjun Gupta,2023-06-21,39,Female,Pune,Maharashtra,Consumer,Marketplace
C01387,Vikram Joshi,2025-08-27,33,Other,Kochi,Kerala,Corporate,Organic Search
C01388,Vivaan Singh,2023-11-05,34,Other,Ahmedabad,Gujarat,Consumer,Marketplace
C01389,Sandeep Nair,2025-09-27,35,Male,Hyderabad,Telangana,Small Business,Paid Social
C01390,Arjun Iyer,2023-06-16,47,Other,Delhi,Delhi,Consumer,Paid Social
C01391,Kavya Naidu,2024-02-09,28,Female,Hyderabad,Telangana,Consumer,Marketplace
C01392,Neha Naidu,2023-10-14,28,Other,Ahmedabad,Gujarat,Consumer,Organic Search
C01393,Vikram Singh,2024-07-09,25,Other,Pune,Maharashtra,Small Business,Email
C01394,Harsha Joshi,2024-02-23,28,Male,Vijayawada,Andhra Pradesh,Consumer,Referral
C01395,Rohan Gupta,2023-10-05,47,Other,Ahmedabad,Gujarat,Corporate,Organic Search
C01396,Diya Joshi,2023-01-12,44,Female,Delhi,Delhi,Consumer,Organic Search
C01397,Harsha Patel,2025-08-17,47,Female,Jaipur,Rajasthan,Consumer,Email
C01398,Diya Naidu,2024-07-16,40,Male,Mumbai,Maharashtra,Consumer,Referral
C01399,Sandeep Verma,2026-02-23,57,Other,Delhi,Delhi,Consumer,Email
C01400,Naveen Sharma,2024-06-22,24,Female,Chennai,Tamil Nadu,Corporate,Email
C01401,Harsha Kumar,2026-04-27,67,Other,Vijayawada,Andhra Pradesh,Small Business,Direct
C01402,Aditya Das,2024-03-19,31,Other,Ahmedabad,Gujarat,Consumer,Paid Social
C01403,Sai Gupta,2023-04-17,18,Male,Ahmedabad,Gujarat,Consumer,Marketplace
C01404,Priya Iyer,2026-02-21,37,Male,Delhi,Delhi,Corporate,Referral
C01405,Rahul Patel,2026-05-24,51,Other,Pune,Maharashtra,Corporate,Direct
C01406,Divya Sharma,2024-05-28,45,Other,Chennai,Tamil Nadu,Small Business,Direct
C01407,Divya Singh,2025-08-12,29,Other,Delhi,Delhi,Consumer,Email
C01408,Rahul Nair,2023-01-22,30,Male,Jaipur,Rajasthan,Consumer,Organic Search
C01409,Vikram Reddy,2024-06-03,37,Other,Kochi,Kerala,Consumer,Direct
C01410,Ananya Verma,2024-06-02,59,Female,Pune,Maharashtra,Small Business,Organic Search
C01411,Rohan Nair,2025-10-01,48,Other,Visakhapatnam,Andhra Pradesh,Small Business,Email
C01412,Pooja Joshi,2023-11-10,20,Female,Bengaluru,Karnataka,Small Business,Paid Social
C01413,Lakshmi Joshi,2025-06-27,44,Female,Bengaluru,Karnataka,Consumer,Email
C01414,Divya Naidu,2024-11-12,30,Male,Pune,Maharashtra,Small Business,Paid Social
C01415,Sneha Naidu,2025-04-05,64,Other,Kochi,Kerala,Consumer,Organic Search
C01416,Rohan Nair,2023-06-21,66,Female,Mumbai,Maharashtra,Consumer,Paid Social
C01417,Diya Kumar,2023-01-07,50,Other,Visakhapatnam,Andhra Pradesh,Consumer,Referral
C01418,Aditya Sharma,2025-08-06,54,Female,Ahmedabad,Gujarat,Consumer,Organic Search
C01419,Aarav Rao,2023-12-13,38,Other,Chennai,Tamil Nadu,Consumer,Organic Search
C01420,Neha Das,2024-01-27,33,Other,Visakhapatnam,Andhra Pradesh,Consumer,Organic Search
C01421,Ishita Iyer,2026-03-03,63,Female,Kolkata,West Bengal,Corporate,Referral
C01422,Ananya Sharma,2025-06-19,29,Male,Mumbai,Maharashtra,Consumer,Referral
C01423,Vivaan Naidu,2023-12-16,67,Other,Delhi,Delhi,Consumer,Email
C01424,Rahul Singh,2024-08-14,31,Other,Kochi,Kerala,Small Business,Email
C01425,Ananya Rao,2024-03-07,68,Male,Visakhapatnam,Andhra Pradesh,Consumer,Organic Search
C01426,Naveen Singh,2025-08-14,60,Male,Jaipur,Rajasthan,Consumer,Direct
C01427,Aarav Patel,2025-01-04,20,Male,Kochi,Kerala,Consumer,Referral
C01428,Kavya Gupta,2023-11-30,24,Female,Vijayawada,Andhra Pradesh,Corporate,Marketplace
C01429,Nisha Naidu,2025-03-28,47,Female,Kochi,Kerala,Consumer,Referral
C01430,Kiran Das,2023-03-24,39,Other,Kochi,Kerala,Consumer,Marketplace
C01431,Rohan Kumar,2025-11-14,54,Other,Pune,Maharashtra,Small Business,Email
C01432,Vivaan Sharma,2024-11-13,54,Male,Mumbai,Maharashtra,Corporate,Paid Social
C01433,Rahul Patel,2023-10-30,47,Male,Delhi,Delhi,Consumer,Paid Social
C01434,Divya Gupta,2023-11-12,31,Male,Mumbai,Maharashtra,Consumer,Paid Social
C01435,Nisha Verma,2024-03-11,24,Male,Delhi,Delhi,Corporate,Direct
C01436,Sai Iyer,2024-10-13,66,Male,Mumbai,Maharashtra,Small Business,Direct
C01437,Nisha Verma,2024-12-11,45,Other,Visakhapatnam,Andhra Pradesh,Small Business,Organic Search
C01438,Ishita Gupta,2025-01-11,56,Female,Mumbai,Maharashtra,Consumer,Marketplace
C01439,Rahul Kumar,2023-04-01,59,Male,Bengaluru,Karnataka,Consumer,Marketplace
C01440,Divya Naidu,2025-03-03,29,Male,Vijayawada,Andhra Pradesh,Consumer,Marketplace
C01441,Kavya Das,2023-08-06,28,Female,Chennai,Tamil Nadu,Consumer,Direct
C01442,Rohan Singh,2023-01-26,59,Female,Bengaluru,Karnataka,Consumer,Marketplace
C01443,Sneha Das,2025-04-02,,Female,Vijayawada,Andhra Pradesh,Consumer,Referral
C01444,Vikram Singh,2025-07-11,58,Male,Visakhapatnam,Andhra Pradesh,Corporate,Email
C01445,Priya Naidu,2025-12-24,25,Other,Delhi,Delhi,Consumer,Organic Search
C01446,Neha Naidu,2026-06-12,63,Male,Delhi,Delhi,Consumer,Marketplace
C01447,Vivaan Mehta,2025-01-21,20,Other,Pune,Maharashtra,Consumer,Marketplace
C01448,Ananya Patel,2026-01-16,61,Male,Delhi,Delhi,Consumer,Organic Search
C01449,Meera Joshi,2023-08-17,38,Female,Ahmedabad,Gujarat,Consumer,Marketplace
C01450,Lakshmi Nair,2023-10-24,29,Male,Mumbai,Maharashtra,Small Business,Referral
C01451,Naveen Nair,2025-12-08,62,Female,Ahmedabad,Gujarat,Consumer,Referral
C01452,Priya Gupta,2023-07-27,27,Other,Hyderabad,Telangana,Consumer,Direct
C01453,Neha Verma,2024-06-10,37,Other,Visakhapatnam,Andhra Pradesh,Small Business,Marketplace
C01454,Harsha Gupta,2024-09-12,68,Other,Bengaluru,Karnataka,Corporate,Paid Social
C01455,Ananya Joshi,2025-06-13,21,Other,Visakhapatnam,Andhra Pradesh,Corporate,Referral
C01456,Divya Kumar,2024-01-07,60,Male,Jaipur,Rajasthan,Consumer,Paid Social
C01457,Kavya Mehta,2024-06-30,68,Other,Hyderabad,Telangana,Consumer,Paid Social
C01458,Diya Joshi,2026-06-06,19,Other,Mumbai,Maharashtra,Consumer,Marketplace
C01459,Nisha Gupta,2025-03-07,44,Female,Kochi,Kerala,Consumer,Referral
C01460,Rahul Gupta,2025-10-18,46,Other,Delhi,Delhi,Consumer,Marketplace
C01461,Lakshmi Nair,2023-06-10,43,Other,Pune,Maharashtra,Small Business,Organic Search
C01462,Ishita Nair,2024-08-20,65,Other,Mumbai,Maharashtra,Consumer,Paid Social
C01463,Sneha Das,2025-06-02,55,Female,Kochi,Kerala,Corporate,Referral
C01464,Sai Iyer,2026-01-05,65,Other,Jaipur,Rajasthan,Small Business,Organic Search
C01465,Diya Patel,2026-03-14,43,Female,Bengaluru,Karnataka,Corporate,Direct
C01466,Harsha Kumar,2025-05-06,53,Male,Kolkata,West Bengal,Corporate,Direct
C01467,Vikram Gupta,2024-10-12,60,Other,Bengaluru,Karnataka,Consumer,Marketplace
C01468,Rohan Naidu,2025-07-09,66,Female,Ahmedabad,Gujarat,Consumer,Organic Search
C01469,Priya Mehta,2023-07-21,39,Other,Jaipur,Rajasthan,Consumer,Marketplace
C01470,Harsha Mehta,2023-10-11,30,Other,Kolkata,West Bengal,Small Business,Email
C01471,Kiran Patel,2026-06-02,64,Other,Kochi,Kerala,Consumer,Direct
C01472,Sandeep Gupta,2025-03-08,,Female,Bengaluru,Karnataka,Corporate,Paid Social
C01473,Pooja Rao,2025-08-25,41,Male,Ahmedabad,Gujarat,Consumer,Organic Search
C01474,Kavya Rao,2026-05-20,31,Female,Hyderabad,Telangana,Small Business,Email
C01475,Kiran Nair,2023-11-23,25,Other,Vijayawada,Andhra Pradesh,Small Business,Organic Search
C01476,Nisha Naidu,2025-11-30,20,Male,Visakhapatnam,Andhra Pradesh,Consumer,Marketplace
C01477,Lakshmi Gupta,2026-05-28,63,Other,Pune,Maharashtra,Consumer,Marketplace
C01478,Meera Iyer,2023-03-23,21,Other,Visakhapatnam,Andhra Pradesh,Small Business,Direct
C01479,Ananya Das,2023-10-26,46,Other,Vijayawada,Andhra Pradesh,Corporate,Organic Search
C01480,Kiran Das,2023-10-18,28,Male,Visakhapatnam,Andhra Pradesh,Consumer,Organic Search
C01481,Kiran Das,2025-10-03,59,Male,Delhi,Delhi,Consumer,Direct
C01482,Ananya Mehta,2026-03-09,39,Female,Ahmedabad,Gujarat,Corporate,Paid Social
C01483,Meera Joshi,2026-02-28,36,Male,Jaipur,Rajasthan,Consumer,Direct
C01484,Divya Kumar,2025-06-19,54,Female,Chennai,Tamil Nadu,Corporate,Direct
C01485,Lakshmi Rao,2024-06-10,27,Female,Chennai,Tamil Nadu,Corporate,Email
C01486,Neha Naidu,2025-11-07,27,Other,Pune,Maharashtra,Consumer,Email
C01487,Ishita Gupta,2025-10-23,40,Male,Chennai,Tamil Nadu,Consumer,Marketplace
C01488,Priya Reddy,2025-09-18,28,Other,Vijayawada,Andhra Pradesh,Small Business,Referral
C01489,Neha Das,2026-05-31,37,Female,Mumbai,Maharashtra,Consumer,Referral
C01490,Neha Naidu,2023-01-25,47,Other,Ahmedabad,Gujarat,Small Business,Direct
C01491,Ishita Gupta,2023-07-22,41,Female,Mumbai,Maharashtra,Consumer,Email
C01492,Kavya Mehta,2023-04-25,52,Other,Visakhapatnam,Andhra Pradesh,Consumer,Referral
C01493,Kiran Joshi,2024-05-16,29,Other,Visakhapatnam,Andhra Pradesh,Consumer,Organic Search
C01494,Neha Naidu,2024-01-25,35,Female,Kochi,Kerala,Small Business,Paid Social
C01495,Naveen Nair,2026-04-14,37,Male,Jaipur,Rajasthan,Consumer,Organic Search
C01496,Kavya Sharma,2023-08-27,68,Male,Delhi,Delhi,Consumer,Email
C01497,Naveen Iyer,2023-01-20,31,Female,Kochi,Kerala,Corporate,Marketplace
C01498,Aarav Kumar,2025-07-23,30,Male,Vijayawada,Andhra Pradesh,Consumer,Marketplace
C01499,Lakshmi Kumar,2024-08-04,29,Male,Vijayawada,Andhra Pradesh,Small Business,Paid Social
C01500,Arjun Das,2025-06-20,35,Female,Delhi,Delhi,Consumer,Referral
C01501,Divya Kumar,2025-06-03,48,Female,Jaipur,Rajasthan,Small Business,Marketplace
C01502,Arjun Das,2024-02-01,58,Female,Delhi,Delhi,Consumer,Email
C01503,Harsha Rao,2024-09-06,38,Other,Pune,Maharashtra,Consumer,Referral
C01504,Harsha Verma,2023-11-20,30,Female,Chennai,Tamil Nadu,Consumer,Email
C01505,Kiran Kumar,2024-07-05,59,Male,Ahmedabad,Gujarat,Small Business,Referral
C01506,Kavya Kumar,2024-10-07,27,Male,Delhi,Delhi,Consumer,Marketplace
C01507,Meera Verma,2025-04-17,66,Female,Hyderabad,Telangana,Small Business,Referral
C01508,Diya Naidu,2024-06-08,63,Male,Hyderabad,Telangana,Consumer,Marketplace
C01509,Harsha Gupta,2024-03-16,38,Male,Kolkata,West Bengal,Corporate,Organic Search
C01510,Nisha Reddy,2026-04-29,33,Other,Bengaluru,Karnataka,Consumer,Direct
C01511,Vivaan Sharma,2025-02-07,33,Female,Ahmedabad,Gujarat,Consumer,Referral
C01512,Sai Joshi,2025-08-24,41,Female,Jaipur,Rajasthan,Consumer,Direct
C01513,Rahul Gupta,2026-03-21,27,Female,Kolkata,West Bengal,Consumer,Referral
C01514,Diya Joshi,2025-12-23,52,Female,Kochi,Kerala,Consumer,Organic Search
C01515,Kavya Joshi,2025-01-09,63,Female,Visakhapatnam,Andhra Pradesh,Consumer,Marketplace
C01516,Ananya Mehta,2024-06-14,47,Other,Mumbai,Maharashtra,Small Business,Paid Social
C01517,Vivaan Naidu,2025-09-23,59,Other,Bengaluru,Karnataka,Consumer,Email
C01518,Ishita Das,2025-10-29,19,Other,Delhi,Delhi,Consumer,Email
C01519,Sandeep Das,2023-07-08,58,Female,Delhi,Delhi,Consumer,Email
C01520,Aditya Das,2024-01-26,54,Other,Bengaluru,Karnataka,Consumer,Referral
C01521,Lakshmi Singh,2023-11-08,46,Female,Ahmedabad,Gujarat,Consumer,Email
C01522,Aarav Iyer,2025-06-04,47,Other,Delhi,Delhi,Consumer,Email
C01523,Ananya Naidu,2023-11-05,,Female,Kolkata,West Bengal,Consumer,Referral
C01524,Meera Joshi,2026-03-22,47,Other,Jaipur,Rajasthan,Consumer,Paid Social
C01525,Vivaan Das,2026-05-17,37,Female,Mumbai,Maharashtra,Consumer,Organic Search
C01526,Diya Patel,2024-02-18,38,Male,Delhi,Delhi,Small Business,Paid Social
C01527,Arjun Naidu,2025-06-19,67,Male,Mumbai,Maharashtra,Consumer,Direct
C01528,Rahul Rao,2025-03-28,31,Male,Visakhapatnam,Andhra Pradesh,Consumer,Organic Search
C01529,Arjun Patel,2025-11-23,29,Female,Bengaluru,Karnataka,Consumer,Marketplace
C01530,Rahul Rao,2025-04-30,56,Female,Visakhapatnam,Andhra Pradesh,Corporate,Referral
C01531,Aarav Iyer,2023-02-03,34,Male,Ahmedabad,Gujarat,Consumer,Organic Search
C01532,Lakshmi Kumar,2025-06-08,41,Female,Delhi,Delhi,Small Business,Organic Search
C01533,Ananya Joshi,2023-02-02,59,Other,Vijayawada,Andhra Pradesh,Small Business,Organic Search
C01534,Sai Patel,2025-11-28,33,Other,,Tamil Nadu,Consumer,Organic Search
C01535,Meera Mehta,2024-08-23,56,Male,Hyderabad,Telangana,Corporate,Marketplace
C01536,Meera Sharma,2024-01-07,29,Female,Chennai,Tamil Nadu,Consumer,Paid Social
C01537,Harsha Singh,2024-06-27,43,Female,Pune,Maharashtra,Corporate,Referral
C01538,Vivaan Gupta,2025-04-14,48,Male,Hyderabad,Telangana,Corporate,Direct
C01539,Aditya Iyer,2024-04-01,28,Female,,Rajasthan,Consumer,Marketplace
C01540,Harsha Das,2023-10-03,44,Other,Ahmedabad,Gujarat,Consumer,Marketplace
C01541,Harsha Verma,2025-01-18,34,Other,Ahmedabad,Gujarat,Consumer,Marketplace
C01542,Sai Rao,2023-09-23,54,Other,Visakhapatnam,Andhra Pradesh,Consumer,Organic Search
C01543,Kiran Kumar,2024-05-26,43,Female,Visakhapatnam,Andhra Pradesh,Corporate,Referral
C01544,Vikram Mehta,2025-11-30,63,Male,Delhi,Delhi,Corporate,Paid Social
C01545,Neha Das,2023-03-12,45,Male,Delhi,Delhi,Consumer,Paid Social
C01546,Rohan Iyer,2024-05-02,18,Male,Chennai,Tamil Nadu,Consumer,Marketplace
C01547,Priya Nair,2026-03-28,40,Female,Ahmedabad,Gujarat,Consumer,Referral
C01548,Ishita Singh,2025-11-19,46,Female,Jaipur,Rajasthan,Consumer,Marketplace
C01549,Vikram Kumar,2024-12-02,47,Female,Jaipur,Rajasthan,Corporate,Marketplace
C01550,Kavya Naidu,2024-04-10,19,Female,Vijayawada,Andhra Pradesh,Consumer,Direct
C01551,Sandeep Sharma,2025-06-12,26,Other,Pune,Maharashtra,Consumer,Email
C01552,Rahul Joshi,2023-02-04,27,Other,Mumbai,Maharashtra,Consumer,Email
C01553,Meera Gupta,2025-12-27,54,Female,Chennai,Tamil Nadu,Consumer,Email
C01554,Kiran Naidu,2026-06-20,41,Other,Chennai,Tamil Nadu,Consumer,Email
C01555,Diya Iyer,2025-03-31,30,Other,Kolkata,West Bengal,Small Business,Marketplace
C01556,Aditya Kumar,2023-01-01,38,Other,Ahmedabad,Gujarat,Consumer,Referral
C01557,Sneha Patel,2023-05-02,64,Female,Mumbai,Maharashtra,Consumer,Paid Social
C01558,Naveen Rao,2025-03-11,43,Female,Mumbai,Maharashtra,Corporate,Organic Search
C01559,Divya Patel,2026-04-14,35,Female,Mumbai,Maharashtra,Consumer,Direct
C01560,Diya Gupta,2025-12-02,66,Female,Pune,Maharashtra,Corporate,Email
C01561,Sandeep Joshi,2023-09-13,32,Other,Ahmedabad,Gujarat,Consumer,Organic Search
C01562,Priya Naidu,2023-03-25,39,Male,Visakhapatnam,Andhra Pradesh,Consumer,Marketplace
C01563,Diya Rao,2025-09-24,55,Other,Kolkata,West Bengal,Consumer,Direct
C01564,Pooja Iyer,2025-10-09,56,Male,Kochi,Kerala,Consumer,Organic Search
C01565,Ishita Iyer,2025-11-06,64,Other,Pune,Maharashtra,Corporate,Referral
C01566,Naveen Nair,2024-05-12,18,Female,Bengaluru,Karnataka,Consumer,Direct
C01567,Sandeep Mehta,2025-09-26,24,Other,Pune,Maharashtra,Consumer,Email
C01568,Naveen Sharma,2023-07-21,42,Female,Vijayawada,Andhra Pradesh,Small Business,Paid Social
C01569,Priya Joshi,2025-05-13,55,Other,Delhi,Delhi,Consumer,Direct
C01570,Lakshmi Joshi,2025-03-27,47,Male,Ahmedabad,Gujarat,Consumer,Organic Search
C01571,Arjun Kumar,2024-11-04,54,Male,Mumbai,Maharashtra,Corporate,Direct
C01572,Kiran Kumar,2024-12-22,34,Male,Ahmedabad,Gujarat,Corporate,Referral
C01573,Rahul Gupta,2023-11-25,62,Other,Ahmedabad,Gujarat,Consumer,Direct
C01574,Aditya Singh,2025-10-20,66,Male,Kolkata,West Bengal,Consumer,Direct
C01575,Lakshmi Iyer,2023-07-05,38,Male,Mumbai,Maharashtra,Consumer,Direct
C01576,Meera Singh,2025-09-21,66,Male,Chennai,Tamil Nadu,Small Business,Paid Social
C01577,Vikram Joshi,2024-09-27,,Other,Chennai,Tamil Nadu,Consumer,Email
C01578,Aditya Sharma,2024-02-11,29,Other,Jaipur,Rajasthan,Consumer,Direct
C01579,Priya Patel,2024-12-25,34,Male,Kolkata,West Bengal,Consumer,Direct
C01580,Kavya Naidu,2024-04-05,57,Female,Pune,Maharashtra,Consumer,Paid Social
C01581,Kiran Rao,2024-03-24,35,Male,Vijayawada,Andhra Pradesh,Consumer,Paid Social
C01582,Nisha Naidu,2026-06-07,18,Male,Chennai,Tamil Nadu,Consumer,Email
C01583,Priya Verma,2026-04-04,30,Other,Kochi,Kerala,Small Business,Marketplace
C01584,Sneha Singh,2024-06-23,34,Male,Visakhapatnam,Andhra Pradesh,Small Business,Paid Social
C01585,Ishita Naidu,2023-10-03,52,Other,Delhi,Delhi,Consumer,Email
C01586,Pooja Nair,2025-11-05,26,Other,Kochi,Kerala,Consumer,Email
C01587,Kiran Nair,2026-02-08,64,Male,Mumbai,Maharashtra,Consumer,Organic Search
C01588,Rohan Reddy,2023-05-13,57,Other,Ahmedabad,Gujarat,Consumer,Direct
C01589,Divya Singh,2023-05-11,40,Female,Hyderabad,Telangana,Small Business,Referral
C01590,Nisha Iyer,2026-05-09,34,Other,Kochi,Kerala,Corporate,Paid Social
C01591,Ishita Rao,2024-09-15,31,Other,Kolkata,West Bengal,Corporate,Email
C01592,Ishita Naidu,2026-04-16,27,Female,Kolkata,West Bengal,Small Business,Organic Search
C01593,Harsha Sharma,2023-05-26,66,Other,Visakhapatnam,Andhra Pradesh,Consumer,Paid Social
C01594,Rohan Reddy,2024-01-03,30,Other,Visakhapatnam,Andhra Pradesh,Small Business,Direct
C01595,Pooja Verma,2026-03-21,39,Male,Bengaluru,Karnataka,Corporate,Marketplace
C01596,Diya Singh,2023-07-16,48,Female,Visakhapatnam,Andhra Pradesh,Corporate,Referral
C01597,Meera Verma,2024-04-09,23,Other,Ahmedabad,Gujarat,Consumer,Marketplace
C01598,Sandeep Reddy,2023-05-05,51,Other,Bengaluru,Karnataka,Consumer,Paid Social
C01599,Aarav Das,2024-09-19,,Other,Hyderabad,Telangana,Consumer,Organic Search
C01600,Rahul Singh,2026-01-01,30,Female,Chennai,Tamil Nadu,Small Business,Paid Social
C01601,Vikram Patel,2023-12-30,41,Male,Kochi,Kerala,Consumer,Organic Search
C01602,Diya Sharma,2024-09-30,68,Male,Jaipur,Rajasthan,Consumer,Email
C01603,Sai Mehta,2026-05-20,28,Male,Jaipur,Rajasthan,Small Business,Direct
C01604,Aditya Singh,2026-02-09,42,Female,Jaipur,Rajasthan,Consumer,Paid Social
C01605,Nisha Das,2023-05-01,30,Other,Ahmedabad,Gujarat,Corporate,Email
C01606,Naveen Mehta,2025-12-15,51,Other,Bengaluru,Karnataka,Consumer,Marketplace
C01607,Rahul Kumar,2025-07-06,59,Other,Jaipur,Rajasthan,Consumer,Marketplace
C01608,Sandeep Nair,2024-10-20,23,Other,Kolkata,West Bengal,Consumer,Marketplace
C01609,Rahul Sharma,2023-03-27,67,Male,Pune,Maharashtra,Small Business,Direct
C01610,Sandeep Reddy,2023-04-09,52,Female,Kochi,Kerala,Small Business,Marketplace
C01611,Neha Gupta,2025-06-07,40,Other,Mumbai,Maharashtra,Corporate,Email
C01612,Kavya Patel,2023-07-22,61,Female,Delhi,Delhi,Corporate,Organic Search
C01613,Aarav Reddy,2026-06-09,31,Male,Visakhapatnam,Andhra Pradesh,Consumer,Direct
C01614,Rohan Iyer,2024-11-08,,Female,Bengaluru,Karnataka,Consumer,Marketplace
C01615,Sneha Verma,2024-06-12,27,Other,Hyderabad,Telangana,Corporate,Direct
C01616,Sneha Joshi,2024-07-12,31,Female,Pune,Maharashtra,Consumer,Marketplace
C01617,Ananya Mehta,2025-09-26,35,Female,Kolkata,West Bengal,Consumer,Marketplace
C01618,Aditya Verma,2024-04-01,62,Female,Hyderabad,Telangana,Consumer,Marketplace
C01619,Divya Joshi,2024-06-09,29,Other,Bengaluru,Karnataka,Consumer,Email
C01620,Priya Naidu,2023-09-02,36,Female,Pune,Maharashtra,Small Business,Email
C01621,Nisha Sharma,2025-08-18,30,Female,Ahmedabad,Gujarat,Consumer,Marketplace
C01622,Sneha Mehta,2024-05-10,23,Male,Chennai,Tamil Nadu,Consumer,Paid Social
C01623,Rahul Das,2025-10-28,56,Female,Ahmedabad,Gujarat,Corporate,Organic Search
C01624,Rohan Singh,2024-05-28,18,Male,Kochi,Kerala,Consumer,Direct
C01625,Aditya Rao,2025-11-01,43,Female,Hyderabad,Telangana,Consumer,Referral
C01626,Kiran Mehta,2023-05-23,64,Other,Vijayawada,Andhra Pradesh,Consumer,Paid Social
C01627,Sneha Gupta,2023-05-14,53,Other,Chennai,Tamil Nadu,Consumer,Direct
C01628,Arjun Verma,2023-10-21,64,Female,Chennai,Tamil Nadu,Consumer,Organic Search
C01629,Kiran Das,2023-09-03,21,Other,Kochi,Kerala,Consumer,Email
C01630,Lakshmi Iyer,2026-03-16,19,Male,Bengaluru,Karnataka,Consumer,Marketplace
C01631,Meera Verma,2024-05-27,65,Male,Ahmedabad,Gujarat,Consumer,Paid Social
C01632,Lakshmi Joshi,2024-08-10,52,Female,Ahmedabad,Gujarat,Small Business,Marketplace
C01633,Sai Reddy,2024-09-06,28,Male,Pune,Maharashtra,Consumer,Email
C01634,Priya Iyer,2024-03-02,43,Male,Mumbai,Maharashtra,Consumer,Marketplace
C01635,Sai Joshi,2025-03-27,42,Other,Ahmedabad,Gujarat,Consumer,Paid Social
C01636,Meera Nair,2026-06-21,30,Other,Visakhapatnam,Andhra Pradesh,Small Business,Marketplace
C01637,Arjun Gupta,2025-08-21,59,Other,Delhi,Delhi,Consumer,Email
C01638,Divya Iyer,2023-11-17,21,Other,Kolkata,West Bengal,Consumer,Marketplace
C01639,Ananya Joshi,2023-12-19,62,Other,Hyderabad,Telangana,Consumer,Paid Social
C01640,Sneha Singh,2023-11-05,43,Male,Vijayawada,Andhra Pradesh,Consumer,Direct
C01641,Vikram Joshi,2026-06-08,66,Other,Chennai,Tamil Nadu,Small Business,Direct
C01642,Ishita Naidu,2023-04-19,68,Female,Bengaluru,Karnataka,Consumer,Referral
C01643,Meera Mehta,2023-05-16,65,Male,Mumbai,Maharashtra,Consumer,Marketplace
C01644,Sandeep Patel,2023-07-27,39,Female,Ahmedabad,Gujarat,Consumer,Organic Search
C01645,Pooja Kumar,2025-08-19,57,Other,Jaipur,Rajasthan,Corporate,Paid Social
C01646,Vivaan Patel,2023-07-18,60,Male,Bengaluru,Karnataka,Consumer,Marketplace
C01647,Kavya Mehta,2025-01-12,,Other,Chennai,Tamil Nadu,Consumer,Organic Search
C01648,Meera Sharma,2023-06-24,60,Female,Ahmedabad,Gujarat,Consumer,Referral
C01649,Lakshmi Singh,2024-02-08,43,Male,Vijayawada,Andhra Pradesh,Corporate,Organic Search
C01650,Naveen Iyer,2026-06-27,56,Female,Delhi,Delhi,Consumer,Referral
C01651,Nisha Singh,2023-02-18,50,Female,Mumbai,Maharashtra,Consumer,Paid Social
C01652,Vivaan Kumar,2024-11-22,37,Other,Visakhapatnam,Andhra Pradesh,Small Business,Direct
C01653,Harsha Reddy,2023-09-25,60,Other,Ahmedabad,Gujarat,Consumer,Referral
C01654,Pooja Verma,2023-03-15,30,Male,Kolkata,West Bengal,Consumer,Referral
C01655,Pooja Singh,2025-04-13,50,Female,Delhi,Delhi,Small Business,Direct
C01656,Kavya Verma,2023-06-20,53,Female,Pune,Maharashtra,Corporate,Referral
C01657,Kiran Sharma,2023-08-08,,Female,Jaipur,Rajasthan,Consumer,Paid Social
C01658,Neha Reddy,2023-01-20,33,Other,Kochi,Kerala,Corporate,Email
C01659,Lakshmi Naidu,2025-08-01,27,Male,Bengaluru,Karnataka,Corporate,Organic Search
C01660,Rohan Sharma,2023-06-16,25,Other,Kochi,Kerala,Small Business,Organic Search
C01661,Priya Singh,2023-06-12,68,Other,Kolkata,West Bengal,Consumer,Marketplace
C01662,Nisha Kumar,2024-01-17,63,Other,Mumbai,Maharashtra,Consumer,Organic Search
C01663,Ananya Patel,2024-02-09,29,Other,Ahmedabad,Gujarat,Consumer,Paid Social
C01664,Ishita Das,2024-01-19,25,Female,Visakhapatnam,Andhra Pradesh,Consumer,Direct
C01665,Rahul Iyer,2024-08-07,36,Male,Kochi,Kerala,Corporate,Direct
C01666,Diya Das,2024-05-30,,Female,Mumbai,Maharashtra,Consumer,Organic Search
C01667,Aditya Verma,2025-05-30,40,Other,Ahmedabad,Gujarat,Consumer,Direct
C01668,Pooja Verma,2025-01-10,23,Other,Vijayawada,Andhra Pradesh,Consumer,Organic Search
C01669,Neha Das,2025-01-03,34,Male,Kochi,Kerala,Consumer,Referral
C01670,Naveen Patel,2024-04-12,38,Female,Ahmedabad,Gujarat,Consumer,Marketplace
C01671,Kavya Naidu,2025-04-05,47,Male,Ahmedabad,Gujarat,Consumer,Paid Social
C01672,Ishita Iyer,2023-10-13,66,Other,Visakhapatnam,Andhra Pradesh,Consumer,Referral
C01673,Sai Mehta,2023-12-20,45,Female,Hyderabad,Telangana,Consumer,Organic Search
C01674,Nisha Iyer,2023-02-14,48,Female,Kolkata,West Bengal,Consumer,Email
C01675,Sneha Iyer,2025-10-19,32,Female,Pune,Maharashtra,Consumer,Direct
C01676,Pooja Nair,2024-10-24,40,Other,Hyderabad,Telangana,Consumer,Paid Social
C01677,Diya Verma,2023-01-27,49,Female,Jaipur,Rajasthan,Consumer,Referral
C01678,Vikram Kumar,2023-09-23,57,Male,Vijayawada,Andhra Pradesh,Corporate,Direct
C01679,Kavya Singh,2023-02-06,41,Male,Chennai,Tamil Nadu,Consumer,Referral
C01680,Ananya Gupta,2025-09-02,32,Male,Visakhapatnam,Andhra Pradesh,Consumer,Referral
C01681,Kiran Joshi,2026-03-18,30,Other,Visakhapatnam,Andhra Pradesh,Consumer,Paid Social
C01682,Arjun Iyer,2025-11-12,54,Female,Ahmedabad,Gujarat,Consumer,Organic Search
C01683,Aditya Nair,2024-06-28,49,Male,Jaipur,Rajasthan,Corporate,Referral
C01684,Kiran Rao,2025-08-28,27,Other,Visakhapatnam,Andhra Pradesh,Consumer,Referral
C01685,Nisha Singh,2024-10-17,48,Other,Kochi,Kerala,Small Business,Paid Social
C01686,Diya Joshi,2023-09-04,30,Female,Vijayawada,Andhra Pradesh,Corporate,Paid Social
C01687,Pooja Naidu,2025-05-16,50,Female,Jaipur,Rajasthan,Consumer,Paid Social
C01688,Aditya Singh,2025-05-13,36,Male,Chennai,Tamil Nadu,Corporate,Paid Social
C01689,Ishita Sharma,2025-06-28,58,Male,Ahmedabad,Gujarat,Consumer,Paid Social
C01690,Ishita Reddy,2023-09-21,56,Female,Visakhapatnam,Andhra Pradesh,Consumer,Referral
C01691,Sandeep Reddy,2025-02-07,48,Other,Jaipur,Rajasthan,Consumer,Referral
C01692,Lakshmi Kumar,2023-03-12,29,Male,Kolkata,West Bengal,Consumer,Email
C01693,Nisha Sharma,2023-09-28,50,Female,Hyderabad,Telangana,Consumer,Organic Search
C01694,Meera Singh,2025-01-07,28,Female,Jaipur,Rajasthan,Consumer,Organic Search
C01695,Pooja Patel,2025-03-21,43,Other,Ahmedabad,Gujarat,Corporate,Paid Social
C01696,Kiran Rao,2024-06-18,28,Female,Ahmedabad,Gujarat,Consumer,Email
C01697,Vivaan Reddy,2025-09-07,21,Female,Hyderabad,Telangana,Corporate,Paid Social
C01698,Aarav Gupta,2025-03-21,50,Male,Chennai,Tamil Nadu,Consumer,Direct
C01699,Naveen Reddy,2024-02-14,62,Female,Visakhapatnam,Andhra Pradesh,Consumer,Marketplace
C01700,Vikram Naidu,2025-01-23,40,Female,Hyderabad,Telangana,Consumer,Paid Social
C01701,Ananya Gupta,2024-07-30,18,Male,Jaipur,Rajasthan,Consumer,Paid Social
C01702,Ananya Iyer,2024-10-31,66,Female,Mumbai,Maharashtra,Consumer,Marketplace
C01703,Priya Rao,2025-11-14,46,Female,Hyderabad,Telangana,Consumer,Marketplace
C01704,Neha Joshi,2026-03-13,65,Male,Bengaluru,Karnataka,Corporate,Direct
C01705,Lakshmi Verma,2023-04-22,55,Female,Mumbai,Maharashtra,Consumer,Referral
C01706,Ishita Rao,2024-01-06,,Male,,Maharashtra,Small Business,Marketplace
C01707,Nisha Nair,2023-12-05,38,Other,Visakhapatnam,Andhra Pradesh,Consumer,Direct
C01708,Harsha Reddy,2023-03-05,22,Female,Mumbai,Maharashtra,Small Business,Organic Search
C01709,Arjun Reddy,2023-11-23,46,Male,Pune,Maharashtra,Consumer,Paid Social
C01710,Lakshmi Reddy,2025-05-05,65,Male,Kolkata,West Bengal,Corporate,Organic Search
C01711,Arjun Verma,2024-02-24,27,Other,Pune,Maharashtra,Small Business,Organic Search
C01712,Kavya Naidu,2024-04-25,,Other,Ahmedabad,Gujarat,Consumer,Referral
C01713,Rahul Sharma,2023-11-10,19,Male,Pune,Maharashtra,Consumer,Organic Search
C01714,Aarav Mehta,2023-12-25,49,Female,Hyderabad,Telangana,Consumer,Referral
C01715,Aarav Verma,2024-07-01,36,Male,Visakhapatnam,Andhra Pradesh,Small Business,Paid Social
C01716,Naveen Naidu,2023-04-01,62,Male,,Maharashtra,Consumer,Direct
C01717,Diya Singh,2023-04-07,68,Female,Ahmedabad,Gujarat,Consumer,Marketplace
C01718,Neha Gupta,2025-01-30,52,Other,Ahmedabad,Gujarat,Consumer,Direct
C01719,Kavya Singh,2025-02-01,40,Male,Vijayawada,Andhra Pradesh,Consumer,Direct
C01720,Aditya Mehta,2025-06-03,61,Male,Ahmedabad,Gujarat,Small Business,Referral
C01721,Vivaan Singh,2023-12-03,59,Other,Delhi,Delhi,Small Business,Direct
C01722,Naveen Patel,2023-11-23,56,Female,Chennai,Tamil Nadu,Corporate,Marketplace
C01723,Vivaan Gupta,2026-01-19,44,Female,Bengaluru,Karnataka,Consumer,Referral
C01724,Nisha Sharma,2024-11-16,60,Male,Jaipur,Rajasthan,Corporate,Referral
C01725,Naveen Singh,2024-03-24,43,Other,Jaipur,Rajasthan,Consumer,Organic Search
C01726,Pooja Reddy,2024-01-21,58,Other,Mumbai,Maharashtra,Corporate,Marketplace
C01727,Diya Naidu,2025-04-11,22,Female,Chennai,Tamil Nadu,Consumer,Organic Search
C01728,Rohan Naidu,2024-02-29,,Other,Mumbai,Maharashtra,Consumer,Referral
C01729,Aarav Joshi,2025-04-05,25,Other,Ahmedabad,Gujarat,Consumer,Marketplace
C01730,Lakshmi Mehta,2025-09-06,31,Other,Delhi,Delhi,Consumer,Marketplace
C01731,Priya Das,2025-08-27,49,Other,Hyderabad,Telangana,Corporate,Marketplace
C01732,Aarav Iyer,2025-10-01,55,Female,Visakhapatnam,Andhra Pradesh,Small Business,Organic Search
C01733,Kavya Iyer,2023-07-12,34,Other,Ahmedabad,Gujarat,Consumer,Email
C01734,Rahul Mehta,2025-07-13,20,Male,Ahmedabad,Gujarat,Consumer,Direct
C01735,Kavya Sharma,2025-11-02,55,Other,Chennai,Tamil Nadu,Consumer,Referral
C01736,Ananya Mehta,2023-04-10,54,Female,Visakhapatnam,Andhra Pradesh,Consumer,Marketplace
C01737,Harsha Singh,2024-08-17,46,Male,Chennai,Tamil Nadu,Consumer,Paid Social
C01738,Neha Das,2025-03-04,30,Other,Bengaluru,Karnataka,Small Business,Marketplace
C01739,Nisha Rao,2026-04-10,37,Other,Hyderabad,Telangana,Consumer,Direct
C01740,Naveen Reddy,2026-05-24,24,Male,Bengaluru,Karnataka,Consumer,Direct
C01741,Lakshmi Gupta,2025-01-24,19,Female,Kolkata,West Bengal,Consumer,Organic Search
C01742,Aditya Kumar,2023-05-14,45,Other,Pune,Maharashtra,Consumer,Marketplace
C01743,Aarav Patel,2023-09-05,33,Female,Jaipur,Rajasthan,Consumer,Direct
C01744,Ananya Nair,2026-02-15,46,Female,Mumbai,Maharashtra,Small Business,Direct
C01745,Rahul Patel,2024-04-20,55,Male,Chennai,Tamil Nadu,Consumer,Direct
C01746,Arjun Gupta,2023-01-25,18,Other,Kolkata,West Bengal,Consumer,Email
C01747,Nisha Das,2024-05-14,37,Female,Hyderabad,Telangana,Consumer,Marketplace
C01748,Lakshmi Verma,2026-02-06,48,Other,Ahmedabad,Gujarat,Corporate,Organic Search
C01749,Nisha Gupta,2023-05-20,60,Female,Chennai,Tamil Nadu,Consumer,Paid Social
C01750,Ananya Iyer,2024-04-06,66,Female,Vijayawada,Andhra Pradesh,Corporate,Organic Search
C01751,Priya Nair,2025-02-04,67,Other,Delhi,Delhi,Corporate,Paid Social
C01752,Sneha Verma,2025-11-09,26,Other,Visakhapatnam,Andhra Pradesh,Consumer,Email
C01753,Aarav Iyer,2026-05-13,36,Female,Jaipur,Rajasthan,Consumer,Direct
C01754,Ananya Nair,2025-03-16,67,Other,Chennai,Tamil Nadu,Corporate,Referral
C01755,Vikram Nair,2025-08-20,52,Male,Pune,Maharashtra,Corporate,Direct
C01756,Divya Das,2026-05-12,62,Other,Kochi,Kerala,Consumer,Referral
C01757,Harsha Verma,2025-11-24,62,Female,Bengaluru,Karnataka,Consumer,Referral
C01758,Kiran Mehta,2024-10-25,36,Female,Pune,Maharashtra,Consumer,Referral
C01759,Harsha Iyer,2024-06-24,39,Other,Mumbai,Maharashtra,Consumer,Email
C01760,Pooja Gupta,2025-01-10,67,Other,Chennai,Tamil Nadu,Consumer,Marketplace
C01761,Lakshmi Rao,2024-08-19,51,Female,Kochi,Kerala,Consumer,Direct
C01762,Kiran Iyer,2025-02-06,29,Male,Delhi,Delhi,Corporate,Email
C01763,Ananya Sharma,2023-05-28,52,Male,Ahmedabad,Gujarat,Corporate,Marketplace
C01764,Kavya Gupta,2025-10-10,22,Other,Hyderabad,Telangana,Corporate,Email
C01765,Lakshmi Nair,2025-05-25,44,Other,Kochi,Kerala,Consumer,Marketplace
C01766,Vivaan Reddy,2025-01-10,38,Female,Kolkata,West Bengal,Consumer,Email
C01767,Rahul Reddy,2025-05-16,35,Other,Jaipur,Rajasthan,Consumer,Organic Search
C01768,Sneha Rao,2024-08-05,39,Female,Bengaluru,Karnataka,Consumer,Email
C01769,Sai Reddy,2024-04-29,66,Other,Kochi,Kerala,Consumer,Paid Social
C01770,Aditya Mehta,2023-11-25,42,Other,Chennai,Tamil Nadu,Consumer,Referral
C01771,Kiran Nair,2024-03-28,25,Other,Ahmedabad,Gujarat,Consumer,Paid Social
C01772,Sneha Mehta,2024-09-23,35,Other,Mumbai,Maharashtra,Corporate,Marketplace
C01773,Kavya Patel,2025-06-28,32,Other,Mumbai,Maharashtra,Small Business,Email
C01774,Sneha Das,2025-10-03,19,Other,Kolkata,West Bengal,Consumer,Organic Search
C01775,Rahul Singh,2026-05-27,50,Female,Ahmedabad,Gujarat,Corporate,Email
C01776,Rahul Singh,2024-02-29,61,Male,Visakhapatnam,Andhra Pradesh,Consumer,Paid Social
C01777,Aarav Verma,2025-08-19,36,Other,Visakhapatnam,Andhra Pradesh,Consumer,Direct
C01778,Meera Singh,2026-03-16,46,Male,Bengaluru,Karnataka,Consumer,Marketplace
C01779,Meera Rao,2024-06-06,46,Male,Visakhapatnam,Andhra Pradesh,Consumer,Referral
C01780,Harsha Gupta,2025-11-25,28,Female,Ahmedabad,Gujarat,Corporate,Marketplace
C01781,Aditya Mehta,2023-11-22,21,Other,Delhi,Delhi,Consumer,Referral
C01782,Sai Naidu,2024-08-23,51,Male,Bengaluru,Karnataka,Consumer,Paid Social
C01783,Aditya Mehta,2024-04-19,44,Female,Mumbai,Maharashtra,Consumer,Direct
C01784,Kiran Reddy,2023-12-10,36,Female,Chennai,Tamil Nadu,Consumer,Organic Search
C01785,Sandeep Sharma,2024-01-02,67,Male,Bengaluru,Karnataka,Consumer,Referral
C01786,Aarav Singh,2024-05-18,29,Female,Visakhapatnam,Andhra Pradesh,Corporate,Email
C01787,Rohan Reddy,2023-10-04,50,Male,Hyderabad,Telangana,Consumer,Paid Social
C01788,Kavya Rao,2024-07-25,56,Male,Mumbai,Maharashtra,Consumer,Organic Search
C01789,Aditya Iyer,2023-03-28,33,Female,Visakhapatnam,Andhra Pradesh,Consumer,Marketplace
C01790,Neha Iyer,2026-01-13,49,Other,Jaipur,Rajasthan,Consumer,Direct
C01791,Ananya Gupta,2025-04-09,40,Male,Jaipur,Rajasthan,Consumer,Marketplace
C01792,Diya Sharma,2025-01-22,20,Other,Chennai,Tamil Nadu,Small Business,Marketplace
C01793,Aarav Rao,2024-02-11,37,Male,Kolkata,West Bengal,Corporate,Paid Social
C01794,Priya Rao,2024-09-10,55,Female,Ahmedabad,Gujarat,Consumer,Paid Social
C01795,Meera Rao,2025-08-10,34,Male,Ahmedabad,Gujarat,Consumer,Organic Search
C01796,Meera Reddy,2024-08-28,27,Male,Mumbai,Maharashtra,Consumer,Marketplace
C01797,Sandeep Nair,2025-11-15,45,Female,Vijayawada,Andhra Pradesh,Small Business,Marketplace
C01798,Rohan Reddy,2025-11-03,40,Female,Bengaluru,Karnataka,Consumer,Direct
C01799,Meera Reddy,2025-12-03,35,Male,Jaipur,Rajasthan,Consumer,Email
C01800,Vikram Mehta,2023-04-15,40,Female,Ahmedabad,Gujarat,Small Business,Marketplace
C01801,Neha Joshi,2026-01-27,66,Other,Kolkata,West Bengal,Consumer,Paid Social
C01802,Sai Patel,2024-07-01,39,Female,Kolkata,West Bengal,Consumer,Marketplace
C01803,Sai Rao,2023-01-25,43,Male,Pune,Maharashtra,Consumer,Marketplace
C01804,Aarav Sharma,2024-03-07,45,Female,Chennai,Tamil Nadu,Corporate,Referral
C01805,Divya Nair,2023-12-06,48,Female,Visakhapatnam,Andhra Pradesh,Consumer,Marketplace
C01806,Ananya Mehta,2025-08-18,57,Other,Delhi,Delhi,Consumer,Direct
C01807,Vikram Verma,2026-04-22,58,Male,Delhi,Delhi,Corporate,Paid Social
C01808,Diya Nair,2025-11-08,19,Other,Mumbai,Maharashtra,Small Business,Organic Search
C01809,Sandeep Rao,2023-10-31,37,Female,Kochi,Kerala,Small Business,Paid Social
C01810,Meera Iyer,2025-11-01,27,Other,Ahmedabad,Gujarat,Consumer,Email
C01811,Divya Sharma,2025-09-12,37,Male,Delhi,Delhi,Small Business,Organic Search
C01812,Aarav Singh,2025-08-27,43,Male,Kolkata,West Bengal,Consumer,Paid Social
C01813,Priya Iyer,2024-03-14,49,Female,Ahmedabad,Gujarat,Consumer,Email
C01814,Aditya Sharma,2025-02-10,39,Female,Chennai,Tamil Nadu,Consumer,Direct
C01815,Pooja Verma,2023-07-09,27,Female,Hyderabad,Telangana,Small Business,Organic Search
C01816,Divya Verma,2025-01-21,29,Other,Ahmedabad,Gujarat,Consumer,Email
C01817,Vivaan Mehta,2023-07-24,20,Female,Bengaluru,Karnataka,Small Business,Email
C01818,Arjun Kumar,2025-10-01,30,Other,Hyderabad,Telangana,Consumer,Email
C01819,Ananya Patel,2026-05-26,57,Other,Bengaluru,Karnataka,Corporate,Email
C01820,Priya Naidu,2023-03-07,49,Male,Bengaluru,Karnataka,Consumer,Direct
C01821,Lakshmi Joshi,2024-08-24,46,Male,Ahmedabad,Gujarat,Consumer,Paid Social
C01822,Pooja Patel,2023-11-01,60,Female,Pune,Maharashtra,Consumer,Email
C01823,Neha Sharma,2023-11-02,27,Male,Bengaluru,Karnataka,Corporate,Direct
C01824,Arjun Verma,2025-04-19,55,Other,Delhi,Delhi,Small Business,Email
C01825,Lakshmi Reddy,2025-08-27,55,Male,Visakhapatnam,Andhra Pradesh,Consumer,Paid Social
C01826,Priya Patel,2024-05-31,22,Male,Delhi,Delhi,Consumer,Marketplace
C01827,Divya Singh,2025-05-14,38,Other,Visakhapatnam,Andhra Pradesh,Small Business,Paid Social
C01828,Nisha Singh,2023-07-10,68,Female,Hyderabad,Telangana,Consumer,Paid Social
C01829,Neha Patel,2024-02-19,50,Male,Mumbai,Maharashtra,Consumer,Organic Search
C01830,Ishita Reddy,2025-02-02,41,Female,Vijayawada,Andhra Pradesh,Consumer,Email
C01831,Ananya Gupta,2025-10-31,31,Male,Mumbai,Maharashtra,Small Business,Email
C01832,Kavya Joshi,2023-03-22,57,Other,Kochi,Kerala,Consumer,Email
C01833,Lakshmi Das,2026-04-21,20,Female,,Gujarat,Consumer,Marketplace
C01834,Kiran Nair,2026-04-25,56,Male,Ahmedabad,Gujarat,Consumer,Direct
C01835,Ananya Reddy,2025-03-19,32,Other,Hyderabad,Telangana,Consumer,Paid Social
C01836,Ananya Gupta,2023-06-05,33,Other,Ahmedabad,Gujarat,Small Business,Organic Search
C01837,Harsha Verma,2024-09-19,64,Female,Jaipur,Rajasthan,Consumer,Email
C01838,Kiran Iyer,2023-08-26,52,Other,Mumbai,Maharashtra,Corporate,Paid Social
C01839,Ishita Verma,2023-06-13,59,Female,Jaipur,Rajasthan,Small Business,Organic Search
C01840,Divya Kumar,2023-12-13,26,Other,Bengaluru,Karnataka,Consumer,Paid Social
C01841,Diya Gupta,2024-08-14,31,Other,Kolkata,West Bengal,Consumer,Organic Search
C01842,Kiran Sharma,2023-01-07,27,Male,Bengaluru,Karnataka,Small Business,Organic Search
C01843,Kavya Gupta,2025-12-30,39,Female,Ahmedabad,Gujarat,Consumer,Email
C01844,Rohan Iyer,2024-12-24,68,Female,Pune,Maharashtra,Consumer,Referral
C01845,Aditya Patel,2023-06-26,19,Female,Visakhapatnam,Andhra Pradesh,Consumer,Email
C01846,Aarav Singh,2024-12-20,52,Male,Visakhapatnam,Andhra Pradesh,Corporate,Marketplace
C01847,Rahul Mehta,2023-12-10,50,Other,Bengaluru,Karnataka,Consumer,Email
C01848,Divya Das,2024-04-09,62,Male,Visakhapatnam,Andhra Pradesh,Consumer,Marketplace
C01849,Vivaan Nair,2023-03-27,38,Female,Kolkata,West Bengal,Consumer,Referral
C01850,Neha Naidu,2025-05-01,60,Female,Hyderabad,Telangana,Small Business,Marketplace
C01851,Arjun Mehta,2026-02-23,26,Female,Bengaluru,Karnataka,Consumer,Email
C01852,Lakshmi Singh,2023-03-08,64,Female,Jaipur,Rajasthan,Consumer,Marketplace
C01853,Divya Patel,2024-09-06,20,Other,Pune,Maharashtra,Consumer,Marketplace
C01854,Vikram Singh,2023-06-02,35,Female,Chennai,Tamil Nadu,Consumer,Direct
C01855,Rohan Joshi,2024-11-02,,Female,Pune,Maharashtra,Small Business,Email
C01856,Ananya Das,2023-07-14,56,Male,Kochi,Kerala,Consumer,Organic Search
C01857,Vivaan Kumar,2024-04-19,54,Male,Chennai,Tamil Nadu,Corporate,Email
C01858,Pooja Gupta,2026-03-28,23,Male,Jaipur,Rajasthan,Small Business,Direct
C01859,Diya Iyer,2023-03-25,24,Female,Pune,Maharashtra,Consumer,Referral
C01860,Aarav Sharma,2026-04-19,21,Male,Visakhapatnam,Andhra Pradesh,Consumer,Referral
C01861,Kiran Sharma,2026-02-23,52,Male,Kolkata,West Bengal,Consumer,Direct
C01862,Nisha Rao,2023-02-04,62,Other,Kochi,Kerala,Corporate,Paid Social
C01863,Divya Gupta,2023-01-11,61,Male,Visakhapatnam,Andhra Pradesh,Consumer,Direct
C01864,Harsha Verma,2024-03-08,49,Male,Mumbai,Maharashtra,Consumer,Email
C01865,Naveen Kumar,2025-04-22,40,Male,Pune,Maharashtra,Consumer,Organic Search
C01866,Arjun Iyer,2023-01-03,44,Other,Visakhapatnam,Andhra Pradesh,Consumer,Referral
C01867,Arjun Verma,2026-04-03,26,Female,Visakhapatnam,Andhra Pradesh,Consumer,Organic Search
C01868,Sai Rao,2025-03-19,33,Male,Mumbai,Maharashtra,Small Business,Email
C01869,Sneha Sharma,2023-01-29,59,Male,Hyderabad,Telangana,Consumer,Paid Social
C01870,Ishita Iyer,2025-01-25,64,Male,Chennai,Tamil Nadu,Consumer,Direct
C01871,Rahul Iyer,2023-10-26,46,Male,Pune,Maharashtra,Consumer,Direct
C01872,Vivaan Kumar,2025-06-14,33,Female,Vijayawada,Andhra Pradesh,Consumer,Paid Social
C01873,Vikram Kumar,2025-07-28,68,Female,Hyderabad,Telangana,Consumer,Referral
C01874,Nisha Das,2023-01-29,36,Other,Chennai,Tamil Nadu,Consumer,Marketplace
C01875,Nisha Iyer,2024-07-18,37,Male,Delhi,Delhi,Consumer,Paid Social
C01876,Priya Rao,2025-09-22,,Other,Ahmedabad,Gujarat,Consumer,Paid Social
C01877,Ananya Naidu,2023-07-22,35,Other,Bengaluru,Karnataka,Consumer,Referral
C01878,Kiran Kumar,2023-08-08,,Male,Visakhapatnam,Andhra Pradesh,Corporate,Direct
C01879,Lakshmi Nair,2024-01-10,57,Other,Jaipur,Rajasthan,Consumer,Organic Search
C01880,Ishita Reddy,2026-03-09,67,Male,Delhi,Delhi,Consumer,Organic Search
C01881,Naveen Rao,2024-07-10,37,Other,Visakhapatnam,Andhra Pradesh,Consumer,Email
C01882,Kiran Singh,2024-02-06,54,Female,Kochi,Kerala,Corporate,Referral
C01883,Sneha Gupta,2024-04-11,66,Female,Ahmedabad,Gujarat,Consumer,Organic Search
C01884,Kavya Iyer,2024-02-24,26,Other,Kochi,Kerala,Small Business,Organic Search
C01885,Kiran Joshi,2023-10-05,61,Female,Bengaluru,Karnataka,Consumer,Organic Search
C01886,Ananya Verma,2023-09-04,,Other,Hyderabad,Telangana,Small Business,Paid Social
C01887,Ananya Das,2023-07-11,39,Other,Bengaluru,Karnataka,Consumer,Direct
C01888,Divya Das,2023-12-09,20,Other,Mumbai,Maharashtra,Corporate,Marketplace
C01889,Vikram Mehta,2023-07-01,68,Female,Mumbai,Maharashtra,Small Business,Referral
C01890,Sandeep Joshi,2025-07-15,45,Female,Hyderabad,Telangana,Consumer,Organic Search
C01891,Rohan Rao,2023-12-19,,Other,Vijayawada,Andhra Pradesh,Consumer,Paid Social
C01892,Divya Nair,2023-05-06,31,Female,Mumbai,Maharashtra,Consumer,Organic Search
C01893,Divya Iyer,2024-09-05,64,Female,Bengaluru,Karnataka,Consumer,Paid Social
C01894,Rohan Verma,2025-12-27,,Male,Ahmedabad,Gujarat,Consumer,Paid Social
C01895,Pooja Naidu,2024-04-14,22,Female,Mumbai,Maharashtra,Consumer,Email
C01896,Naveen Singh,2026-04-26,53,Male,Visakhapatnam,Andhra Pradesh,Consumer,Email
C01897,Rohan Mehta,2025-05-20,60,Male,Jaipur,Rajasthan,Consumer,Referral
C01898,Rahul Iyer,2023-02-11,31,Male,Kochi,Kerala,Consumer,Email
C01899,Vivaan Rao,2023-09-17,23,Other,Ahmedabad,Gujarat,Corporate,Organic Search
C01900,Vivaan Gupta,2023-10-04,48,Female,Jaipur,Rajasthan,Consumer,Paid Social
C01901,Sandeep Sharma,2026-05-27,33,Female,Chennai,Tamil Nadu,Consumer,Organic Search
C01902,Sandeep Patel,2024-11-11,51,Female,Delhi,Delhi,Consumer,Marketplace
C01903,Vikram Patel,2023-07-03,26,Other,Mumbai,Maharashtra,Consumer,Marketplace
C01904,Kavya Patel,2024-10-21,58,Other,Visakhapatnam,Andhra Pradesh,Consumer,Referral
C01905,Neha Reddy,2023-02-19,20,Female,Hyderabad,Telangana,Consumer,Direct
C01906,Arjun Nair,2025-09-11,55,Other,Vijayawada,Andhra Pradesh,Consumer,Organic Search
C01907,Meera Singh,2023-11-03,65,Male,Vijayawada,Andhra Pradesh,Consumer,Email
C01908,Sandeep Naidu,2023-06-24,36,Female,Vijayawada,Andhra Pradesh,Consumer,Email
C01909,Sai Patel,2023-06-06,48,Male,Jaipur,Rajasthan,Consumer,Organic Search
C01910,Aarav Reddy,2025-08-15,42,Other,Delhi,Delhi,Consumer,Direct
C01911,Meera Joshi,2023-07-01,33,Other,Pune,Maharashtra,Consumer,Paid Social
C01912,Ananya Gupta,2023-11-02,42,Female,Kolkata,West Bengal,Small Business,Referral
C01913,Priya Joshi,2026-03-27,21,Female,Vijayawada,Andhra Pradesh,Consumer,Organic Search
C01914,Harsha Naidu,2025-04-20,48,Other,Vijayawada,Andhra Pradesh,Consumer,Email
C01915,Rohan Patel,2025-12-12,68,Female,Delhi,Delhi,Consumer,Organic Search
C01916,Vikram Joshi,2026-02-12,43,Female,Bengaluru,Karnataka,Consumer,Direct
C01917,Kiran Gupta,2025-10-17,59,Female,Pune,Maharashtra,Consumer,Paid Social
C01918,Divya Sharma,2023-11-14,59,Female,Jaipur,Rajasthan,Consumer,Email
C01919,Sneha Kumar,2024-09-21,36,Female,Vijayawada,Andhra Pradesh,Consumer,Marketplace
C01920,Sneha Rao,2025-12-18,26,Female,Visakhapatnam,Andhra Pradesh,Consumer,Referral
C01921,Lakshmi Iyer,2024-08-20,47,Female,Bengaluru,Karnataka,Consumer,Referral
C01922,Ishita Gupta,2025-01-25,20,Other,Pune,Maharashtra,Consumer,Paid Social
C01923,Sneha Das,2024-09-22,19,Male,Visakhapatnam,Andhra Pradesh,Small Business,Email
C01924,Neha Sharma,2024-04-07,51,Male,Kochi,Kerala,Consumer,Direct
C01925,Neha Patel,2024-11-10,51,Male,Jaipur,Rajasthan,Consumer,Direct
C01926,Diya Rao,2023-04-28,61,Female,Hyderabad,Telangana,Small Business,Paid Social
C01927,Pooja Sharma,2024-10-07,30,Male,Delhi,Delhi,Corporate,Paid Social
C01928,Kavya Joshi,2025-12-13,23,Female,Bengaluru,Karnataka,Consumer,Email
C01929,Nisha Rao,2024-02-10,33,Female,Mumbai,Maharashtra,Consumer,Referral
C01930,Aditya Das,2023-06-07,20,Other,Mumbai,Maharashtra,Corporate,Marketplace
C01931,Sandeep Joshi,2025-04-13,42,Other,Delhi,Delhi,Small Business,Organic Search
C01932,Naveen Sharma,2023-03-02,31,Male,Chennai,Tamil Nadu,Corporate,Organic Search
C01933,Kiran Joshi,2023-01-27,26,Male,Jaipur,Rajasthan,Consumer,Direct
C01934,Arjun Joshi,2026-05-05,49,Male,Visakhapatnam,Andhra Pradesh,Small Business,Email
C01935,Sai Reddy,2024-12-09,31,Female,Vijayawada,Andhra Pradesh,Consumer,Organic Search
C01936,Sandeep Kumar,2023-08-11,51,Female,Bengaluru,Karnataka,Consumer,Email
C01937,Rahul Patel,2025-04-14,39,Other,Ahmedabad,Gujarat,Consumer,Paid Social
C01938,Ananya Singh,2025-07-13,56,Male,Kochi,Kerala,Consumer,Organic Search
C01939,Sai Gupta,2024-08-25,20,Other,Pune,Maharashtra,Consumer,Direct
C01940,Kiran Nair,2024-11-22,41,Male,Hyderabad,Telangana,Consumer,Direct
C01941,Sneha Das,2023-09-21,51,Female,Hyderabad,Telangana,Small Business,Paid Social
C01942,Harsha Sharma,2025-03-25,51,Female,Hyderabad,Telangana,Consumer,Direct
C01943,Rohan Das,2023-07-24,22,Female,Ahmedabad,Gujarat,Consumer,Referral
C01944,Sneha Mehta,2024-01-11,21,Female,Delhi,Delhi,Consumer,Marketplace
C01945,Rahul Gupta,2026-06-26,66,Male,Kolkata,West Bengal,Consumer,Organic Search
C01946,Kavya Das,2025-12-16,33,Female,Bengaluru,Karnataka,Consumer,Paid Social
C01947,Sai Iyer,2025-12-18,60,Female,Ahmedabad,Gujarat,Consumer,Direct
C01948,Kavya Joshi,2025-01-28,57,Other,Delhi,Delhi,Consumer,Organic Search
C01949,Diya Kumar,2023-05-13,41,Other,Jaipur,Rajasthan,Consumer,Organic Search
C01950,Priya Das,2023-12-06,46,Other,Visakhapatnam,Andhra Pradesh,Corporate,Email
C01951,Divya Kumar,2025-02-08,44,Other,Vijayawada,Andhra Pradesh,Consumer,Email
C01952,Aditya Gupta,2025-07-23,64,Male,Visakhapatnam,Andhra Pradesh,Consumer,Referral
C01953,Ishita Mehta,2023-10-28,42,Female,Kochi,Kerala,Consumer,Email
C01954,Rohan Rao,2024-02-03,54,Female,Pune,Maharashtra,Consumer,Paid Social
C01955,Naveen Gupta,2025-04-07,67,Female,Pune,Maharashtra,Consumer,Direct
C01956,Kavya Das,2023-08-30,53,Male,Hyderabad,Telangana,Small Business,Organic Search
C01957,Neha Rao,2026-02-24,46,Other,Vijayawada,Andhra Pradesh,Consumer,Referral
C01958,Vikram Patel,2024-05-14,60,Other,Vijayawada,Andhra Pradesh,Small Business,Organic Search
C01959,Sai Joshi,2023-08-30,18,Other,Pune,Maharashtra,Consumer,Referral
C01960,Naveen Das,2025-04-11,53,Male,Hyderabad,Telangana,Consumer,Paid Social
C01961,Naveen Iyer,2025-02-22,60,Male,Kolkata,West Bengal,Consumer,Organic Search
C01962,Divya Naidu,2023-07-21,18,Other,Mumbai,Maharashtra,Small Business,Paid Social
C01963,Ananya Naidu,2023-09-04,38,Female,Jaipur,Rajasthan,Corporate,Marketplace
C01964,Vikram Kumar,2024-09-28,27,Other,Jaipur,Rajasthan,Small Business,Organic Search
C01965,Sneha Mehta,2025-11-18,48,Male,,Tamil Nadu,Small Business,Marketplace
C01966,Vikram Rao,2025-03-03,21,Female,Bengaluru,Karnataka,Consumer,Paid Social
C01967,Vivaan Sharma,2023-02-22,39,Male,Kochi,Kerala,Consumer,Email
C01968,Neha Singh,2023-05-30,35,Female,Vijayawada,Andhra Pradesh,Consumer,Paid Social
C01969,Lakshmi Iyer,2025-06-26,51,Other,Vijayawada,Andhra Pradesh,Consumer,Direct
C01970,Kavya Nair,2025-10-11,32,Other,Delhi,Delhi,Consumer,Paid Social
C01971,Sneha Verma,2025-04-05,63,Female,Hyderabad,Telangana,Consumer,Referral
C01972,Neha Verma,2025-10-04,53,Male,Hyderabad,Telangana,Small Business,Organic Search
C01973,Aarav Iyer,2024-06-23,54,Other,Chennai,Tamil Nadu,Consumer,Referral
C01974,Sai Singh,2023-07-02,30,Male,Bengaluru,Karnataka,Corporate,Paid Social
C01975,Sandeep Sharma,2025-08-14,40,Male,Mumbai,Maharashtra,Consumer,Paid Social
C01976,Arjun Rao,2025-02-16,24,Male,Vijayawada,Andhra Pradesh,Consumer,Email
C01977,Meera Iyer,2026-03-20,38,Female,Vijayawada,Andhra Pradesh,Consumer,Marketplace
C01978,Vivaan Joshi,2026-04-28,60,Female,Bengaluru,Karnataka,Small Business,Referral
C01979,Arjun Iyer,2023-03-30,27,Male,Hyderabad,Telangana,Consumer,Organic Search
C01980,Priya Nair,2023-07-28,46,Other,Mumbai,Maharashtra,Consumer,Paid Social
C01981,Rohan Sharma,2023-12-15,65,Female,Ahmedabad,Gujarat,Corporate,Direct
C01982,Arjun Verma,2024-01-09,49,Female,Bengaluru,Karnataka,Consumer,Marketplace
C01983,Neha Verma,2025-10-03,54,Other,Chennai,Tamil Nadu,Consumer,Marketplace
C01984,Rohan Gupta,2025-11-21,52,Other,Mumbai,Maharashtra,Small Business,Marketplace
C01985,Nisha Das,2023-02-16,39,Other,Hyderabad,Telangana,Consumer,Direct
C01986,Kavya Nair,2023-09-01,45,Other,Vijayawada,Andhra Pradesh,Consumer,Marketplace
C01987,Meera Das,2023-02-01,43,Female,Mumbai,Maharashtra,Consumer,Paid Social
C01988,Ishita Verma,2024-12-16,60,Female,Bengaluru,Karnataka,Consumer,Marketplace
C01989,Kavya Sharma,2026-01-09,60,Other,Vijayawada,Andhra Pradesh,Consumer,Email
C01990,Aditya Mehta,2023-12-23,64,Female,Chennai,Tamil Nadu,Consumer,Marketplace
C01991,Sandeep Das,2026-04-24,66,Other,Ahmedabad,Gujarat,Consumer,Marketplace
C01992,Rohan Patel,2023-02-03,56,Female,Kochi,Kerala,Corporate,Organic Search
C01993,Sneha Joshi,2026-01-15,62,Other,Kochi,Kerala,Corporate,Referral
C01994,Ishita Naidu,2026-05-25,36,Other,Jaipur,Rajasthan,Consumer,Email
C01995,Lakshmi Gupta,2025-07-14,22,Other,Vijayawada,Andhra Pradesh,Consumer,Organic Search
C01996,Kiran Gupta,2024-01-02,59,Male,Visakhapatnam,Andhra Pradesh,Consumer,Marketplace
C01997,Harsha Nair,2023-02-23,52,Male,Mumbai,Maharashtra,Consumer,Organic Search
C01998,Nisha Mehta,2025-08-02,22,Other,Kochi,Kerala,Consumer,Email
C01999,Pooja Naidu,2025-10-15,57,Female,Chennai,Tamil Nadu,Corporate,Paid Social
C02000,Lakshmi Gupta,2023-03-20,51,Male,Delhi,Delhi,Consumer,Organic Search
