order_id,line_no,order_date,customer_id,product_id,quantity,unit_price,discount_pct,payment_method,order_status,delivery_days,rating,sales_channel
O005545,1,2026-02-18,C01881,P0133,2,3911.0,0.1,Debit Card,Delivered,5,,Web
O005690,1,2026-04-16,C00939,P0054,1,13221.43,0.15,Debit Card,Delivered,3,4,Web
O005472,3,2026-07-29,C00360,P0006,2,21007.01,0.25,credit card,Delivered,5,3,web
O004310,2,2025-04-06,C01670,P0015,1,21646.09,0,upi,Delivered,6,3,APP
O006198,1,2025-03-01,C00515,P0143,2,4154.68,0.2,credit card,Delivered,7,3,Marketplace
O005823,2,2025-01-05,C00821,P0104,1,5113.81,0.05,,Delivered,4,3,Web
O003631,1,2026-06-26,C01933,P0137,2,4803.45,0.1,upi,Delivered,3,5,App
O006001,1,2026-04-24,C00259,P0136,2,14127.04,0.05,UPI,Returned,7,3,App
O002319,2,2025-07-31,C00036,P0114,3,1289.51,0.15,Cash on Delivery,Delivered,1,5,App
O004315,1,2026-03-05,C00138,P0138,1,999.65,0.1,UPI,Delivered,6,3,web
O003588,3,2026-08-07,C01205,P0008,1,22477.6,0.3,upi,Delivered,5,3,Web
O001602,1,2026-08-16,C00222,P0132,2,19148.0,0,Wallet,Cancelled,,,web
O003118,1,2026-02-26,C01356,P0133,1,3791.58,0,Cash on Delivery,Returned,5,3,Marketplace
O002803,2,2025-11-27,C00461,P0062,3,17857.49,0,UPI,Delivered,1,4,APP
O004415,1,2025-09-05,C00334,P0053,1,7390.45,0,Credit Card,Returned,1,4,Web
O004352,1,2025-03-21,C01284,P0088,1,26342.07,0.15,UPI,Delivered,4,4,web
O006261,3,2026-06-08,C00808,P0030,1,14821.0,0.1,credit card,Delivered,3,4,Marketplace
O002769,1,2026-07-11,C00385,P0035,1,18412.93,0.1,Debit Card,Delivered,3,4,APP
O005023,1,2025-12-13,C00481,P0023,2,27782.58,0.1,Debit Card,Delivered,4,3,App
O000912,1,2025-12-19,C00246,P0043,1,16724.82,0.1,,Delivered,6,2,web
O002063,1,2025-07-29,C01551,P0036,2,19301.87,0.2,Cash on Delivery,Delivered,2,4,APP
O000779,3,2025-09-06,C01817,P0024,2,20800.86,0,Wallet,Delivered,5,3,APP
O003770,1,2026-03-09,C00865,P0110,1,8269.97,0.05,Cash on Delivery,Delivered,4,3,Web
O003583,1,2025-02-23,C00596,P0034,1,8468.08,0.1,Wallet,Delivered,3,4,Web
O005667,3,2025-10-03,C00593,P0034,1,8346.83,0.1,Debit Card,Delivered,5,3,web
O004446,1,2026-06-10,C00832,P0091,1,260.9,0.2,Cash on Delivery,Delivered,4,4,Web
O001404,1,2025-10-06,C01299,P0100,1,14265.18,0.65,credit card,Delivered,6,3,APP
O002242,3,2025-03-05,C00357,P0138,1,1045.45,0.2,Wallet,Delivered,5,,Marketplace
O004049,1,2025-12-03,C01360,P0044,2,13840.1,0.1,Wallet,Delivered,6,2,Marketplace
O003001,1,2025-04-18,C00987,P0123,3,8830.37,0.1,COD,Delivered,3,4,Marketplace
O004961,1,2025-12-10,C01519,P0111,1,1797.95,0.25,Cash on Delivery,Delivered,5,3,APP
O006138,2,2025-08-13,C01532,P0008,4,23429.84,0,UPI,Delivered,4,4,web
O005795,1,2025-08-12,C00998,P0092,3,3968.84,0.1,COD,Delivered,6,3,web
O004453,3,2025-02-04,C01624,P0068,1,0,0.15,Credit Card,Returned,5,3,Web
O006038,2,2025-11-27,C01440,P0098,2,12836.77,0.25,UPI,Delivered,4,3,web
O004010,1,2025-12-09,C00982,P0031,1,0,0.05,upi,Delivered,4,3,Marketplace
O004219,2,2025-11-20,C00325,P0093,1,23935.86,0.05,UPI,Delivered,5,,web
O003951,2,2025-05-27,C01880,P0110,1,8506.19,0,upi,Delivered,2,5,App
O003131,3,2025-09-15,C01676,P0102,1,16305.09,0,credit card,Delivered,6,2,App
O003159,2,2025-05-09,C01447,P0040,1,12977.99,0,Wallet,Delivered,6,2,APP
O000161,2,2025-10-29,C00799,P0095,2,15236.43,0.1,Debit Card,Delivered,4,4,Marketplace
O002529,2,2025-06-25,C00911,P0049,4,1401.72,0,COD,Delivered,6,2,Web
O000434,1,2025-03-29,C01945,P0138,1,1019.07,0.1,COD,Delivered,4,4,APP
O003310,1,2026-08-22,C01859,P0090,1,4754.27,0.05,upi,Delivered,3,3,APP
O000307,1,2026-06-03,C01434,P0008,1,21954.9,0.1,Cash on Delivery,Returned,,,web
O003531,1,2025-01-04,C01478,P0016,1,20461.28,0.15,Wallet,Delivered,6,3,Web
O003330,1,2026-06-08,C01020,P0096,1,2938.16,0.1,Wallet,Delivered,3,4,Marketplace
O005488,2,2025-07-27,C01824,P0119,3,19173.53,0.2,upi,Delivered,2,4,Marketplace
O004869,1,2025-07-31,C00870,P0078,1,26123.79,0,COD,Delivered,1,4,App
O005412,3,2026-05-29,C00094,P0124,3,13632.45,0.15,UPI,Returned,5,2,Web
O002914,1,2025-11-27,C00747,P0115,2,4792.97,0.15,UPI,Delivered,4,3,Web
O002952,1,2026-07-14,C01187,P0115,1,4921.42,0.1,credit card,Delivered,3,4,Marketplace
O000544,2,2025-12-19,C00996,P0104,2,5056.99,0.3,Debit Card,Delivered,7,3,web
O002510,1,2026-03-09,C01968,P0097,1,3406.28,0.2,Debit Card,Delivered,4,,Marketplace
O005792,1,2026-05-20,C00424,P0082,1,14927.23,0.15,Debit Card,Delivered,5,3,Web
O000152,2,2025-11-07,C01109,P0044,1,13100.33,0.2,COD,Delivered,7,,Web
O005095,2,2025-02-05,C00158,P0031,1,21796.44,0,UPI,Delivered,6,2,web
O002914,2,2025-11-27,C00747,P0017,1,3349.63,0.1,UPI,Delivered,4,3,Web
O001268,1,2026-03-22,C01903,P0040,2,13148.23,0.3,Debit Card,Delivered,6,2,web
O000277,1,2025-07-29,C01058,P0140,2,13862.32,0.1,Wallet,Delivered,6,3,Web
O000668,1,2026-04-20,C00911,P0144,1,8073.04,0.15,Credit Card,Delivered,6,3,web
O002072,2,2025-09-13,C01152,P0104,3,4963.24,0.25,credit card,Delivered,9,2,web
O005547,2,2025-01-08,C00631,P0098,1,12759.08,0.2,Debit Card,Delivered,4,3,App
O004436,2,2025-02-22,C01769,P0103,2,26789.87,0.05,Cash on Delivery,Delivered,4,3,APP
O004317,1,2026-07-07,C01139,P0047,1,29302.71,0.2,upi,Delivered,4,4,web
O003575,1,2025-03-30,C01427,P0022,1,5337.09,0.3,Wallet,Delivered,3,4,Web
O005826,2,2026-08-30,C00633,P0064,1,4513.18,0.05,Credit Card,Delivered,5,3,APP
O003624,1,2026-05-05,C01850,P0056,1,10462.83,0.05,Credit Card,Delivered,4,3,Marketplace
O006197,2,2025-10-03,C01902,P0057,2,4677.96,0.5,upi,Delivered,3,4,Web
O003790,3,2025-04-04,C01617,P0016,3,19675.26,0.05,COD,Returned,3,4,Web
O002801,3,2025-01-20,C00860,P0053,1,7402.58,0,COD,Delivered,2,4,web
O003283,2,2026-05-14,C01573,P0039,2,12193.76,0.1,COD,Delivered,,,Marketplace
O004626,1,2025-11-29,C00147,P0013,1,5454.58,0.25,Debit Card,Delivered,7,3,web
O004423,1,2025-01-21,C01988,P0117,1,3635.36,0,Cash on Delivery,Delivered,4,,APP
O002403,1,2026-03-29,C00905,P0051,2,4266.77,0,upi,Delivered,7,2,web
O003241,2,2025-11-04,C01689,P0105,1,26172.72,0,Cash on Delivery,Returned,5,3,Web
O000160,2,2025-12-16,C00108,P0088,1,25579.99,0.25,UPI,Delivered,2,4,App
O005711,2,2025-11-11,C00012,P0135,1,3418.06,0.1,upi,Delivered,,,Marketplace
O000220,3,2026-01-28,C00039,P0109,2,14820.57,0.15,Debit Card,Delivered,1,,web
O005518,2,2025-05-13,C01575,P0112,2,21300.64,0.25,COD,Delivered,5,3,Web
O003041,2,2025-01-15,C00219,P0016,3,19677.73,0.15,credit card,Delivered,4,,App
O005200,2,2025-08-29,C01156,P0063,4,17648.88,0.3,upi,Delivered,5,3,Marketplace
O002609,1,2026-08-13,C01415,P0101,3,8338.75,0.1,credit card,Delivered,3,5,APP
O003669,2,2025-10-19,C00417,P0141,1,12370.42,0.25,credit card,Returned,5,,Marketplace
O005389,1,2025-05-16,C00333,P0059,1,17552.9,0.5,credit card,Delivered,3,3,web
O003293,1,2025-05-17,C01216,P0099,2,20123.02,0.2,Wallet,Delivered,4,4,web
O000841,1,2026-01-15,C00559,P0122,1,1211.61,0.15,COD,Delivered,3,4,App
O003123,1,2025-10-22,C01162,P0112,2,22472.27,0.05,Cash on Delivery,Delivered,4,3,web
O005532,1,2025-11-05,C00740,P0060,1,17168.13,0.1,UPI,Delivered,4,3,Web
O003451,1,2026-05-16,C01382,P0058,1,13434.18,0,UPI,Delivered,2,4,Marketplace
O005397,2,2025-02-26,C00800,P0029,1,4906.17,0.5,Debit Card,Delivered,5,3,web
O005667,1,2025-10-03,C00593,P0108,1,21576.21,0.2,Debit Card,Delivered,5,3,web
O005256,1,2026-07-05,C01202,P0136,3,14169.3,0.1,credit card,Delivered,4,3,App
O000048,1,2025-04-05,C01247,P0037,2,18831.67,0.25,Cash on Delivery,Delivered,3,,APP
O005757,1,2026-05-12,C00708,P0024,3,21244.68,0.1,upi,Cancelled,,,Web
O003448,1,2025-09-13,C01440,P0141,3,12467.64,0.05,UPI,Cancelled,,,Web
O001554,2,2025-05-06,C01953,P0118,1,3005.98,0.15,COD,Delivered,4,3,Marketplace
O005789,1,2026-07-15,C00512,P0096,1,2915.9,0.25,COD,Delivered,7,1,App
O005967,2,2025-10-26,C01397,P0127,1,14063.27,0,Wallet,Cancelled,,,APP
O006077,1,2025-07-06,C00794,P0143,1,4153.86,0.1,Debit Card,Cancelled,,,Web
O006076,1,2026-01-30,C01349,P0041,2,20080.54,0.1,UPI,Delivered,2,,APP
O003529,1,2026-02-16,C01397,P0115,3,4750.96,0,Credit Card,Delivered,8,2,App
O001391,2,2026-02-28,C01072,P0127,1,14586.05,0.15,upi,Returned,2,4,App
O004079,1,2026-04-20,C00367,P0126,3,2012.48,0.15,COD,Delivered,3,4,Marketplace
O005014,1,2025-12-19,C00844,P0117,1,3588.8,0.25,Wallet,Delivered,8,2,APP
O005349,2,2025-09-24,C01035,P0099,2,20453.32,0.25,UPI,Delivered,4,4,Web
O005215,1,2026-08-09,C00242,P0138,1,1011.99,0.2,upi,Delivered,7,2,App
O004559,2,2025-10-07,C00017,P0108,2,22385.81,0.25,Credit Card,Delivered,,,Marketplace
O001761,2,2025-03-26,C01291,P0002,2,10910.24,0.2,credit card,Delivered,3,4,Web
O003396,2,2026-08-09,C01894,P0131,1,18358.74,0.2,COD,Delivered,1,5,Marketplace
O002682,2,2026-06-25,C00145,P0064,1,4632.86,0.2,credit card,Delivered,6,2,web
O004540,1,2025-05-04,C01197,P0030,2,14368.69,0.2,upi,Delivered,6,2,Web
O001400,2,2026-03-09,C01651,P0130,1,18086.59,0.05,UPI,Delivered,4,4,web
O002493,1,2026-07-18,C01954,P0072,1,12301.34,0,Wallet,Delivered,4,3,Web
O003541,1,2025-03-18,C01642,P0080,1,22102.78,0.05,Debit Card,Returned,1,5,Marketplace
O003055,1,2025-08-24,C00137,P0105,1,26484.02,0.2,Cash on Delivery,Delivered,1,4,APP
O004116,1,2025-10-23,C01332,P0139,2,3480.51,0.05,Wallet,Delivered,4,3,Web
O001089,1,2026-07-28,C00789,P0031,2,23486.13,0,COD,Delivered,5,2,Web
O005825,2,2026-01-24,C01403,P0104,2,5052.96,0.1,Credit Card,Delivered,4,,APP
O001082,1,2026-08-28,C00113,P0103,1,28229.62,0,Wallet,Delivered,7,3,web
O000729,1,2025-09-04,C00124,P0078,3,26644.92,0.2,Wallet,Delivered,6,3,Web
O000941,1,2025-01-10,C00385,P0094,3,6371.38,0.1,Wallet,Delivered,4,4,APP
O001158,1,2025-03-26,C00543,P0010,1,23087.92,0.3,Debit Card,Delivered,4,3,web
O005310,2,2025-07-22,C00522,P0022,2,5394.68,0.25,upi,Delivered,,,APP
O006183,1,2026-03-15,C01709,P0122,2,1172.78,0.15,UPI,Delivered,5,3,web
O002435,1,2025-06-13,C00958,P0122,1,1199.49,0.2,credit card,Delivered,2,4,web
O005958,3,2025-08-30,C00150,P0018,1,13799.22,0.2,Wallet,Delivered,4,3,web
O004325,2,2025-03-22,C00338,P0036,1,19274.07,0.1,upi,Delivered,3,4,APP
O004602,2,2026-04-16,C00719,P0044,1,13703.43,0.1,,Delivered,7,2,web
O006180,1,2025-04-23,C01175,P0134,3,18661.66,0.15,Debit Card,Cancelled,,,Web
O003537,1,2025-03-05,C01354,P0125,1,4715.6,0.15,credit card,Delivered,6,2,App
O002779,1,2025-04-13,C01015,P0023,1,27391.0,0.1,UPI,Delivered,4,3,Web
O005629,1,2025-02-28,C00768,P0106,1,2615.16,0.3,credit card,Delivered,8,2,Web
O004922,1,2025-05-31,C01448,P0113,1,2964.48,0,Wallet,Delivered,4,4,APP
O000066,1,2025-03-02,C00151,P0062,1,19081.99,0.05,Wallet,Delivered,2,5,web
O005220,2,2026-08-19,C00454,P0037,4,17826.47,0.1,Credit Card,Delivered,5,4,Marketplace
O002583,1,2026-06-14,C01303,P0037,2,18656.37,0.15,credit card,Delivered,4,4,App
O005040,2,2025-04-21,C00750,P0030,1,14091.66,0.2,COD,Delivered,6,3,App
O001605,1,2025-11-14,C01480,P0038,1,345.0,0.1,UPI,Cancelled,,,Marketplace
O003777,1,2025-08-27,C00358,P0084,1,16557.73,0.65,Debit Card,Delivered,,,web
O005588,3,2025-02-10,C01518,P0104,1,4942.8,0.1,UPI,Delivered,5,3,web
O000519,2,2026-03-04,C01689,P0092,1,4029.77,0.05,Credit Card,Delivered,4,3,APP
O005512,3,2025-12-12,C01220,P0022,2,5181.9,0,Debit Card,Delivered,4,3,App
O005882,2,2026-04-20,C00247,P0028,1,8713.51,0.25,credit card,Delivered,4,3,App
O002039,1,2026-01-06,C01269,P0075,1,10396.11,0.2,upi,Delivered,2,4,APP
O003687,2,2025-07-12,C01464,P0106,3,2439.72,0,Cash on Delivery,Delivered,3,3,Web
O002688,3,2026-01-05,C01175,P0127,2,14159.87,0.05,COD,Delivered,7,2,Web
O001155,1,2026-07-18,C01778,P0027,4,19190.05,0.1,Cash on Delivery,Delivered,4,3,web
O001035,2,2025-09-15,C01487,P0127,1,14789.26,0,COD,Delivered,6,2,Web
O000888,1,2025-08-19,C00080,P0129,2,15380.49,0.2,upi,Delivered,6,3,Marketplace
O006064,1,2025-09-30,C01699,P0049,1,1469.65,0.25,UPI,Delivered,5,,Web
O001912,1,2025-09-11,C00682,P0060,2,16852.88,0.15,Debit Card,Delivered,4,3,APP
O001326,1,2026-05-15,C00184,P0135,1,3446.72,0.2,Wallet,Delivered,7,2,Marketplace
O002293,1,2025-07-14,C01513,P0092,3,4238.01,0,Debit Card,Delivered,4,4,web
O002391,1,2026-05-15,C00428,P0075,2,10548.67,0.1,credit card,Delivered,5,3,Marketplace
O000267,1,2025-02-01,C01051,P0017,3,3200.47,0.05,UPI,Delivered,2,4,Marketplace
O005969,1,2025-12-03,C01906,P0084,2,16103.77,0.1,upi,Delivered,6,3,Web
O000226,1,2025-12-14,C00706,P0062,1,19065.67,0.1,Cash on Delivery,Delivered,3,3,App
O004731,1,2025-09-11,C01920,P0097,1,3419.07,0.05,Cash on Delivery,Delivered,4,4,Web
O001945,1,2026-02-09,C01594,P0068,1,9394.04,0.05,Debit Card,Delivered,4,4,Web
O002902,1,2025-09-30,C01022,P0101,5,8585.6,0.2,Credit Card,Delivered,3,4,web
O006422,3,2025-08-16,C01986,P0114,1,1286.89,0.15,COD,Delivered,4,3,web
O001720,1,2026-01-18,C00976,P0008,1,21957.41,0.2,credit card,Delivered,4,4,Marketplace
O000274,1,2025-06-08,C01205,P0123,1,9111.87,0.1,credit card,Cancelled,,,APP
O003906,1,2025-02-14,C00762,P0094,1,6099.78,0.05,Credit Card,Delivered,2,5,web
O002681,3,2025-01-17,C01187,P0059,1,16840.02,0.15,credit card,Delivered,4,4,App
O003085,1,2025-01-17,C00551,P0095,1,16304.27,0.1,credit card,Delivered,2,4,Web
O000381,1,2026-05-29,C01475,P0038,3,333.65,0.1,COD,Delivered,5,3,APP
O004280,4,2025-10-26,C00900,P0037,1,18070.18,0.1,credit card,Delivered,,,Marketplace
O000137,1,2026-07-17,C00041,P0044,1,13124.37,0,Cash on Delivery,Delivered,6,2,web
O001400,1,2026-03-09,C01651,P0064,2,4769.61,0.1,UPI,Delivered,4,4,web
O000431,1,2026-08-09,C00621,P0057,1,4765.63,0.05,Debit Card,Delivered,6,2,web
O000830,1,2026-06-12,C00848,P0063,3,17376.5,0.1,Debit Card,Delivered,7,2,Marketplace
O006044,1,2026-08-25,C01242,P0103,1,26418.84,0.05,UPI,Delivered,6,3,Marketplace
O006384,1,2025-02-07,C00362,P0124,1,13805.42,0.2,Credit Card,Delivered,4,4,web
O006447,1,2026-03-16,C01225,P0074,2,11173.68,0.1,upi,Returned,3,4,Web
O005706,2,2025-07-02,C01669,P0088,1,25560.34,0.2,Cash on Delivery,Delivered,3,5,Marketplace
O003756,1,2026-04-23,C01373,P0014,3,5682.25,0.05,Debit Card,Delivered,5,3,Web
O003159,1,2025-05-09,C01447,P0099,2,20118.54,0.2,Wallet,Delivered,6,2,APP
O002809,3,2025-11-04,C00115,P0114,1,1244.38,0.25,Cash on Delivery,Delivered,6,3,web
O004233,3,2026-06-11,C00138,P0070,2,4280.82,0.15,Debit Card,Delivered,5,2,APP
O002700,1,2025-05-20,C01537,P0133,1,3757.85,0.15,Credit Card,Delivered,4,3,Web
O001021,2,2026-08-08,C01691,P0135,1,3401.21,0.05,Cash on Delivery,Delivered,5,3,APP
O001703,2,2025-07-11,C01695,P0012,4,7850.27,0.15,COD,Cancelled,,,App
O005047,2,2025-01-13,C00287,P0128,3,13734.62,0.15,credit card,Delivered,2,4,APP
O001653,1,2025-06-24,C00627,P0031,2,23414.95,0.1,credit card,Delivered,6,2,Marketplace
O005372,2,2025-09-12,C01629,P0053,1,7704.52,0.1,Wallet,Delivered,3,4,Web
O005324,2,2025-08-15,C01924,P0048,1,990.1,0.15,upi,Delivered,8,2,App
O004872,1,2025-02-08,C00530,P0111,2,1866.14,0,UPI,Delivered,6,2,web
O002406,3,2025-08-06,C01547,P0053,1,7312.02,0.2,Credit Card,Delivered,7,3,Web
O004456,4,2025-03-12,C00169,P0142,1,11895.54,0.05,Debit Card,Delivered,1,5,Marketplace
O001017,1,2025-02-14,C01159,P0088,3,24961.06,0.15,credit card,Delivered,4,4,web
O002485,2,2025-10-13,C00286,P0122,1,1142.53,0.2,credit card,Delivered,7,2,web
O005163,1,2025-08-08,C00373,P0003,2,18812.06,0,COD,Delivered,6,3,web
O003676,1,2026-07-04,C01285,P0126,1,2007.52,0.1,credit card,Returned,5,3,Marketplace
O004599,1,2025-06-22,C00624,P0095,1,16007.84,0.1,Credit Card,Delivered,4,3,APP
O005096,2,2026-07-06,C00361,P0107,1,23434.06,0.05,UPI,Delivered,1,,App
O002534,2,2025-10-25,C00640,P0099,1,19689.53,0.1,upi,Returned,6,2,APP
O004020,3,2025-06-28,C01453,P0140,1,13999.5,0.05,COD,Returned,3,4,Web
O000592,1,2026-04-10,C00833,P0064,1,4629.95,0.1,Debit Card,Delivered,3,5,Web
O005831,1,2026-05-10,C01494,P0100,1,13496.76,0,upi,Delivered,6,2,App
O002302,2,2025-11-23,C01414,P0085,2,10024.14,0.25,Wallet,Delivered,6,2,Web
O003045,3,2025-08-31,C01405,P0110,1,8422.8,0.25,Credit Card,Delivered,3,4,web
O006188,1,2026-02-06,C00036,P0144,1,8123.98,0.15,UPI,Delivered,5,3,Marketplace
O003250,1,2025-05-01,C01512,P0111,1,1809.04,0.15,Credit Card,Delivered,6,2,Marketplace
O000573,2,2025-11-09,C00186,P0098,2,12986.52,0.2,COD,Delivered,4,3,APP
O003229,3,2026-06-20,C00930,P0096,1,3005.76,0.05,credit card,Delivered,2,4,web
O003454,3,2026-04-30,C01067,P0095,1,15749.54,0.1,Wallet,Delivered,6,3,APP
O005403,2,2025-08-05,C01934,P0026,1,14203.95,0,credit card,Delivered,6,2,APP
O004450,2,2025-02-26,C00030,P0030,5,14149.71,0,upi,Delivered,3,4,web
O005999,1,2025-04-22,C01119,P0056,1,10660.85,0.05,credit card,Delivered,3,4,App
O003953,2,2026-07-18,C00888,P0017,4,3244.82,0.1,Debit Card,Delivered,5,2,Web
O001610,1,2025-09-09,C01591,P0011,2,16827.43,0.2,Debit Card,Cancelled,,,web
O002242,1,2025-03-05,C00357,P0012,1,7834.64,0.15,Wallet,Delivered,5,,Marketplace
O004927,2,2025-12-22,C00003,P0001,1,9612.27,0.1,Cash on Delivery,Delivered,8,2,APP
O001349,2,2026-03-11,C01867,P0106,1,2461.19,0.05,Credit Card,Cancelled,,,web
O000922,2,2026-03-24,C00938,P0116,2,11853.87,0.15,Cash on Delivery,Delivered,1,5,Web
O002146,1,2026-05-18,C00437,P0043,1,16107.58,0.15,credit card,Returned,,,web
O002957,2,2026-02-28,C01624,P0006,1,20714.01,0,credit card,Delivered,6,3,Marketplace
O006045,1,2025-01-23,C00176,P0040,2,13019.13,0.15,Cash on Delivery,Delivered,3,4,App
O003994,2,2025-12-02,C01436,P0005,2,5191.64,0.1,Wallet,Delivered,,,web
O000993,1,2025-06-17,C00067,P0035,1,18427.14,0,upi,Returned,,,Web
O006378,1,2025-10-17,C00216,P0092,3,4201.71,0.2,upi,Delivered,7,1,Marketplace
O006203,1,2025-03-17,C00083,P0034,1,8422.66,0.1,Wallet,Delivered,5,4,APP
O003002,1,2026-08-01,C00701,P0122,2,1201.78,0.05,Debit Card,Delivered,4,,Web
O003869,2,2026-01-05,C01919,P0034,1,8079.59,0.1,upi,Delivered,5,2,App
O001992,1,2025-09-25,C00258,P0137,3,4559.47,0.1,Cash on Delivery,Cancelled,,,App
O005097,2,2025-11-01,C01025,P0018,2,14370.65,0.3,credit card,Returned,5,3,Marketplace
O001284,3,2025-09-12,C00080,P0077,2,10420.54,0.2,Wallet,Delivered,6,3,Marketplace
O004574,2,2026-07-06,C00580,P0136,1,14123.35,0.25,Wallet,Delivered,7,2,App
O005688,1,2025-02-01,C01357,P0038,1,343.84,0.1,upi,Delivered,2,4,App
O002364,1,2025-05-15,C00377,P0129,1,0,0.2,credit card,Delivered,6,3,APP
O004666,1,2025-03-01,C00805,P0098,1,13167.97,0.1,Debit Card,Returned,6,3,APP
O002704,1,2025-02-09,C01796,P0131,1,18901.6,0.05,Wallet,Delivered,4,4,web
O000164,1,2026-07-06,C00164,P0043,1,15709.57,0.2,,Delivered,4,4,Marketplace
O000719,1,2026-05-27,C00926,P0070,1,4187.31,0,Debit Card,Delivered,6,3,App
O003286,1,2026-01-10,C00897,P0078,2,26476.33,0.1,Cash on Delivery,Delivered,4,4,APP
O005994,1,2025-08-22,C00936,P0031,1,22670.28,0.1,Wallet,Delivered,6,2,Web
O003143,1,2025-08-12,C00812,P0013,2,5520.95,0.2,Credit Card,Delivered,3,4,Web
O001546,2,2026-07-20,C01619,P0065,1,16782.26,0,Debit Card,Delivered,1,4,Marketplace
O001037,3,2025-08-03,C01064,P0128,1,14242.11,0.1,COD,Delivered,2,5,Web
O006085,1,2025-08-02,C00005,P0139,1,3502.5,0.15,Debit Card,Delivered,6,2,App
O004161,1,2026-06-20,C01659,P0039,3,12134.07,0.1,Credit Card,Delivered,4,3,Web
O001205,1,2026-08-02,C01336,P0137,2,4847.62,0.1,COD,Delivered,5,3,App
O005743,2,2025-12-19,C00614,P0058,1,13233.45,0.3,Wallet,Delivered,4,4,Marketplace
O005609,1,2025-06-23,C01727,P0135,1,3434.53,0.1,Debit Card,Delivered,4,4,App
O004986,1,2026-01-05,C00118,P0017,1,3218.9,0,COD,Delivered,5,3,APP
O000528,2,2026-07-02,C01359,P0029,2,4865.26,0.1,Credit Card,Delivered,3,3,Marketplace
O000426,1,2025-12-08,C00541,P0011,2,16103.16,0.1,Credit Card,Delivered,2,5,web
O004734,1,2025-09-12,C01546,P0041,2,20275.35,0.05,credit card,Delivered,,,APP
O005634,3,2025-05-04,C00565,P0056,1,10542.82,0.15,UPI,Delivered,5,3,Marketplace
O002844,1,2026-03-09,C00504,P0065,1,17225.06,0.15,upi,Delivered,3,3,web
O003534,1,2026-04-12,C00138,P0067,2,10891.32,0.25,COD,Delivered,3,3,web
O001623,1,2026-04-08,C01559,P0131,1,18217.07,0.15,Credit Card,Delivered,4,3,Web
O001397,2,2025-07-22,C01648,P0040,2,13501.47,0.25,credit card,Delivered,3,4,Web
O004406,1,2025-01-03,C00232,P0069,2,11312.34,0,COD,Delivered,4,3,App
O001785,1,2026-02-16,C00837,P0069,1,11781.16,0.1,Cash on Delivery,Returned,8,1,Marketplace
O003457,2,2026-05-22,C01503,P0138,4,1022.87,0.3,Credit Card,Delivered,7,3,Web
O002104,2,2026-01-16,C00037,P0107,1,23647.03,0.15,credit card,Delivered,4,4,APP
O000980,3,2026-02-21,C01024,P0069,3,11775.8,0.15,Cash on Delivery,Delivered,2,4,web
O000442,3,2025-11-03,C01061,P0135,2,3559.98,0.15,Credit Card,Delivered,1,4,App
O006197,1,2025-10-03,C01902,P0040,1,12904.73,0.2,upi,Delivered,3,4,Web
O005583,1,2025-02-15,C01946,P0078,1,26070.17,0,credit card,Delivered,,,Web
O002881,3,2025-04-26,C01070,P0112,3,22527.07,0.5,Credit Card,Delivered,2,5,web
O002504,1,2025-08-12,C00253,P0045,1,27847.73,0.1,credit card,Delivered,3,3,APP
O000771,1,2025-08-24,C00591,P0032,1,21355.9,0.25,credit card,Delivered,2,5,APP
O004567,1,2025-06-09,C00945,P0021,3,22396.75,0,COD,Delivered,6,3,web
O000995,1,2025-04-13,C00083,P0027,1,20189.92,0.15,credit card,Delivered,,,Marketplace
O000927,1,2026-02-20,C00693,P0138,2,1034.72,0,Credit Card,Delivered,4,4,Marketplace
O001207,1,2025-08-07,C01568,P0111,1,1827.73,0.15,upi,Cancelled,,,App
O002225,2,2025-10-10,C01266,P0092,1,4023.61,0.1,COD,Delivered,4,4,Marketplace
O005590,3,2025-10-22,C01526,P0109,4,15323.32,0.25,upi,Delivered,5,,Web
O001448,1,2025-06-07,C00322,P0064,1,4724.01,0.05,COD,Delivered,2,5,Marketplace
O002938,2,2026-06-04,C01605,P0093,1,23870.26,0.05,Wallet,Delivered,3,3,App
O005383,2,2025-01-05,C01423,P0055,3,9529.64,0.15,upi,Delivered,5,3,App
O005760,2,2025-12-01,C00167,P0043,5,16235.56,0.25,COD,Delivered,1,5,Web
O002751,3,2025-08-11,C00262,P0043,2,15899.79,0,credit card,Delivered,2,4,APP
O004146,2,2025-02-02,C00100,P0054,1,12945.58,0.1,COD,Delivered,5,3,Marketplace
O001542,3,2025-08-14,C00367,P0139,2,3418.71,0.05,COD,Delivered,7,2,web
O005355,1,2025-02-08,C00758,P0001,1,9585.72,0.15,Credit Card,Cancelled,,,Marketplace
O001366,2,2025-04-06,C01058,P0134,1,17732.96,0.05,Wallet,Delivered,4,,APP
O001674,3,2025-02-12,C00653,P0097,1,3540.98,0,UPI,Delivered,6,3,App
O005841,2,2026-07-27,C00122,P0031,1,22412.2,0.2,COD,Delivered,5,3,Web
O004145,1,2026-08-27,C00238,P0055,1,9438.4,0.1,UPI,Delivered,4,3,Marketplace
O002187,3,2025-02-05,C01242,P0135,2,3508.44,0,COD,Cancelled,,,APP
O000775,2,2025-07-10,C00263,P0143,1,4004.55,0.1,credit card,Delivered,3,4,Web
O001352,2,2025-04-16,C00054,P0112,2,22792.96,0.1,Credit Card,Delivered,9,1,Marketplace
O006166,1,2025-01-09,C00815,P0134,2,18191.97,0.05,upi,Cancelled,,,Marketplace
O002260,1,2025-01-13,C00436,P0066,1,21714.82,0,Credit Card,Delivered,5,3,APP
O006271,1,2025-11-04,C00064,P0052,1,19582.43,0.05,Wallet,Cancelled,,,web
O003303,1,2026-01-17,C00202,P0093,1,0,0.05,upi,Cancelled,,,APP
O005244,1,2026-05-25,C00811,P0071,1,11245.54,0.15,upi,Delivered,4,4,APP
O002706,4,2025-05-13,C01347,P0089,4,18439.82,0,Cash on Delivery,Delivered,7,2,Marketplace
O002604,2,2025-05-08,C00769,P0039,1,12586.58,0.2,Debit Card,Delivered,8,2,web
O004293,1,2025-12-01,C00083,P0064,1,4828.71,0.1,Credit Card,Cancelled,,,App
O001617,1,2025-02-23,C01760,P0044,1,13653.65,0,Debit Card,Delivered,6,2,Marketplace
O003805,3,2026-07-18,C00342,P0136,2,13594.17,0.1,credit card,Delivered,7,2,Web
O001335,1,2026-06-23,C01738,P0059,1,17089.09,0,Debit Card,Delivered,5,3,web
O001471,1,2026-04-11,C00939,P0001,1,8988.57,0.1,COD,Delivered,6,2,APP
O006120,1,2025-11-02,C01099,P0045,2,27359.31,0.5,Cash on Delivery,Delivered,4,3,Web
O002412,2,2025-11-06,C00867,P0045,3,27866.32,0,upi,Delivered,5,4,App
O004754,1,2025-10-16,C00500,P0077,2,10466.14,0.1,Credit Card,Delivered,5,3,APP
O000995,2,2025-04-13,C00083,P0082,1,15585.62,0.2,credit card,Delivered,,,Marketplace
O005043,2,2025-12-09,C01008,P0054,3,12986.86,0.2,Debit Card,Delivered,2,4,App
O004811,1,2025-01-11,C01369,P0080,1,21757.81,0.3,UPI,Delivered,4,3,Marketplace
O002540,2,2026-08-05,C01272,P0115,1,4629.11,0.1,Debit Card,Delivered,1,4,APP
O005758,1,2025-11-10,C00591,P0130,1,18001.95,0.1,Cash on Delivery,Delivered,4,4,Marketplace
O000159,1,2025-04-20,C00730,P0128,2,14345.85,0,Wallet,Delivered,6,2,APP
O001565,1,2025-10-11,C01286,P0008,1,21960.2,0.05,COD,Delivered,2,5,Web
O000210,4,2026-02-02,C01811,P0073,2,0,0.1,COD,Returned,2,5,Marketplace
O003206,2,2026-05-20,C00700,P0090,1,4800.19,0.15,COD,Cancelled,,,web
O006388,3,2025-04-23,C01418,P0032,1,19874.97,0.15,Debit Card,Delivered,3,4,Marketplace
O002312,2,2026-02-05,C01907,P0016,2,20754.69,0.1,Debit Card,Delivered,5,,Marketplace
O000603,1,2025-01-19,C00955,P0114,1,1262.04,0.1,UPI,Delivered,3,4,Marketplace
O006051,1,2026-05-29,C00473,P0059,2,17678.56,0.1,Cash on Delivery,Delivered,4,3,App
O003035,1,2026-06-07,C01252,P0141,1,13021.19,0,Wallet,Returned,5,3,web
O003112,1,2026-05-31,C01897,P0015,1,22451.08,0.1,upi,Returned,6,,web
O000602,1,2026-02-14,C01554,P0004,1,18881.18,0.3,Credit Card,Delivered,7,1,web
O002034,1,2026-07-13,C00252,P0023,1,26624.56,0,Cash on Delivery,Delivered,4,4,Marketplace
O005290,3,2025-10-24,C00525,P0012,1,7722.2,0.1,UPI,Delivered,3,4,web
O001713,3,2026-07-13,C01444,P0126,2,2025.94,0.2,COD,Delivered,4,3,web
O005867,1,2025-05-23,C00735,P0107,2,24102.79,0.2,Debit Card,Delivered,6,3,web
O003781,1,2025-01-28,C00741,P0053,1,7468.45,0.15,credit card,Delivered,6,2,Web
O004246,3,2025-10-16,C00013,P0127,1,14719.42,0.1,Wallet,Delivered,2,4,Marketplace
O003233,1,2025-04-22,C00385,P0036,2,18883.04,0.65,Wallet,Delivered,3,5,web
O001874,1,2025-03-26,C00377,P0100,2,14260.55,0.15,credit card,Delivered,6,3,App
O005518,3,2025-05-13,C01575,P0013,1,5455.43,0.25,COD,Delivered,5,3,Web
O003188,1,2025-07-31,C00297,P0119,4,20244.06,0,upi,Delivered,2,,web
O005283,1,2026-07-08,C01810,P0029,3,4996.75,0.05,Wallet,Delivered,2,5,APP
O006127,1,2025-08-06,C00485,P0112,1,22699.24,0.15,UPI,Returned,4,4,Web
O003303,3,2026-01-17,C00202,P0002,3,10376.52,0.05,upi,Cancelled,,,APP
O005524,1,2025-01-04,C01635,P0042,4,7222.92,0.2,credit card,Delivered,4,4,Marketplace
O003177,1,2025-08-13,C01933,P0045,2,28396.09,0,UPI,Delivered,3,4,APP
O002689,1,2025-10-31,C00868,P0102,1,16723.06,0.15,COD,Delivered,4,4,web
O001360,2,2025-03-22,C01170,P0068,1,9561.4,0.15,UPI,Delivered,5,4,Web
O002334,2,2025-11-25,C00693,P0053,1,7215.35,0.15,UPI,Delivered,4,4,App
O005405,2,2026-02-09,C01052,P0014,5,5852.95,0.25,credit card,Delivered,4,4,Web
O001439,3,2025-05-10,C00931,P0105,1,24871.46,0.15,Credit Card,Delivered,5,3,Marketplace
O002848,1,2025-11-17,C01627,P0098,1,12453.75,0.1,credit card,Delivered,4,4,APP
O006054,1,2025-01-13,C01666,P0028,2,8246.2,0.2,Credit Card,Delivered,5,3,APP
O004595,2,2025-07-17,C01696,P0134,1,17858.2,0,Debit Card,Cancelled,,,Marketplace
O000433,2,2025-08-30,C00886,P0118,1,3114.7,0.05,COD,Delivered,3,3,App
O004836,1,2025-06-14,C00994,P0107,2,23762.52,0.05,Wallet,Delivered,7,2,APP
O005056,1,2025-05-23,C01688,P0115,1,4955.13,0.05,credit card,Delivered,4,3,Web
O005645,2,2026-01-15,C00642,P0020,2,25402.28,0.15,upi,Delivered,3,4,App
O004065,2,2025-12-26,C01801,P0088,2,25515.83,0.2,Wallet,Delivered,3,4,APP
O003070,2,2025-05-01,C01026,P0091,1,256.72,0,Wallet,Delivered,2,5,APP
O002053,2,2026-03-09,C01733,P0014,1,5522.24,0.15,COD,Delivered,1,4,Marketplace
O005716,1,2025-09-14,C01772,P0067,1,11415.1,0.25,Debit Card,Delivered,3,5,Web
O003129,1,2026-03-14,C00216,P0056,1,10390.56,0.05,Wallet,Cancelled,,,App
O005553,3,2025-05-26,C00544,P0039,1,12741.13,0.5,credit card,Delivered,3,4,Marketplace
O005787,2,2026-02-08,C01210,P0001,4,9151.46,0.1,credit card,Returned,4,3,Web
O000504,1,2025-12-17,C01954,P0009,1,13843.79,0.65,credit card,Delivered,2,4,APP
O006305,3,2025-01-24,C00544,P0127,1,14020.03,0.2,Debit Card,Delivered,4,3,web
O006164,1,2026-02-12,C01499,P0137,2,4540.32,0,UPI,Delivered,6,,Web
O002566,4,2026-03-12,C01924,P0040,2,12596.2,0,UPI,Delivered,6,3,Marketplace
O005248,3,2025-06-02,C01457,P0110,2,8196.58,0.05,Wallet,Delivered,7,2,App
O000244,2,2025-11-26,C01435,P0078,5,25758.04,0,upi,Returned,4,3,Marketplace
O003299,1,2025-10-21,C01067,P0036,3,18064.93,0.25,UPI,Cancelled,,,Marketplace
O004531,1,2025-03-31,C00091,P0023,1,25944.26,0.1,Credit Card,Delivered,6,3,web
O003308,1,2026-03-07,C00269,P0131,1,17941.97,0.25,COD,Delivered,4,3,Web
O001472,2,2025-07-22,C00880,P0121,1,21325.24,0,Credit Card,Delivered,4,4,Web
O005666,1,2026-06-01,C01129,P0101,1,8187.44,0.1,Credit Card,Delivered,4,,Marketplace
O004635,1,2026-06-21,C01675,P0036,2,17954.24,0.5,UPI,Delivered,6,3,Web
O001731,1,2026-02-17,C01027,P0126,1,2025.45,0.3,credit card,Delivered,3,4,web
O000037,1,2025-11-25,C00494,P0132,1,18931.63,0,upi,Delivered,8,2,APP
O000311,1,2026-08-12,C01718,P0130,1,17305.39,0.25,Debit Card,Delivered,6,3,Marketplace
O005494,3,2025-11-04,C01951,P0021,5,22784.01,0.05,Cash on Delivery,Cancelled,,,web
O006488,1,2026-06-18,C00175,P0096,1,2886.91,0.05,Debit Card,Delivered,3,4,Web
O005820,1,2025-03-01,C01020,P0122,2,1145.16,0.1,credit card,Delivered,2,4,APP
O004821,4,2026-06-09,C00232,P0019,1,24130.49,0.15,upi,Delivered,1,4,APP
O000623,3,2026-01-31,C01470,P0110,3,8608.78,0.1,Wallet,Delivered,4,4,web
O004797,1,2026-06-05,C01629,P0015,1,23086.95,0.05,COD,Delivered,5,3,App
O001903,4,2025-09-11,C00722,P0065,1,16997.5,0.1,Wallet,Delivered,7,1,APP
O002365,2,2026-08-05,C01978,P0018,5,14464.58,0.15,Debit Card,Delivered,4,3,web
O001773,1,2025-06-10,C01430,P0033,1,641.94,0.15,Debit Card,Delivered,2,4,APP
O003120,1,2025-03-13,C01794,P0124,2,13886.49,0.15,COD,Delivered,5,3,Web
O004798,1,2025-11-07,C00057,P0017,1,3350.06,0.1,credit card,Delivered,7,2,web
O005116,1,2025-08-22,C00103,P0045,3,27838.95,0.05,Cash on Delivery,Delivered,3,4,App
O004114,1,2025-08-06,C00645,P0041,1,20855.6,0,Credit Card,Delivered,4,3,App
O004589,1,2026-05-10,C01640,P0035,1,17727.08,0,Debit Card,Delivered,1,5,Marketplace
O000159,2,2025-04-20,C00730,P0023,1,26495.93,0.15,Wallet,Delivered,6,2,APP
O006169,1,2025-05-06,C01656,P0086,1,3548.87,0.3,upi,Delivered,4,3,Web
O002997,1,2026-01-01,C00707,P0063,1,17360.41,0.1,COD,Delivered,3,4,App
O001062,1,2025-05-05,C01024,P0066,2,22535.86,0,Debit Card,Delivered,4,3,web
O003047,1,2025-11-26,C01806,P0086,1,3612.87,0.1,credit card,Delivered,4,3,App
O000771,2,2025-08-24,C00591,P0002,1,10847.17,0.25,credit card,Delivered,2,5,APP
O005093,1,2025-07-11,C01741,P0051,3,4117.42,0.1,credit card,Delivered,3,4,App
O002110,1,2026-08-27,C01087,P0143,1,4201.07,0.05,Credit Card,Returned,6,3,APP
O003988,1,2025-06-20,C00756,P0083,1,5614.38,0,Debit Card,Delivered,2,4,web
O001297,2,2025-08-11,C00380,P0034,1,8480.76,0.2,Credit Card,Delivered,5,2,Web
O002211,1,2025-07-09,C00087,P0036,1,18917.01,0.1,credit card,Delivered,3,4,Web
O001970,3,2025-01-19,C01714,P0038,1,326.78,0.05,UPI,Delivered,,,Marketplace
O005866,1,2026-06-21,C01367,P0098,1,13136.0,0.15,COD,Delivered,3,4,Marketplace
O001337,2,2025-11-22,C01252,P0098,1,13087.29,0,UPI,Delivered,5,2,web
O003146,2,2025-05-17,C01025,P0068,4,9321.32,0.1,Credit Card,Delivered,4,,web
O006213,1,2025-03-14,C00765,P0060,1,17206.02,0.15,UPI,Delivered,6,3,Marketplace
O006288,1,2026-06-14,C01509,P0121,1,22505.1,0.1,Cash on Delivery,Delivered,,,App
O003953,1,2026-07-18,C00888,P0058,2,12691.43,0.05,Debit Card,Delivered,5,2,Web
O003024,2,2026-04-01,C01465,P0137,2,4855.3,0.3,Wallet,Delivered,1,5,App
O005235,1,2025-05-05,C01511,P0106,1,2566.36,0.1,COD,Returned,2,4,Web
O002817,1,2025-01-08,C01247,P0135,1,3422.9,0.05,upi,Returned,5,3,web
O003962,1,2026-08-19,C01312,P0018,2,13818.11,0.1,UPI,Delivered,5,3,Web
O004096,1,2025-04-16,C00511,P0068,1,9456.59,0,Credit Card,Delivered,2,4,APP
O006380,2,2025-09-29,C00593,P0144,1,8000.71,0.1,COD,Delivered,6,3,Marketplace
O002886,1,2025-09-23,C00653,P0100,1,13677.06,0.3,Cash on Delivery,Delivered,4,4,Web
O000237,1,2025-09-10,C00808,P0089,5,17615.78,0,,Cancelled,,,APP
O000415,2,2026-06-18,C00414,P0008,1,22309.3,0.3,Credit Card,Delivered,6,2,web
O001708,1,2026-03-23,C00691,P0053,1,7329.57,0.15,upi,Delivered,6,3,web
O005468,1,2025-12-27,C00772,P0136,1,14013.94,0,upi,Delivered,3,4,Marketplace
O004678,4,2025-04-01,C00168,P0091,2,249.15,0.15,Credit Card,Delivered,,,App
O003008,1,2026-05-09,C01933,P0052,1,19121.13,0.25,Credit Card,Delivered,3,4,App
O002726,1,2026-08-15,C00930,P0003,1,18655.23,0.15,Credit Card,Delivered,3,4,APP
O003949,2,2026-02-27,C00403,P0004,4,19177.37,0.15,upi,Delivered,4,4,web
O005816,2,2025-01-01,C00734,P0120,1,13244.17,0.15,COD,Delivered,4,4,Web
O003580,2,2026-05-12,C01259,P0092,3,4279.86,0.2,Credit Card,Delivered,5,,App
O002244,1,2026-08-15,C01020,P0121,2,21193.91,0.2,UPI,Delivered,2,4,APP
O004527,2,2025-11-13,C00346,P0103,1,27476.2,0.05,Credit Card,Delivered,2,4,App
O002205,2,2026-04-13,C00203,P0094,1,6072.7,0.1,Cash on Delivery,Delivered,8,2,APP
O000157,2,2025-08-11,C00863,P0110,1,8530.2,0.05,upi,Delivered,6,3,APP
O001207,2,2025-08-07,C01568,P0024,2,21328.26,0.05,upi,Cancelled,,,App
O004256,2,2025-10-30,C01303,P0069,1,11877.74,0.1,upi,Delivered,4,4,APP
O005594,1,2025-06-26,C00498,P0011,1,17058.56,0,Debit Card,Delivered,3,4,APP
O000337,3,2025-10-08,C01456,P0027,1,20415.44,0,Debit Card,Delivered,6,2,App
O000947,1,2025-07-04,C01862,P0056,1,11135.54,0,Cash on Delivery,Delivered,3,4,App
O003598,1,2025-04-14,C00024,P0127,5,14010.18,0.1,upi,Delivered,3,,App
O001777,2,2025-10-23,C01155,P0144,2,8580.95,0.1,credit card,Delivered,5,3,Marketplace
O005608,1,2026-02-01,C01235,P0017,5,3362.5,0,Cash on Delivery,Delivered,6,3,web
O002256,1,2026-01-25,C01683,P0133,1,3730.04,0.05,,Delivered,5,3,Marketplace
O005056,2,2025-05-23,C01688,P0111,4,1842.99,0.05,credit card,Delivered,4,3,Web
O005348,2,2026-04-04,C01208,P0017,2,3223.51,0.3,UPI,Delivered,3,4,web
O003375,1,2025-09-29,C01802,P0017,1,3377.14,0,upi,Delivered,4,3,Marketplace
O001191,2,2025-01-15,C00562,P0062,2,18531.78,0,COD,Delivered,3,4,Web
O000778,1,2026-01-27,C01908,P0018,2,14423.3,0.1,Wallet,Delivered,2,5,Web
O003572,1,2025-10-05,C00400,P0103,1,26546.34,0.05,upi,Delivered,5,2,web
O005087,2,2025-05-10,C01470,P0102,1,16304.55,0,credit card,Delivered,5,3,Marketplace
O005557,1,2025-10-25,C00342,P0123,3,9153.06,0.25,Cash on Delivery,Delivered,2,,APP
O001835,2,2025-08-27,C00098,P0102,1,16404.3,0.15,UPI,Delivered,3,5,APP
O001269,3,2026-06-27,C00119,P0024,3,21021.18,0.25,Credit Card,Delivered,1,4,APP
O003517,1,2025-10-19,C01166,P0040,1,13061.81,0,credit card,Delivered,6,2,APP
O005093,4,2025-07-11,C01741,P0026,2,14511.48,0.65,credit card,Delivered,3,4,App
O000265,2,2025-10-06,C00476,P0120,1,13296.6,0.1,Debit Card,Delivered,4,,APP
O006246,1,2025-06-03,C01021,P0084,2,16698.14,0,UPI,Delivered,2,5,App
O006371,2,2025-07-11,C00819,P0047,1,29671.11,0,Credit Card,Delivered,2,5,Web
O004262,1,2025-06-13,C01236,P0013,1,5557.69,0.15,Debit Card,Delivered,4,4,APP
O006436,1,2025-07-05,C01353,P0100,2,14245.63,0.1,COD,Delivered,7,2,APP
O000011,2,2026-04-02,C01653,P0007,1,12023.26,0.15,Debit Card,Delivered,2,4,APP
O003122,2,2025-03-25,C00478,P0019,2,24465.97,0.1,Debit Card,Delivered,7,2,Web
O003496,1,2025-06-30,C00404,P0034,1,8165.78,0.15,upi,Delivered,3,5,web
O000029,1,2026-05-05,C01422,P0018,2,13759.64,0.1,Debit Card,Delivered,5,2,web
O005883,1,2025-05-25,C01574,P0055,2,9035.73,0.1,Wallet,Cancelled,,,Marketplace
O000710,2,2025-03-19,C01691,P0129,1,14656.09,0.25,credit card,Delivered,8,,App
O005784,2,2025-12-17,C01835,P0118,1,3107.64,0.2,Wallet,Delivered,5,3,Web
O000615,2,2026-06-13,C00213,P0060,1,17227.38,0.2,,Delivered,5,3,Web
O005971,1,2025-05-17,C00993,P0013,2,5558.12,0.1,Wallet,Delivered,2,5,Marketplace
O005066,1,2025-11-25,C00118,P0125,1,4681.78,0.15,Credit Card,Returned,5,2,Web
O004303,1,2025-01-07,C00707,P0048,1,973.82,0,credit card,Delivered,4,3,APP
O006386,4,2026-05-30,C00553,P0125,1,4656.81,0.15,Debit Card,Delivered,3,3,web
O000310,1,2026-02-18,C01809,P0115,1,4804.87,0.2,Debit Card,Returned,4,3,web
O006344,1,2025-05-28,C00813,P0080,4,21877.04,0.15,Cash on Delivery,Delivered,7,,Marketplace
O004684,1,2025-07-02,C01698,P0060,1,17570.94,0.1,Debit Card,Delivered,6,3,Web
O001901,1,2025-06-22,C01451,P0055,1,9541.52,0.15,upi,Delivered,6,3,APP
O005376,1,2025-12-20,C01723,P0025,2,3906.2,0.05,Debit Card,Delivered,6,3,Marketplace
O001929,2,2025-09-28,C00058,P0109,4,15067.54,0.2,UPI,Delivered,6,3,Web
O001586,2,2026-03-30,C00520,P0109,1,14317.57,0.05,upi,Delivered,,,web
O001722,1,2025-11-08,C01144,P0013,2,5742.97,0.05,COD,Delivered,7,,APP
O004940,1,2026-05-28,C00417,P0112,5,22601.13,0.2,Cash on Delivery,Returned,3,4,APP
O000670,1,2026-08-05,C00854,P0113,1,3073.07,0.1,UPI,Delivered,5,4,web
O001527,1,2026-01-23,C01910,P0051,3,4163.64,0.2,upi,Delivered,7,2,APP
O001587,1,2025-01-05,C01945,P0104,1,4879.96,0.25,COD,Delivered,3,3,web
O005783,3,2025-05-21,C00510,P0104,1,5117.73,0,UPI,Delivered,2,4,Marketplace
O000155,1,2026-01-07,C00632,P0059,1,17398.44,0.1,Debit Card,Delivered,6,3,web
O001436,3,2025-01-15,C01869,P0043,1,15977.54,0.05,credit card,Delivered,4,3,App
O004469,2,2026-08-03,C00137,P0035,1,17975.35,0.05,upi,Returned,5,3,Marketplace
O000654,1,2026-04-27,C00486,P0077,1,11106.37,0,Debit Card,Delivered,3,4,Marketplace
O006420,2,2026-07-27,C00916,P0111,3,1880.31,0.3,Wallet,Delivered,5,4,APP
O003553,3,2025-04-14,C00742,P0091,1,244.71,0.05,COD,Delivered,2,5,Web
O001904,1,2026-03-26,C01799,P0065,1,17415.77,0,Credit Card,Delivered,6,3,APP
O006003,3,2025-09-13,C00403,P0128,1,14014.55,0.1,credit card,Delivered,6,3,App
O000056,2,2026-06-12,C01896,P0055,1,9518.46,0.05,Wallet,Delivered,2,4,APP
O002490,2,2025-07-16,C01832,P0108,1,21303.51,0.05,Cash on Delivery,Delivered,,,web
O003458,1,2025-12-08,C00944,P0070,1,4168.22,0.3,UPI,Delivered,5,4,Web
O002314,1,2025-09-23,C00948,P0105,2,25314.34,0.3,credit card,Delivered,5,4,APP
O000294,2,2025-01-09,C01278,P0043,1,15919.71,0.1,upi,Delivered,7,2,App
O002486,1,2026-01-17,C00081,P0132,2,18586.71,0.15,Debit Card,Delivered,6,3,Web
O004155,3,2025-06-23,C01270,P0018,3,14657.06,0.2,Wallet,Delivered,5,2,Marketplace
O002168,1,2025-01-16,C00150,P0092,1,4126.91,0,credit card,Delivered,4,4,Marketplace
O000138,1,2025-08-29,C01127,P0044,1,13390.98,0.05,COD,Delivered,5,3,Marketplace
O004532,1,2025-10-01,C01041,P0023,2,26202.5,0,upi,Delivered,4,3,APP
O002962,1,2025-06-08,C01421,P0122,1,1183.87,0.1,COD,Delivered,3,4,Web
O002739,2,2025-12-21,C01998,P0015,2,22028.77,0.25,credit card,Cancelled,,,Web
O000028,2,2025-01-30,C00871,P0048,1,1010.53,0,COD,Delivered,3,4,Web
O001850,4,2025-03-26,C01530,P0086,1,3675.97,0.1,UPI,Delivered,3,4,App
O003568,1,2026-04-21,C00503,P0130,2,17356.41,0.25,credit card,Returned,3,,App
O000417,1,2025-06-05,C01616,P0123,1,9043.87,0.2,credit card,Delivered,4,4,APP
O005110,3,2025-02-17,C01071,P0109,2,14457.89,0.05,Cash on Delivery,Delivered,7,,Marketplace
O001118,3,2026-02-07,C01818,P0039,5,11893.27,0,Cash on Delivery,Delivered,4,4,Marketplace
O001358,2,2025-11-10,C00714,P0080,2,22336.87,0.1,Debit Card,Returned,4,3,App
O001593,3,2025-10-29,C00462,P0059,1,17463.35,0.1,Wallet,Delivered,4,3,App
O003811,1,2025-09-23,C01096,P0048,1,944.8,0.25,upi,Delivered,8,2,Web
O005617,1,2025-07-09,C01697,P0025,2,3886.08,0.15,credit card,Delivered,5,3,App
O005423,1,2025-03-11,C01254,P0138,1,999.07,0.2,Debit Card,Delivered,5,3,APP
O000484,1,2025-03-19,C01367,P0082,1,14822.37,0.15,upi,Cancelled,,,App
O004189,1,2026-06-24,C00937,P0050,2,17363.92,0,COD,Cancelled,,,Marketplace
O000724,2,2025-03-10,C01328,P0082,1,15193.72,0,credit card,Returned,3,4,Web
O000307,2,2026-06-03,C01434,P0114,1,1214.91,0.1,Cash on Delivery,Returned,,,web
O002172,1,2025-05-31,C00482,P0102,1,16563.34,0.15,Cash on Delivery,Delivered,7,2,Web
O001107,2,2026-04-03,C00961,P0037,1,18504.55,0.1,COD,Delivered,6,3,APP
O000997,1,2025-06-25,C00179,P0098,1,12971.81,0.25,Debit Card,Delivered,3,4,APP
O006295,1,2026-02-23,C00187,P0007,1,11343.59,0.1,COD,Delivered,4,3,web
O004471,2,2026-02-22,C00713,P0075,5,10734.09,0.15,Cash on Delivery,Delivered,3,3,Web
O005517,1,2025-02-12,C00166,P0086,1,3611.84,0.05,Credit Card,Delivered,8,2,APP
O003467,1,2025-11-04,C00353,P0072,4,12482.87,0.15,Wallet,Delivered,6,2,Web
O004628,2,2025-10-17,C01405,P0096,2,3020.19,0.05,Wallet,Returned,5,3,Web
O005528,1,2026-06-13,C00755,P0011,1,17305.7,0.05,UPI,Returned,5,3,APP
O004981,2,2026-04-10,C00885,P0057,1,4567.01,0.2,Debit Card,Delivered,6,3,Marketplace
O005534,1,2025-06-30,C01726,P0112,2,22463.13,0.15,Credit Card,Returned,4,3,App
O004519,4,2025-10-27,C00811,P0098,5,12386.32,0.05,credit card,Delivered,5,3,App
O000809,1,2026-06-16,C00667,P0142,5,12183.46,0,Debit Card,Delivered,3,,Web
O001822,1,2025-07-20,C01332,P0105,1,26131.41,0.25,Credit Card,Returned,8,2,App
O003139,1,2026-03-18,C01458,P0087,2,6775.45,0.25,UPI,Delivered,6,3,Web
O005155,2,2026-03-29,C01095,P0041,1,19973.22,0.2,Cash on Delivery,Returned,5,4,APP
O003958,1,2026-03-30,C00719,P0097,2,3468.22,0.1,Debit Card,Delivered,5,2,Marketplace
O000518,3,2025-10-01,C00699,P0108,1,22245.42,0,Cash on Delivery,Delivered,8,2,Web
O005053,1,2025-12-31,C01273,P0069,1,11698.73,0,UPI,Cancelled,,,APP
O005402,2,2025-03-10,C00323,P0063,1,17687.68,0.1,UPI,Delivered,5,3,App
O000855,1,2026-08-15,C00253,P0049,1,1482.03,0.1,Wallet,Delivered,3,4,App
O004236,1,2026-01-18,C01349,P0033,1,602.99,0.15,Cash on Delivery,Delivered,5,4,APP
O003113,2,2025-01-02,C01414,P0083,1,5636.29,0.2,Credit Card,Delivered,5,3,App
O001912,2,2025-09-11,C00682,P0046,1,4146.03,0.1,Debit Card,Delivered,4,3,APP
O002356,2,2025-11-05,C01381,P0038,2,334.64,0.05,Credit Card,Returned,4,4,App
O005201,1,2026-05-26,C00835,P0040,5,13125.69,0.15,credit card,Delivered,6,3,Marketplace
O001977,1,2025-12-07,C00456,P0137,1,4651.38,0.2,Wallet,Delivered,3,5,Marketplace
O005189,2,2025-03-14,C00517,P0061,2,21566.5,0.05,Cash on Delivery,Delivered,3,4,Web
O000884,4,2025-01-25,C01115,P0121,1,21195.97,0.05,UPI,Delivered,8,2,APP
O002561,1,2025-07-02,C01260,P0084,1,16405.91,0.15,COD,Delivered,4,3,web
O003793,4,2026-04-11,C00464,P0103,1,26577.46,0,credit card,Delivered,3,4,web
O001778,2,2025-12-27,C00130,P0137,1,4787.52,0.2,Debit Card,Delivered,5,3,web
O000780,1,2026-06-09,C00827,P0128,1,14234.39,0.05,Credit Card,Delivered,4,3,App
O003991,2,2025-12-05,C01289,P0061,1,22601.1,0.05,Debit Card,Delivered,3,,Web
O002720,1,2026-01-04,C00464,P0083,4,5483.13,0,Cash on Delivery,Delivered,5,2,Web
O005622,2,2025-09-30,C01576,P0025,1,3907.25,0,Wallet,Delivered,5,3,web
O005836,1,2025-01-26,C01941,P0119,1,20341.61,0,Cash on Delivery,Delivered,5,3,web
O004661,2,2025-05-18,C01403,P0086,3,3533.59,0.1,Debit Card,Returned,6,3,App
O000316,2,2025-11-29,C01056,P0050,2,17180.81,0.15,Wallet,Delivered,3,4,Marketplace
O002115,1,2026-08-18,C01345,P0107,1,24387.17,0.15,Cash on Delivery,Delivered,4,4,App
O001804,1,2026-07-08,C00721,P0107,2,23456.48,0.2,Wallet,Delivered,4,4,Web
O005320,1,2026-03-06,C01559,P0037,1,18308.55,0.15,credit card,Delivered,3,4,App
O000535,1,2025-08-13,C00899,P0125,1,4423.57,0.1,COD,Delivered,,,Marketplace
O000113,2,2025-12-03,C01026,P0134,1,18877.16,0.2,Wallet,Delivered,1,4,APP
O004373,2,2026-07-27,C01549,P0125,1,4616.71,0.25,COD,Delivered,7,3,Web
O003071,2,2026-05-14,C00641,P0129,1,15103.53,0.15,UPI,Delivered,3,5,web
O003513,2,2026-06-07,C01194,P0025,1,3972.54,0,credit card,Delivered,2,5,Web
O004409,1,2025-04-13,C00633,P0068,2,9039.27,0.2,COD,Delivered,5,3,App
O000115,3,2025-08-17,C01161,P0030,4,14086.88,0.15,UPI,Delivered,5,3,APP
O006168,2,2025-10-28,C00224,P0098,1,13014.83,0.15,Wallet,Cancelled,,,web
O006410,1,2025-10-12,C00315,P0097,1,3635.75,0,Cash on Delivery,Delivered,1,4,Web
O001855,3,2026-04-21,C01044,P0109,1,15037.82,0.3,credit card,Delivered,5,3,APP
O006243,1,2025-05-06,C01147,P0062,3,18407.43,0.05,Wallet,Delivered,5,3,Web
O001643,3,2026-08-17,C00669,P0066,1,23042.09,0.65,Credit Card,Delivered,6,3,Marketplace
O003082,2,2026-07-21,C00058,P0014,1,5523.67,0.25,upi,Returned,2,,Web
O005539,1,2026-07-14,C01431,P0136,1,13399.36,0.1,Cash on Delivery,Returned,4,3,Web
O002553,1,2025-04-30,C01418,P0123,1,8955.91,0.05,credit card,Delivered,5,3,web
O004705,3,2026-02-05,C00502,P0048,1,968.09,0.15,UPI,Cancelled,,,Marketplace
O005923,3,2026-08-12,C00997,P0055,1,8960.88,0.15,upi,Returned,4,3,web
O005153,1,2026-08-27,C01815,P0044,1,13069.6,0.1,Credit Card,Delivered,5,3,Marketplace
O005457,1,2025-07-02,C00130,P0090,2,4898.29,0.1,Debit Card,Delivered,6,3,App
O004651,1,2026-02-23,C00084,P0036,2,18177.19,0.25,Cash on Delivery,Delivered,7,2,Web
O003865,2,2026-07-21,C01578,P0123,1,8782.25,0.05,Debit Card,Cancelled,,,Marketplace
O003796,2,2025-08-21,C01671,P0116,1,12318.31,0.2,UPI,Delivered,6,2,APP
O004600,1,2025-11-23,C01351,P0086,2,3745.94,0.65,Credit Card,Delivered,4,4,Marketplace
O005337,1,2025-06-02,C00671,P0001,1,9341.75,0.25,UPI,Delivered,4,3,APP
O000164,3,2026-07-06,C00164,P0114,1,1270.06,0.3,,Delivered,4,4,Marketplace
O004591,1,2026-07-07,C00239,P0038,1,346.05,0.1,Cash on Delivery,Delivered,3,4,Marketplace
O005804,1,2025-12-24,C01122,P0043,3,16507.02,0,credit card,Cancelled,,,Web
O005510,3,2026-01-07,C00828,P0004,1,19090.75,0.05,upi,Delivered,5,3,APP
O003468,2,2026-05-12,C00467,P0039,3,12320.89,0.05,upi,Delivered,2,5,App
O004313,1,2025-07-22,C01181,P0054,1,12518.31,0.25,Cash on Delivery,Cancelled,,,Marketplace
O004073,3,2026-03-02,C00185,P0095,4,15461.76,0.05,UPI,Delivered,4,4,web
O000678,2,2025-08-05,C00903,P0118,1,3109.01,0.1,COD,Delivered,7,3,App
O002199,1,2025-01-31,C00151,P0140,1,13425.08,0.15,Wallet,Delivered,4,,APP
O001059,1,2025-01-07,C00607,P0086,2,3788.73,0.05,UPI,Delivered,2,5,App
O000038,1,2025-04-02,C01766,P0053,1,7196.99,0.5,Cash on Delivery,Delivered,5,2,Web
O001456,1,2026-08-01,C01508,P0108,1,22244.96,0.2,UPI,Delivered,6,2,Web
O002289,2,2025-01-21,C01237,P0122,1,1133.36,0,Cash on Delivery,Delivered,4,3,Web
O001329,1,2026-06-26,C00409,P0133,1,3803.59,0.15,Credit Card,Delivered,4,3,Marketplace
O005473,2,2026-05-25,C00534,P0024,1,20153.77,0.3,Debit Card,Delivered,4,3,App
O002696,1,2025-02-28,C01313,P0142,4,11596.76,0.2,Debit Card,Delivered,1,5,App
O000441,1,2025-10-02,C01038,P0091,2,259.73,0.05,Debit Card,Delivered,7,3,Marketplace
O005177,1,2025-04-06,C01744,P0016,1,20017.98,0.2,credit card,Delivered,4,4,Web
O005329,1,2025-02-01,C01693,P0116,1,11681.18,0.15,UPI,Delivered,4,3,Marketplace
O003844,1,2026-03-28,C01533,P0049,1,1474.47,0.2,Debit Card,Delivered,3,5,Marketplace
O002263,3,2025-04-10,C00738,P0069,1,11277.78,0,COD,Delivered,7,2,Marketplace
O002305,2,2026-05-13,C01608,P0054,1,13084.17,0.1,Wallet,Delivered,3,3,APP
O000909,1,2025-05-28,C00900,P0072,1,12206.49,0.25,credit card,Delivered,5,3,APP
O002665,1,2025-05-25,C00187,P0134,1,19078.68,0.05,UPI,Delivered,3,4,web
O006139,2,2026-08-30,C00414,P0035,2,17870.13,0.2,UPI,Delivered,5,3,APP
O002401,2,2025-04-14,C01116,P0124,1,13737.67,0.1,upi,Delivered,4,4,Marketplace
O005571,1,2026-05-22,C01027,P0113,1,3101.89,0.2,upi,Delivered,4,3,web
O006234,2,2025-07-25,C01491,P0047,2,28725.4,0.1,COD,Delivered,5,4,Web
O001187,4,2025-06-26,C00621,P0112,2,21211.17,0.15,upi,Returned,6,2,App
O006048,1,2025-05-13,C00924,P0031,1,22042.01,0,Debit Card,Delivered,4,4,web
O004893,1,2025-09-09,C01348,P0095,1,16026.72,0.3,Credit Card,Returned,5,3,APP
O001247,1,2025-06-24,C00823,P0075,3,10884.38,0.2,Cash on Delivery,Delivered,5,3,Web
O003824,1,2025-11-16,C01756,P0016,1,20242.4,0,UPI,Delivered,2,4,App
O000404,3,2026-02-21,C01281,P0099,2,20346.83,0.15,UPI,Delivered,5,4,web
O003546,2,2025-12-08,C01780,P0123,5,8851.02,0.2,Debit Card,Delivered,3,,Marketplace
O002873,2,2025-02-21,C00026,P0069,1,11663.63,0.05,credit card,Returned,5,4,Web
O004737,3,2025-12-16,C01073,P0124,2,13750.72,0.05,Credit Card,Delivered,4,4,web
O002915,1,2026-02-28,C00712,P0128,1,14459.8,0.1,UPI,Delivered,3,3,Marketplace
O001457,1,2025-12-11,C01273,P0025,1,3972.92,0.1,Wallet,Delivered,4,3,web
O001922,1,2025-07-29,C00059,P0018,1,13752.21,0.15,Debit Card,Returned,5,3,Marketplace
O000687,2,2026-01-04,C00839,P0016,4,19793.58,0,Cash on Delivery,Delivered,6,,APP
O000596,1,2025-02-25,C01647,P0077,2,11111.43,0,Debit Card,Delivered,6,3,App
O004464,1,2025-05-21,C00939,P0141,1,13057.74,0,credit card,Delivered,7,3,APP
O000758,1,2026-01-18,C00075,P0057,1,4505.24,0.1,COD,Cancelled,,,App
O005855,2,2025-02-18,C01807,P0121,1,20892.16,0.1,Cash on Delivery,Delivered,3,4,Marketplace
O001936,4,2025-06-09,C01781,P0026,3,14321.65,0.1,COD,Returned,5,4,Web
O005406,2,2025-01-07,C01765,P0059,1,17286.49,0.15,UPI,Delivered,5,3,Marketplace
O000100,1,2025-12-12,C00433,P0123,1,9352.38,0.05,UPI,Delivered,2,,web
O002887,1,2025-08-21,C01869,P0068,1,9298.66,0.05,Wallet,Delivered,4,4,APP
O004497,1,2025-01-26,C01691,P0090,1,4981.01,0.05,Credit Card,Delivered,1,4,web
O000648,1,2026-06-04,C00015,P0080,3,22255.58,0.15,Wallet,Delivered,2,4,App
O003030,2,2025-11-07,C01521,P0129,3,14640.37,0.1,UPI,Delivered,6,2,App
O001273,2,2026-07-27,C01485,P0142,3,11569.77,0.1,COD,Delivered,6,3,Web
O005753,2,2026-03-03,C00650,P0130,2,17483.82,0.2,Credit Card,Delivered,3,3,web
O006155,1,2025-08-25,C00262,P0028,2,8397.58,0.2,UPI,Delivered,3,4,Marketplace
O004094,1,2025-10-20,C01485,P0144,3,8015.68,0.1,upi,Delivered,3,4,Marketplace
O000787,1,2026-02-24,C00397,P0103,1,27264.14,0.1,Cash on Delivery,Cancelled,,,Web
O002833,1,2026-05-12,C00130,P0142,1,11769.07,0.1,COD,Delivered,5,3,web
O002941,1,2025-05-13,C00296,P0123,3,9055.59,0.15,COD,Delivered,4,4,Marketplace
O004190,1,2025-11-09,C01546,P0029,2,4977.07,0.25,Credit Card,Delivered,2,4,Web
O003488,2,2026-02-17,C00599,P0105,1,25132.22,0.15,UPI,Delivered,2,4,APP
O000132,1,2025-08-17,C01341,P0058,1,12564.1,0.2,UPI,Delivered,6,2,App
O003465,4,2025-03-23,C00476,P0047,1,29636.48,0.1,Wallet,Returned,7,3,APP
O002721,1,2026-04-29,C00373,P0059,2,17050.51,0.1,Cash on Delivery,Delivered,4,3,APP
O000107,1,2026-07-31,C01311,P0036,1,18431.66,0.15,,Delivered,2,4,web
O006038,1,2025-11-27,C01440,P0076,2,27089.14,0.1,UPI,Delivered,4,3,web
O002634,1,2025-11-15,C00365,P0087,1,6365.0,0.05,upi,Delivered,6,2,APP
O006455,2,2026-05-31,C01458,P0093,1,23335.13,0.3,credit card,Delivered,4,,Marketplace
O002722,1,2026-01-29,C00914,P0133,2,3846.33,0.25,Debit Card,Delivered,2,5,App
O000020,2,2025-04-02,C00615,P0092,1,3997.0,0.05,upi,Delivered,4,4,Marketplace
O005537,3,2025-11-20,C00039,P0009,4,14105.9,0.25,Credit Card,Delivered,4,4,APP
O002647,2,2026-03-21,C00063,P0008,1,22113.63,0.15,COD,Delivered,3,4,APP
O003515,2,2025-12-04,C00858,P0017,1,3237.46,0.25,Credit Card,Delivered,3,4,APP
O003856,1,2025-10-10,C00637,P0129,1,14820.37,0.05,UPI,Delivered,4,3,web
O001930,1,2025-02-19,C00937,P0066,1,23280.86,0.05,Cash on Delivery,Cancelled,,,web
O000960,2,2025-10-29,C01540,P0130,2,16871.53,0.3,Wallet,Delivered,2,4,Marketplace
O002899,3,2025-12-01,C01026,P0085,1,10155.58,0.3,Cash on Delivery,Delivered,4,3,Web
O000788,2,2025-08-03,C00740,P0125,1,4653.73,0.25,Cash on Delivery,Delivered,4,3,App
O002023,2,2026-08-11,C01711,P0037,3,18671.77,0,UPI,Delivered,4,4,web
O004634,1,2025-03-29,C00150,P0034,2,8347.16,0,credit card,Cancelled,,,APP
O001385,1,2025-02-11,C00974,P0143,4,4032.79,0.25,Cash on Delivery,Delivered,1,4,web
O003319,1,2026-06-28,C00168,P0023,1,26218.21,0.2,COD,Delivered,5,3,Web
O004602,1,2026-04-16,C00719,P0062,3,18193.07,0.1,,Delivered,7,2,web
O003608,1,2025-10-22,C00189,P0066,1,22845.52,0.1,Debit Card,Delivered,3,4,Web
O001211,4,2026-04-03,C01524,P0015,2,21458.13,0.5,upi,Delivered,6,3,web
O001817,3,2025-07-23,C01729,P0023,1,25851.09,0,credit card,Returned,,,Web
O005547,1,2025-01-08,C00631,P0093,2,23108.96,0.05,Debit Card,Delivered,4,3,App
O000383,1,2026-03-30,C01900,P0031,1,22550.04,0.05,Credit Card,Delivered,2,4,App
O003899,1,2026-05-05,C00877,P0133,1,3833.39,0.05,UPI,Delivered,3,4,Marketplace
O001078,1,2025-03-07,C01280,P0090,2,4945.68,0.05,UPI,Cancelled,,,Marketplace
O001894,3,2025-11-17,C00072,P0061,4,22892.91,0.3,Debit Card,Delivered,3,5,web
O006016,2,2025-03-11,C00710,P0049,2,1420.26,0.05,Cash on Delivery,Delivered,6,2,Marketplace
O005188,2,2025-08-13,C00606,P0143,1,4013.69,0.05,Cash on Delivery,Returned,7,2,web
O005826,1,2026-08-30,C00633,P0095,1,15403.72,0.2,Credit Card,Delivered,5,3,APP
O003115,1,2026-05-02,C01651,P0138,1,1032.26,0.2,Wallet,Delivered,3,4,APP
O004802,1,2025-08-01,C01667,P0073,1,8869.74,0.05,Cash on Delivery,Delivered,5,3,App
O004581,1,2025-06-11,C01107,P0045,3,27550.56,0.2,Credit Card,Delivered,5,3,Marketplace
O003324,2,2026-07-27,C01648,P0071,1,10998.44,0.15,Credit Card,Delivered,1,4,APP
O001592,2,2026-04-10,C00670,P0084,1,16631.54,0.05,Credit Card,Delivered,7,,Marketplace
O002945,2,2026-07-08,C01409,P0103,1,26594.99,0.1,Cash on Delivery,Delivered,5,,web
O000104,1,2025-09-07,C01540,P0104,1,4991.19,0.1,Cash on Delivery,Delivered,4,3,web
O000342,1,2025-10-26,C01628,P0089,1,18350.68,0.25,Wallet,Delivered,5,3,Web
O006345,1,2025-12-22,C00568,P0031,1,23381.15,0.2,Debit Card,Delivered,5,3,web
O002186,1,2025-08-24,C01205,P0019,2,25010.32,0,Wallet,Delivered,1,5,APP
O002146,3,2026-05-18,C00437,P0064,3,4574.59,0.1,credit card,Returned,,,web
O003588,1,2026-08-07,C01205,P0016,3,20695.56,0.15,upi,Delivered,5,3,Web
O001257,2,2026-07-03,C01874,P0112,2,21524.76,0,Debit Card,Delivered,2,5,App
O002906,2,2025-01-26,C00706,P0108,2,22071.98,0.25,Debit Card,Delivered,7,2,Web
O001892,2,2025-07-02,C00545,P0064,1,4654.05,0.1,Cash on Delivery,Delivered,5,2,APP
O000130,2,2026-07-10,C00172,P0039,2,12417.49,0.05,Credit Card,Delivered,3,4,App
O004588,3,2026-01-08,C01423,P0023,3,25977.6,0,upi,Delivered,2,,Web
O004461,2,2025-09-07,C00856,P0102,3,16118.29,0,UPI,Cancelled,,,APP
O002313,2,2026-03-28,C00134,P0108,2,21298.63,0.15,COD,Delivered,2,4,APP
O006012,2,2025-10-15,C00047,P0074,1,10933.98,0.2,Debit Card,Delivered,4,3,APP
O000178,2,2026-01-16,C01600,P0026,1,13643.27,0.1,upi,Delivered,4,4,App
O006382,3,2026-02-14,C01744,P0084,1,16965.98,0.15,credit card,Delivered,4,4,Marketplace
O001236,1,2026-05-15,C00984,P0114,1,1284.47,0.3,Cash on Delivery,Delivered,3,4,Marketplace
O001743,1,2025-01-12,C00279,P0108,2,21277.71,0.15,COD,Delivered,6,3,App
O005556,2,2025-04-11,C00382,P0059,1,17706.85,0.05,Wallet,Delivered,2,4,Marketplace
O002815,1,2025-01-27,C01614,P0056,2,10574.95,0.2,Cash on Delivery,Delivered,1,4,App
O002324,1,2025-03-06,C00386,P0109,1,14673.28,0.25,upi,Delivered,2,5,Marketplace
O004613,1,2025-09-03,C00517,P0011,1,17211.96,0.05,credit card,Delivered,4,4,web
O003672,3,2025-02-22,C01064,P0115,1,4778.28,0.1,UPI,Delivered,4,3,web
O003438,1,2025-05-02,C00176,P0067,1,10928.44,0,Wallet,Delivered,2,4,web
O003071,3,2026-05-14,C00641,P0110,1,8528.62,0.3,UPI,Delivered,3,5,web
O003350,1,2025-09-13,C00182,P0053,1,7469.75,0.2,Cash on Delivery,Delivered,3,4,web
O005223,2,2026-05-22,C01964,P0096,1,2839.8,0.05,Credit Card,Delivered,3,4,Web
O005958,2,2025-08-30,C00150,P0016,2,19953.99,0.2,Wallet,Delivered,4,3,web
O000471,1,2026-08-14,C00978,P0035,1,17396.96,0.05,Wallet,Cancelled,,,Marketplace
O004832,1,2025-01-30,C01086,P0010,2,23614.45,0.25,upi,Delivered,4,4,Web
O003300,3,2026-05-08,C00601,P0081,2,22210.98,0.15,credit card,Delivered,3,3,APP
O000195,1,2025-09-02,C00569,P0065,1,17929.08,0.2,UPI,Delivered,5,,web
O002905,1,2025-03-19,C01992,P0143,1,3921.99,0,UPI,Delivered,6,2,Marketplace
O000365,3,2025-05-31,C00607,P0107,1,23594.97,0,credit card,Delivered,7,2,Marketplace
O002571,1,2025-03-09,C00214,P0111,1,1924.23,0.15,upi,Delivered,4,4,Marketplace
O004764,1,2026-01-03,C01077,P0021,2,22762.81,0.25,Wallet,Delivered,4,,APP
O005268,3,2026-01-27,C01474,P0093,1,23443.19,0.1,,Delivered,6,3,APP
O001434,2,2026-01-09,C01653,P0105,2,26467.88,0.15,upi,Delivered,3,3,web
O003062,1,2025-05-18,C01302,P0120,1,12914.69,0.15,Cash on Delivery,Delivered,1,5,APP
O005813,1,2026-01-28,C01434,P0011,1,17334.21,0.1,Debit Card,Delivered,5,4,APP
O001111,1,2026-03-01,C01529,P0084,2,16147.25,0.15,credit card,Cancelled,,,Marketplace
O002780,1,2026-02-17,C00255,P0112,5,21434.85,0,Debit Card,Delivered,4,3,Marketplace
O002112,1,2026-04-13,C01552,P0026,2,14158.1,0,Credit Card,Delivered,6,3,Marketplace
O003322,2,2026-01-26,C00922,P0129,3,14778.99,0.1,Cash on Delivery,Delivered,5,2,APP
O002593,3,2025-02-21,C01357,P0030,1,14021.2,0.1,Wallet,Delivered,6,,App
O004323,1,2025-02-08,C00420,P0081,3,22117.24,0.15,Wallet,Delivered,3,4,Marketplace
O002836,2,2025-07-08,C00068,P0112,3,21380.16,0.15,upi,Delivered,3,4,App
O005208,2,2025-09-03,C00090,P0052,1,18790.64,0.25,credit card,Delivered,1,5,Web
O002308,1,2025-12-21,C00853,P0067,2,11173.99,0.2,COD,Delivered,,,App
O004121,1,2026-01-02,C00831,P0121,2,22309.9,0.5,upi,Delivered,6,3,Marketplace
O003086,2,2026-07-13,C01660,P0112,1,21229.59,0,upi,Delivered,5,4,Marketplace
O003990,1,2025-07-12,C01579,P0099,2,20102.11,0.1,credit card,Returned,4,4,web
O003452,2,2025-04-18,C01499,P0049,2,1411.04,0.05,Credit Card,Delivered,2,,Web
O002220,1,2026-02-17,C01131,P0099,3,20540.14,0.3,Wallet,Delivered,5,3,App
O004693,3,2026-07-11,C00307,P0018,1,13988.33,0.3,Cash on Delivery,Delivered,6,2,App
O006340,1,2026-07-29,C00283,P0114,1,1206.17,0.05,Wallet,Delivered,4,4,Web
O000953,1,2026-07-21,C01348,P0108,2,21469.7,0.2,Wallet,Delivered,4,3,App
O004516,2,2025-12-28,C01409,P0056,3,10794.37,0,Debit Card,Delivered,1,,Marketplace
O004009,1,2026-08-07,C01433,P0034,1,8165.33,0,credit card,Delivered,5,3,web
O003286,4,2026-01-10,C00897,P0102,1,16617.25,0.1,Cash on Delivery,Delivered,4,4,APP
O005093,2,2025-07-11,C01741,P0028,1,8741.91,0.15,credit card,Delivered,3,4,App
O003766,2,2025-11-20,C01902,P0025,1,4109.09,0.15,Credit Card,Delivered,4,3,web
O001643,1,2026-08-17,C00669,P0074,1,10899.29,0,Credit Card,Delivered,6,3,Marketplace
O005796,1,2025-07-13,C00689,P0029,2,4925.02,0.2,Credit Card,Delivered,5,2,web
O003679,1,2025-06-20,C01063,P0110,1,8361.23,0.15,Credit Card,Delivered,1,5,Marketplace
O006091,2,2025-05-31,C01191,P0014,1,5541.11,0.05,Credit Card,Delivered,6,2,APP
O001107,1,2026-04-03,C00961,P0073,1,8929.71,0.1,COD,Delivered,6,3,APP
O004628,1,2025-10-17,C01405,P0049,1,1474.13,0.2,Wallet,Returned,5,3,Web
O001305,1,2026-01-29,C00361,P0037,1,18326.46,0,credit card,Delivered,5,3,Marketplace
O004042,1,2026-01-05,C01152,P0089,1,18278.22,0.15,upi,Delivered,5,3,APP
O002891,1,2026-01-22,C01168,P0104,1,5019.89,0.2,credit card,Delivered,4,3,App
O005611,1,2026-02-24,C00138,P0028,3,8240.04,0,credit card,Delivered,3,4,App
O004042,2,2026-01-05,C01152,P0108,1,21228.04,0.05,upi,Delivered,5,3,APP
O006305,4,2025-01-24,C00544,P0116,1,11996.77,0.05,Debit Card,Delivered,4,3,web
O001729,1,2025-01-11,C00450,P0074,2,11125.65,0.1,Wallet,Delivered,1,5,Marketplace
O004828,2,2025-09-05,C01113,P0098,2,12623.47,0.25,credit card,Cancelled,,,web
O004279,1,2025-08-05,C01808,P0040,1,0,0,Wallet,Delivered,4,3,Marketplace
O003989,1,2025-06-24,C00137,P0011,3,16918.58,0,Cash on Delivery,Delivered,,,App
O001796,2,2026-07-07,C01538,P0023,2,26314.52,0.15,Debit Card,Delivered,,,APP
O004496,2,2025-02-20,C01235,P0068,5,9222.37,0.25,COD,Delivered,3,,web
O005585,1,2025-12-27,C01574,P0051,1,4272.82,0.1,Credit Card,Delivered,7,2,APP
O001678,1,2025-11-11,C01061,P0128,1,13724.84,0.2,Credit Card,Cancelled,,,Marketplace
O004310,1,2025-04-06,C01670,P0056,1,10455.28,0.1,upi,Delivered,6,3,APP
O003495,1,2026-01-16,C00899,P0106,1,2615.96,0.2,Debit Card,Delivered,1,5,App
O004458,2,2025-04-29,C00835,P0121,1,21424.45,0.1,Wallet,Delivered,7,2,web
O003838,3,2026-05-20,C01896,P0120,2,12432.72,0.15,upi,Cancelled,,,Marketplace
O005461,1,2025-12-17,C00439,P0119,2,19907.9,0.65,Cash on Delivery,Delivered,1,5,Marketplace
O003723,1,2026-06-19,C00750,P0133,1,3679.63,0,credit card,Delivered,6,2,web
O003666,1,2025-05-07,C00647,P0130,1,17236.63,0.05,Debit Card,Delivered,4,3,APP
O005598,1,2025-10-05,C00572,P0079,4,7317.34,0.05,Credit Card,Delivered,6,2,APP
O002003,1,2026-01-06,C00784,P0070,2,4284.76,0,COD,Delivered,4,4,Marketplace
O004001,1,2025-07-14,C00437,P0090,2,4913.53,0,Wallet,Delivered,,,Web
O001849,1,2025-07-20,C01884,P0047,1,28973.8,0.1,Cash on Delivery,Delivered,6,3,Marketplace
O002229,2,2025-05-10,C00925,P0001,1,9635.48,0.1,Debit Card,Cancelled,,,App
O002085,2,2025-12-14,C01122,P0088,1,24642.23,0.15,upi,Delivered,2,4,Web
O003705,2,2026-08-30,C01872,P0095,1,16326.93,0.1,credit card,Delivered,4,4,Web
O000562,1,2025-12-01,C01744,P0056,1,11112.82,0.2,Debit Card,Delivered,5,4,Web
O000396,1,2025-05-27,C00465,P0099,1,19342.98,0.05,COD,Delivered,5,3,APP
O001161,3,2026-03-17,C01475,P0019,3,25296.15,0.1,upi,Delivered,5,4,APP
O004416,1,2025-05-10,C01178,P0026,1,13633.68,0.2,,Delivered,2,5,App
O001975,2,2025-09-27,C01582,P0009,2,14675.7,0.25,Credit Card,Delivered,2,5,Web
O003407,1,2025-06-22,C00912,P0094,1,6505.52,0,Cash on Delivery,Delivered,5,3,Web
O001898,2,2025-01-26,C01169,P0134,1,17758.52,0.25,Debit Card,Delivered,8,2,APP
O000609,1,2025-02-27,C00009,P0074,4,10473.73,0.1,credit card,Delivered,4,3,App
O001541,2,2025-11-03,C00746,P0016,1,20658.08,0.5,credit card,Delivered,,,Web
O003739,1,2026-06-18,C00576,P0072,2,12467.54,0.15,Cash on Delivery,Delivered,4,4,App
O001735,1,2026-08-18,C01620,P0143,1,3965.38,0.05,COD,Delivered,5,4,Marketplace
O006192,2,2025-07-13,C00446,P0065,1,16925.39,0.15,COD,Delivered,2,4,App
O001536,4,2025-01-28,C00773,P0020,3,25038.08,0,UPI,Delivered,7,2,Web
O005714,3,2026-06-09,C00948,P0071,1,10767.49,0.1,UPI,Delivered,4,3,Marketplace
O003477,2,2025-02-03,C01841,P0129,4,15101.63,0,UPI,Delivered,,,App
O000227,1,2026-05-17,C00873,P0076,1,26879.13,0,Wallet,Delivered,6,2,App
O002505,2,2026-02-19,C00619,P0130,1,17548.72,0.2,Debit Card,Delivered,4,3,web
O003040,1,2025-05-22,C01452,P0124,1,13489.9,0.05,Wallet,Delivered,3,4,App
O006180,2,2025-04-23,C01175,P0043,2,16697.26,0.1,Debit Card,Cancelled,,,Web
O001606,1,2025-07-25,C00755,P0060,1,17092.11,0.15,Wallet,Delivered,5,3,web
O001319,1,2026-02-18,C00476,P0122,1,1192.58,0.1,Credit Card,Delivered,2,4,APP
O002844,2,2026-03-09,C00504,P0038,1,325.74,0.05,upi,Delivered,3,3,web
O003058,1,2025-10-14,C00470,P0056,1,10684.13,0.25,Cash on Delivery,Cancelled,,,Marketplace
O003535,1,2025-05-15,C01990,P0043,1,16552.28,0.1,Credit Card,Cancelled,,,Web
O000333,1,2026-07-14,C00205,P0007,1,11983.04,0.3,Cash on Delivery,Delivered,3,4,App
O000555,1,2025-05-18,C00340,P0063,1,17057.28,0.15,upi,Delivered,3,5,Web
O004381,1,2025-08-12,C01996,P0097,1,3490.58,0.3,credit card,Delivered,7,2,Marketplace
O004102,2,2025-06-21,C00872,P0045,1,28103.31,0.05,upi,Delivered,7,2,web
O001766,1,2025-04-15,C00639,P0092,1,4147.26,0.3,upi,Delivered,6,2,Web
O002440,2,2025-11-10,C00486,P0045,1,29240.03,0.05,Debit Card,Delivered,2,4,Web
O006133,1,2025-05-11,C01953,P0042,1,7129.29,0,Wallet,Cancelled,,,web
O003039,1,2026-02-08,C00361,P0094,1,6156.98,0.5,Credit Card,Delivered,6,3,Marketplace
O001746,2,2026-08-09,C01177,P0014,2,5792.78,0.15,upi,Delivered,3,3,web
O000011,3,2026-04-02,C01653,P0055,3,9551.03,0.3,Debit Card,Delivered,2,4,APP
O005255,2,2026-04-28,C00431,P0042,5,7186.24,0.2,Debit Card,Delivered,4,3,App
O003727,1,2025-03-27,C00870,P0060,2,16312.02,0.2,COD,Delivered,2,5,APP
O002376,2,2025-12-15,C01881,P0126,2,2120.32,0,upi,Delivered,5,2,Marketplace
O001931,1,2025-12-22,C01605,P0122,2,1189.31,0.2,upi,Delivered,7,2,APP
O001099,3,2026-02-05,C00726,P0078,1,26512.98,0,upi,Delivered,6,3,APP
O004290,3,2026-06-07,C01572,P0043,1,15703.16,0.05,upi,Delivered,5,,Marketplace
O005692,1,2025-09-06,C00261,P0050,5,17658.4,0.2,Debit Card,Delivered,5,4,APP
O002250,2,2026-01-13,C01136,P0107,1,23473.95,0.3,Wallet,Delivered,3,3,Web
O000437,4,2025-07-05,C01071,P0051,1,4024.54,0,Wallet,Returned,,,Web
O003565,1,2025-03-04,C00527,P0044,1,13794.49,0,upi,Delivered,4,4,App
O003849,2,2025-03-23,C00886,P0034,1,8531.37,0.1,Cash on Delivery,Delivered,4,4,Marketplace
O004744,1,2026-08-29,C01831,P0142,1,11366.11,0.2,Credit Card,Delivered,6,2,Web
O004670,1,2026-01-20,C00265,P0088,1,24676.25,0.1,Debit Card,Delivered,4,4,APP
O003295,2,2025-05-06,C01263,P0140,1,13268.63,0.05,credit card,Delivered,5,3,Web
O004044,1,2025-02-24,C00152,P0104,2,4837.03,0.05,Debit Card,Delivered,1,5,Web
O001637,1,2025-04-11,C00297,P0131,2,18757.4,0.05,Wallet,Delivered,3,4,Marketplace
O005963,2,2025-02-09,C01884,P0066,1,22847.69,0.25,Cash on Delivery,Delivered,5,,Marketplace
O001556,1,2026-05-18,C01057,P0098,1,12292.54,0.05,credit card,Delivered,4,3,App
O001560,1,2026-02-28,C01193,P0085,1,9721.33,0.15,Wallet,Delivered,3,4,App
O004688,1,2025-07-27,C00494,P0095,4,16101.41,0.2,credit card,Delivered,4,4,Marketplace
O001737,3,2025-07-21,C01904,P0139,1,3535.65,0.15,Debit Card,Delivered,3,4,APP
O003342,3,2026-05-12,C01297,P0092,3,4060.57,0,credit card,Delivered,4,4,App
O006046,1,2025-02-09,C00791,P0111,2,1848.69,0.2,COD,Delivered,5,2,web
O003506,1,2025-12-30,C01509,P0077,2,10465.51,0.15,Debit Card,Returned,4,4,APP
O000182,1,2025-02-05,C01341,P0098,1,12319.9,0,Credit Card,Delivered,6,3,App
O004697,2,2025-08-05,C01045,P0131,1,17961.58,0.15,credit card,Returned,2,4,App
O002912,1,2025-02-23,C00910,P0027,2,19948.1,0.15,COD,Delivered,5,3,APP
O004702,1,2026-03-19,C01599,P0009,1,14274.3,0.1,Credit Card,Delivered,3,4,web
O004003,2,2026-07-30,C00766,P0137,1,4739.52,0.1,UPI,Delivered,8,1,App
O006200,1,2026-06-30,C00118,P0109,2,14503.85,0.05,UPI,Delivered,1,4,APP
O002000,2,2025-05-12,C01863,P0122,1,1143.01,0.05,credit card,Delivered,2,4,App
O000585,3,2026-08-12,C01951,P0123,3,9037.23,0,Wallet,Returned,2,5,web
O000508,1,2025-08-26,C00008,P0005,3,5102.75,0,Credit Card,Delivered,3,4,web
O003713,3,2025-06-16,C01522,P0100,1,14239.33,0.15,Wallet,Delivered,2,4,Web
O000482,2,2025-02-01,C00323,P0106,1,2545.48,0,,Delivered,2,5,Web
O001697,1,2025-10-13,C01103,P0124,1,14195.46,0.05,Credit Card,Cancelled,,,Web
O003017,2,2025-07-29,C00284,P0112,3,21165.01,0.1,Wallet,Delivered,3,3,APP
O001164,2,2025-10-27,C01562,P0075,5,10938.52,0.2,Wallet,Delivered,5,3,web
O003281,1,2025-08-10,C01809,P0098,1,12426.37,0.25,Credit Card,Delivered,6,2,web
O000545,1,2025-01-02,C00616,P0114,1,1278.79,0.2,upi,Delivered,5,4,Web
O002737,1,2025-11-01,C00333,P0113,1,3144.68,0.15,Wallet,Delivered,4,4,APP
O002589,2,2026-02-18,C00900,P0114,1,1238.34,0.1,UPI,Delivered,7,1,APP
O000730,2,2025-07-09,C00494,P0118,1,3127.38,0.2,Wallet,Delivered,3,4,Web
O001031,1,2025-08-02,C01156,P0004,1,18563.01,0.1,COD,Delivered,3,4,Marketplace
O001817,2,2025-07-23,C01729,P0090,1,4850.2,0,credit card,Returned,,,Web
O000295,2,2025-08-25,C01757,P0111,1,1835.68,0.15,Credit Card,Delivered,5,4,web
O005222,1,2025-04-17,C01381,P0033,1,625.66,0.05,COD,Delivered,10,1,Web
O000087,1,2025-01-09,C01173,P0103,2,26528.2,0.25,Debit Card,Delivered,3,4,Marketplace
O005234,2,2025-05-21,C00483,P0014,2,5543.51,0.05,Wallet,Cancelled,,,APP
O003525,1,2026-01-24,C01425,P0092,1,3982.86,0.5,Cash on Delivery,Delivered,4,4,Web
O002872,1,2025-02-15,C00776,P0070,1,4181.93,0.1,COD,Delivered,6,3,Marketplace
O005880,1,2025-01-02,C01777,P0078,2,26296.0,0.15,credit card,Delivered,7,2,App
O002230,1,2026-06-11,C00331,P0128,4,14119.11,0.05,Credit Card,Delivered,4,3,Marketplace
O005358,4,2025-03-11,C00769,P0057,2,4610.37,0.1,Wallet,Delivered,5,3,Marketplace
O004342,1,2026-05-26,C01120,P0004,1,19148.54,0.05,UPI,Delivered,2,4,Web
O001630,1,2025-01-03,C00578,P0027,1,20079.23,0.05,COD,Delivered,8,2,Marketplace
O005374,1,2025-02-11,C00566,P0087,1,6385.1,0.2,Cash on Delivery,Delivered,4,3,App
O000187,1,2025-06-24,C01650,P0106,1,2522.74,0.65,Cash on Delivery,Delivered,2,5,Web
O003747,1,2026-08-30,C01779,P0098,1,12671.63,0.1,Wallet,Delivered,4,3,App
O004896,1,2025-04-25,C01299,P0075,2,10979.97,0.2,Wallet,Delivered,8,2,Marketplace
O003135,1,2025-12-19,C01596,P0070,1,4237.19,0.15,COD,Delivered,2,5,App
O000714,1,2025-01-25,C01974,P0061,3,22860.53,0.05,Debit Card,Delivered,2,5,Marketplace
O003958,2,2026-03-30,C00719,P0011,1,16685.57,0.25,Debit Card,Delivered,5,2,Marketplace
O003803,1,2026-06-18,C00755,P0113,3,3175.29,0.05,COD,Delivered,3,4,App
O001423,1,2025-02-04,C00460,P0068,2,9677.53,0.15,credit card,Delivered,6,2,web
O001422,3,2025-11-11,C00207,P0086,2,3633.8,0.1,credit card,Delivered,5,3,Web
O003612,2,2025-05-23,C01650,P0090,1,4856.94,0.1,Debit Card,Delivered,1,4,App
O000470,2,2026-04-08,C00349,P0023,1,27338.1,0.2,Credit Card,Delivered,2,5,Web
O006009,3,2026-04-09,C01347,P0035,1,18434.25,0.1,Cash on Delivery,Delivered,4,4,APP
O004742,4,2026-08-07,C01200,P0070,2,4214.49,0.3,COD,Delivered,6,2,web
O005936,1,2025-10-22,C00574,P0080,1,22639.92,0.1,UPI,Delivered,4,3,web
O004129,1,2026-07-30,C01329,P0059,3,17073.07,0.3,Credit Card,Delivered,6,2,web
O000813,1,2025-08-11,C01875,P0135,1,3514.25,0.1,Wallet,Delivered,4,3,web
O002373,1,2026-03-05,C00937,P0012,1,8082.06,0.05,UPI,Delivered,5,3,web
O003269,1,2026-04-28,C01435,P0059,1,17139.64,0.15,Credit Card,Delivered,5,4,Web
O005501,1,2025-08-09,C01299,P0040,2,13053.53,0,upi,Delivered,5,3,web
O000892,3,2026-06-13,C01451,P0043,1,16690.38,0.5,Cash on Delivery,Delivered,6,3,web
O002469,2,2025-03-27,C01472,P0072,1,12499.49,0.05,Credit Card,Delivered,5,3,Web
O001737,2,2025-07-21,C01904,P0015,1,23143.87,0.2,Debit Card,Delivered,3,4,APP
O003259,1,2026-06-26,C00025,P0065,2,16976.6,0.5,Wallet,Delivered,4,4,APP
O005844,1,2026-07-15,C01531,P0118,2,3071.4,0.25,UPI,Delivered,5,3,Web
O002495,2,2026-04-11,C01173,P0010,2,24256.0,0,UPI,Delivered,4,3,App
O002126,1,2025-05-17,C01932,P0142,3,11514.56,0.1,Credit Card,Delivered,4,4,App
O005341,3,2025-09-29,C01026,P0124,1,14025.98,0.3,UPI,Delivered,6,3,Marketplace
O005026,1,2025-08-19,C01838,P0076,2,25959.48,0.1,COD,Delivered,3,4,App
O004431,3,2025-06-05,C01481,P0115,1,4712.24,0.1,upi,Delivered,1,5,Web
O005250,1,2025-05-30,C00988,P0135,1,3507.84,0.25,upi,Delivered,6,2,App
O002646,1,2025-05-28,C00482,P0036,1,17923.76,0,Wallet,Delivered,6,3,App
O005712,1,2025-06-20,C01134,P0120,2,12451.93,0,credit card,Delivered,6,2,web
O000172,2,2025-01-02,C00278,P0109,2,14463.83,0.05,credit card,Delivered,2,5,App
O006005,3,2025-05-07,C00164,P0130,1,17597.85,0.5,credit card,Delivered,3,3,App
O004374,1,2025-03-23,C01890,P0006,2,20447.31,0.15,upi,Delivered,3,4,Marketplace
O006320,1,2025-02-07,C01416,P0037,1,18532.31,0.05,Wallet,Delivered,6,2,Marketplace
O001851,1,2025-01-11,C01074,P0117,3,3441.91,0,Wallet,Delivered,6,2,APP
O000189,1,2026-06-26,C01912,P0033,1,646.92,0.1,credit card,Delivered,5,3,web
O003021,4,2025-09-12,C00733,P0103,3,27871.95,0,Credit Card,Delivered,4,3,App
O002478,1,2026-03-30,C00756,P0102,3,17135.21,0.2,Cash on Delivery,Delivered,7,,Marketplace
O002223,1,2025-08-26,C01365,P0010,3,23741.47,0.1,Debit Card,Returned,,,Marketplace
O005073,2,2026-04-24,C01752,P0021,1,22433.19,0,upi,Delivered,4,4,App
O005569,1,2026-08-02,C01684,P0023,3,26837.42,0.25,Cash on Delivery,Delivered,3,4,Marketplace
O000346,1,2025-10-03,C01257,P0113,1,3113.58,0,UPI,Delivered,4,4,App
O005899,1,2025-03-12,C01699,P0054,1,13341.45,0,upi,Delivered,5,2,Marketplace
O005517,2,2025-02-12,C00166,P0054,2,12524.22,0.05,Credit Card,Delivered,8,2,APP
O002228,3,2025-06-02,C00160,P0023,1,25975.88,0.25,Debit Card,Returned,6,3,App
O003974,4,2026-06-03,C00534,P0065,1,16797.92,0,Cash on Delivery,Delivered,4,4,web
O002350,1,2025-07-13,C00359,P0035,1,17768.97,0,UPI,Delivered,5,3,App
O002526,2,2025-01-13,C01927,P0110,1,8311.8,0,Wallet,Delivered,2,5,web
O002159,1,2025-10-29,C01317,P0088,3,25328.48,0.15,Wallet,Delivered,5,2,Marketplace
O002590,2,2025-06-28,C00404,P0057,1,4651.49,0.1,Debit Card,Delivered,3,3,Marketplace
O006221,2,2026-02-15,C00496,P0097,1,3624.24,0,Wallet,Delivered,3,4,App
O004050,1,2025-06-13,C01698,P0029,1,5063.35,0.1,Wallet,Delivered,4,4,App
O003246,2,2026-01-11,C01234,P0046,2,4271.62,0.15,Cash on Delivery,Delivered,2,4,Web
O003944,1,2025-07-10,C00440,P0111,2,1908.17,0.25,COD,Delivered,3,4,App
O002454,1,2026-02-17,C01086,P0139,2,3574.34,0.15,Cash on Delivery,Delivered,3,4,web
O006459,1,2026-06-20,C00472,P0078,4,25750.14,0,UPI,Delivered,5,2,Web
O000008,2,2026-07-11,C01574,P0001,2,9169.67,0.2,upi,Returned,4,4,Marketplace
O000491,1,2025-01-23,C01787,P0113,1,3148.5,0.2,Cash on Delivery,Cancelled,,,Marketplace
O000830,2,2026-06-12,C00848,P0014,2,5861.84,0.5,Debit Card,Delivered,7,2,Marketplace
O000450,1,2025-03-02,C00869,P0061,1,22242.58,0,upi,Delivered,6,3,Marketplace
O003961,1,2026-07-06,C00440,P0045,1,28679.96,0.05,UPI,Delivered,8,1,APP
O003476,3,2025-12-02,C00274,P0022,4,5208.78,0.25,UPI,Delivered,5,,App
O004954,1,2026-06-22,C00744,P0092,2,4137.03,0.05,COD,Delivered,5,3,Web
O000627,1,2026-07-08,C00810,P0015,3,22089.27,0,Credit Card,Delivered,,,Web
O005354,2,2025-04-21,C00020,P0136,1,14066.79,0.15,UPI,Returned,2,4,Marketplace
O002293,3,2025-07-14,C01513,P0040,2,12858.24,0.15,Debit Card,Delivered,4,4,web
O001826,1,2025-01-29,C01457,P0132,2,18934.72,0.3,credit card,Delivered,6,2,APP
O004802,2,2025-08-01,C01667,P0113,1,3106.01,0.05,Cash on Delivery,Delivered,5,3,App
O004215,1,2026-05-01,C00609,P0027,1,18946.28,0,Cash on Delivery,Delivered,6,3,web
O002786,1,2025-01-09,C00005,P0143,1,4233.83,0,upi,Delivered,5,2,Web
O001104,1,2026-04-27,C01711,P0035,1,17643.71,0.25,UPI,Delivered,8,,APP
O001933,2,2026-03-22,C00202,P0022,3,5407.42,0,Debit Card,Delivered,5,3,APP
O002066,1,2026-04-07,C01570,P0101,1,8194.93,0,credit card,Delivered,4,4,Marketplace
O002537,3,2026-06-03,C00196,P0055,1,9140.72,0.1,Wallet,Delivered,5,2,Marketplace
O001022,2,2026-05-18,C00932,P0001,1,9338.29,0.15,Debit Card,Delivered,5,3,APP
O004886,1,2025-11-01,C00408,P0056,1,10871.39,0.15,credit card,Delivered,6,3,App
O002320,1,2026-08-28,C01756,P0087,1,6871.53,0.3,Credit Card,Delivered,2,4,App
O004146,2,2025-02-02,C00100,P0054,1,12945.58,0.1,COD,Delivered,5,3,Marketplace
O004267,1,2026-07-05,C00730,P0144,1,8564.38,0.15,credit card,Delivered,3,4,web
O005760,3,2025-12-01,C00167,P0019,2,24585.14,0.25,COD,Delivered,1,5,Web
O003486,1,2025-11-22,C00547,P0043,1,16154.16,0.1,COD,Delivered,3,4,App
O000318,1,2026-01-03,C01820,P0002,1,10535.69,0.1,upi,Delivered,,,APP
O002089,2,2025-08-15,C01333,P0034,1,8666.19,0.15,Wallet,Delivered,1,5,Web
O001950,2,2026-02-07,C01897,P0079,1,7476.69,0.1,Wallet,Delivered,5,3,APP
O002878,3,2026-01-29,C01464,P0027,1,19476.97,0.3,credit card,Delivered,4,4,APP
O000818,1,2025-11-14,C01166,P0028,1,8422.44,0.15,Cash on Delivery,Delivered,6,2,web
O000370,2,2025-03-25,C00399,P0124,1,13391.68,0,Debit Card,Delivered,5,3,Web
O006269,2,2026-07-24,C01336,P0035,5,17880.45,0,Cash on Delivery,Delivered,5,3,web
O001578,1,2025-10-08,C00814,P0092,1,4250.51,0.15,,Delivered,6,2,web
O003669,3,2025-10-19,C00417,P0067,1,11028.94,0.05,credit card,Returned,5,,Marketplace
O000320,2,2025-05-28,C01642,P0005,1,5093.65,0.15,credit card,Delivered,5,4,APP
O001506,2,2026-02-13,C01470,P0034,2,8076.13,0.25,Credit Card,Delivered,,,APP
O006018,1,2026-01-31,C01995,P0045,1,27860.6,0.15,COD,Delivered,3,4,web
O005360,2,2025-05-10,C00500,P0123,1,9339.17,0.05,COD,Delivered,5,3,web
O005582,1,2025-04-24,C01581,P0087,1,6841.54,0.2,credit card,Cancelled,,,web
O006426,1,2026-01-22,C01226,P0069,1,11262.75,0.2,Cash on Delivery,Returned,2,5,APP
O003394,4,2026-03-19,C00215,P0029,1,4944.22,0.15,COD,Delivered,8,2,Web
O006004,2,2025-07-05,C01125,P0121,1,21743.92,0.1,COD,Delivered,3,4,Marketplace
O006049,1,2025-05-26,C01061,P0002,1,10760.09,0,COD,Delivered,4,3,App
O000619,1,2026-08-21,C01672,P0004,3,19066.96,0,Debit Card,Delivered,5,,Marketplace
O004615,3,2025-01-09,C00093,P0061,1,21731.69,0.25,credit card,Delivered,5,3,App
O006057,1,2025-10-19,C01627,P0115,4,4922.32,0.25,Debit Card,Cancelled,,,Web
O000479,1,2025-02-02,C01152,P0049,1,1400.72,0.25,Credit Card,Returned,5,3,App
O002451,2,2025-07-07,C01816,P0131,1,18314.36,0.1,COD,Delivered,5,3,Web
O003930,1,2026-04-13,C00265,P0114,1,1223.54,0.3,Credit Card,Delivered,3,4,APP
O000070,3,2026-04-13,C00685,P0109,5,15244.4,0.15,Wallet,Delivered,4,4,Web
O002538,1,2025-10-05,C00132,P0127,5,14709.24,0.65,Credit Card,Delivered,4,3,web
O002827,1,2025-03-25,C00222,P0128,1,14424.73,0.2,upi,Cancelled,,,web
O002393,2,2025-09-28,C01526,P0013,1,5516.7,0.1,credit card,Delivered,5,3,App
O004104,1,2025-05-17,C01398,P0087,1,6805.69,0.25,credit card,Delivered,4,4,Marketplace
O003045,1,2025-08-31,C01405,P0101,1,8517.53,0.1,Credit Card,Delivered,3,4,web
O004373,3,2026-07-27,C01549,P0072,1,12597.8,0.15,COD,Delivered,7,3,Web
O000926,2,2025-11-09,C00372,P0086,3,3602.89,0.2,Cash on Delivery,Delivered,4,4,web
O002847,1,2025-10-13,C00861,P0121,1,21288.62,0.2,Wallet,Delivered,7,2,Marketplace
O000032,2,2026-08-26,C01495,P0095,1,15117.08,0.3,UPI,Delivered,5,3,web
O001615,2,2026-04-08,C01422,P0042,1,6831.25,0,Cash on Delivery,Delivered,4,3,APP
O001815,1,2025-04-13,C01590,P0134,3,18827.58,0,Credit Card,Delivered,7,2,Marketplace
O001852,1,2026-06-22,C00407,P0104,1,5189.16,0.05,Cash on Delivery,Returned,4,4,APP
O006173,1,2025-10-24,C01992,P0109,1,15279.35,0.05,upi,Delivered,9,1,Web
O002568,3,2026-02-16,C01843,P0103,2,27547.65,0.1,COD,Delivered,4,3,APP
O002281,1,2025-05-03,C01599,P0111,1,1864.48,0.05,Wallet,Delivered,2,4,Marketplace
O005114,1,2025-02-19,C01283,P0049,1,1395.39,0.2,Cash on Delivery,Delivered,2,5,Marketplace
O006014,1,2025-02-02,C01016,P0134,1,19020.18,0,COD,Delivered,3,3,APP
O006361,1,2025-12-07,C00076,P0080,2,21690.2,0.1,credit card,Delivered,3,,Marketplace
O001771,1,2025-07-30,C00108,P0049,1,1410.09,0,COD,Returned,5,3,APP
O001531,1,2025-12-21,C01794,P0086,1,3531.63,0.1,Credit Card,Delivered,6,3,APP
O000059,1,2025-10-11,C01444,P0094,2,6010.41,0,COD,Delivered,4,3,web
O005588,2,2025-02-10,C01518,P0131,1,19053.93,0.1,UPI,Delivered,5,3,web
O000077,1,2025-07-18,C00085,P0013,1,5532.41,0,Credit Card,Cancelled,,,Marketplace
O003109,1,2026-02-24,C01587,P0119,1,20082.46,0.05,upi,Cancelled,,,Web
O005485,2,2025-03-13,C00727,P0078,1,25935.14,0,UPI,Cancelled,,,Web
O002542,1,2026-07-31,C00158,P0069,2,11520.44,0.65,credit card,Delivered,6,2,web
O005714,1,2026-06-09,C00948,P0084,3,17155.28,0.1,UPI,Delivered,4,3,Marketplace
O004069,2,2026-05-31,C01916,P0073,2,8779.59,0.15,credit card,Delivered,5,4,APP
O003150,1,2025-12-08,C01689,P0074,1,10578.28,0.3,Debit Card,Delivered,5,3,Marketplace
O004708,1,2026-05-12,C00970,P0112,1,22230.47,0.1,credit card,Delivered,3,3,Web
O002695,2,2026-07-09,C01805,P0029,1,4700.4,0.3,upi,Delivered,5,3,APP
O001091,1,2026-02-13,C00505,P0089,4,18540.56,0.1,UPI,Delivered,6,2,App
O001983,1,2026-08-03,C00948,P0135,1,3526.4,0,Credit Card,Delivered,5,3,Marketplace
O005070,2,2025-07-02,C00392,P0010,3,22780.87,0.1,credit card,Delivered,3,4,web
O002924,1,2026-05-04,C00803,P0078,1,25473.69,0.15,Wallet,Delivered,1,5,Web
O001532,1,2025-04-10,C01625,P0103,1,26661.8,0.25,Debit Card,Delivered,5,2,Web
O001162,1,2025-01-14,C00899,P0009,1,14888.09,0.2,upi,Delivered,2,4,APP
O004903,2,2026-04-16,C01417,P0015,1,22865.74,0.2,Wallet,Returned,4,4,APP
O006374,2,2025-03-30,C01085,P0010,1,24459.11,0.1,credit card,Delivered,3,3,web
O005791,1,2025-11-28,C01101,P0059,1,17034.84,0.25,Credit Card,Delivered,1,4,Marketplace
O001681,1,2025-05-01,C00503,P0120,1,13323.33,0.1,Wallet,Delivered,1,5,App
O005736,1,2025-08-10,C00766,P0022,1,5220.95,0.1,Wallet,Delivered,1,5,web
O006266,1,2025-07-30,C00896,P0031,1,22432.6,0.3,upi,Returned,,,Web
O000770,1,2025-03-06,C00927,P0093,1,22860.24,0.25,COD,Delivered,7,3,App
O000805,1,2026-08-26,C01067,P0106,2,2586.48,0,upi,Returned,4,3,APP
O003358,2,2025-05-17,C01133,P0082,1,14668.06,0.3,credit card,Delivered,5,3,Marketplace
O000013,1,2025-03-14,C01988,P0031,1,22506.61,0.1,Cash on Delivery,Delivered,1,5,Web
O003083,1,2026-03-06,C01290,P0100,4,13250.91,0.15,Wallet,Delivered,5,3,Web
O002033,1,2026-04-24,C00840,P0021,1,22636.51,0,UPI,Delivered,1,5,web
O000159,3,2025-04-20,C00730,P0123,3,9232.57,0.1,Wallet,Delivered,6,2,APP
O003305,1,2025-09-14,C00019,P0109,1,14230.93,0.2,Cash on Delivery,Delivered,6,2,APP
O002820,1,2025-04-08,C01968,P0082,2,15765.82,0.25,COD,Delivered,6,2,Web
O003218,2,2025-07-21,C00620,P0050,1,18067.2,0.05,Debit Card,Delivered,3,4,App
O005674,1,2026-05-09,C01947,P0116,2,12125.83,0.05,Debit Card,Delivered,6,3,APP
O003657,1,2025-11-10,C01046,P0023,1,26490.5,0.2,Debit Card,Delivered,5,3,App
O004134,3,2025-09-15,C00974,P0016,4,20386.2,0.1,credit card,Delivered,6,3,web
O000735,2,2025-05-17,C00875,P0129,1,14609.44,0.05,COD,Delivered,9,1,Web
O002977,1,2026-07-17,C00025,P0133,2,3825.58,0.5,COD,Delivered,7,2,Marketplace
O001830,2,2026-03-01,C00163,P0018,3,14542.77,0.15,credit card,Delivered,4,4,web
O004396,2,2026-05-31,C01508,P0043,3,16112.18,0,UPI,Delivered,5,3,web
O006334,1,2025-04-08,C01626,P0041,2,20661.87,0.25,Debit Card,Delivered,4,,Marketplace
O002081,3,2025-01-15,C01873,P0144,1,8574.58,0,UPI,Delivered,2,4,Web
O001159,2,2026-05-28,C01516,P0023,2,26598.93,0.15,Cash on Delivery,Delivered,7,2,Marketplace
O003901,1,2026-07-16,C00085,P0098,2,12359.75,0.15,Cash on Delivery,Delivered,5,3,App
O002668,2,2025-03-15,C00317,P0128,1,13826.12,0.2,Wallet,Delivered,,,Web
O006406,1,2025-08-04,C01832,P0060,2,16703.42,0.2,Credit Card,Delivered,7,3,web
O005218,1,2025-11-20,C00661,P0029,2,4701.89,0.1,Debit Card,Delivered,3,5,web
O001070,1,2025-09-10,C01585,P0085,1,10076.9,0.3,Cash on Delivery,Delivered,4,3,App
O004436,1,2025-02-22,C01769,P0063,2,16666.27,0.2,Cash on Delivery,Delivered,4,3,APP
O002513,1,2026-07-12,C01956,P0017,1,3350.51,0.05,Credit Card,Delivered,1,4,APP
O001775,1,2026-06-10,C01379,P0126,1,2039.72,0.1,COD,Cancelled,,,web
O003370,3,2025-09-24,C00809,P0143,1,4040.08,0.3,Wallet,Delivered,5,3,Web
O000691,1,2025-02-15,C00497,P0118,2,3168.34,0.05,credit card,Delivered,4,4,APP
O004850,1,2025-08-18,C00089,P0089,1,18658.37,0.25,Wallet,Delivered,4,3,Web
O000054,1,2026-01-07,C00466,P0012,1,7593.57,0.3,Wallet,Returned,2,4,App
O004487,3,2025-04-11,C00579,P0056,1,11175.77,0.05,UPI,Delivered,3,3,App
O001098,2,2025-10-01,C01274,P0045,1,28866.04,0.25,Debit Card,Delivered,2,4,Marketplace
O005262,2,2025-03-08,C01388,P0057,3,4728.06,0,credit card,Delivered,4,3,App
O004470,1,2026-01-02,C00815,P0061,1,23142.61,0.25,Wallet,Returned,3,3,Marketplace
O001702,2,2026-05-16,C00961,P0026,1,13986.55,0.1,upi,Returned,5,3,Web
O004443,2,2025-12-30,C00626,P0138,1,1016.64,0.5,upi,Delivered,4,4,APP
O003470,1,2026-03-12,C01805,P0117,1,3622.51,0.3,Cash on Delivery,Delivered,6,3,Marketplace
O005441,3,2025-02-07,C00473,P0071,4,11328.51,0.65,Cash on Delivery,Returned,4,4,Web
O000955,2,2026-05-27,C00811,P0084,1,17189.01,0.2,Cash on Delivery,Delivered,4,4,Web
O003505,1,2026-03-31,C00655,P0137,1,4771.05,0.1,Cash on Delivery,Delivered,6,3,Web
O006110,1,2025-08-25,C00171,P0061,3,22469.62,0.2,credit card,Returned,5,3,Marketplace
O002259,3,2026-08-16,C01255,P0108,1,22567.81,0.2,Debit Card,Delivered,8,2,Marketplace
O002258,1,2026-08-09,C00738,P0094,1,6050.58,0.2,Debit Card,Delivered,3,4,App
O000434,2,2025-03-29,C01945,P0001,1,9397.57,0.1,COD,Delivered,4,4,APP
O002537,2,2026-06-03,C00196,P0022,1,5525.65,0.2,Wallet,Delivered,5,2,Marketplace
O004084,1,2026-01-19,C01293,P0120,1,13125.65,0.1,Cash on Delivery,Delivered,4,3,Web
O001157,1,2025-05-11,C00904,P0091,1,252.03,0.1,Wallet,Delivered,3,4,web
O002486,3,2026-01-17,C00081,P0022,1,5334.26,0.3,Debit Card,Delivered,6,3,Web
O006440,1,2025-08-01,C00549,P0069,1,11393.66,0.15,Debit Card,Cancelled,,,Web
O000292,2,2026-02-01,C00836,P0001,1,9108.87,0.1,Cash on Delivery,Delivered,1,5,APP
O006307,3,2026-03-29,C00788,P0120,1,12999.75,0.15,upi,Delivered,5,3,App
O000796,2,2025-12-26,C01218,P0099,2,19604.31,0.25,Debit Card,Delivered,4,4,Web
O004493,1,2025-12-06,C01180,P0037,2,17649.42,0.1,Cash on Delivery,Returned,4,3,Web
O005230,1,2025-05-10,C01925,P0084,2,17110.5,0.65,Credit Card,Delivered,5,3,Marketplace
O005728,1,2025-07-25,C00625,P0008,1,22045.3,0,Debit Card,Delivered,2,4,APP
O002990,2,2026-03-31,C01702,P0038,4,344.38,0.1,Debit Card,Delivered,5,,Web
O003165,1,2025-03-23,C00841,P0056,1,10799.03,0.15,Debit Card,Delivered,5,3,web
O006269,1,2026-07-24,C01336,P0115,2,4738.73,0.3,Cash on Delivery,Delivered,5,3,web
O001833,3,2026-01-30,C00906,P0135,3,3334.73,0.15,COD,Delivered,2,5,App
O003503,3,2026-05-25,C01790,P0022,1,5303.93,0.1,upi,Delivered,1,4,Web
O002327,2,2025-11-05,C00950,P0086,1,3773.69,0.25,credit card,Delivered,6,2,web
O000212,1,2026-03-06,C01147,P0141,2,12763.21,0.5,UPI,Cancelled,,,APP
O005986,1,2025-04-14,C00071,P0131,2,18273.96,0,upi,Returned,4,4,Web
O005684,1,2025-07-12,C01186,P0019,1,24699.5,0,upi,Delivered,5,2,web
O004882,1,2026-04-21,C00398,P0007,1,11394.01,0.1,Credit Card,Delivered,4,3,APP
O004854,2,2025-12-07,C01272,P0079,2,7787.98,0.2,Credit Card,Delivered,2,4,Web
O000631,1,2025-06-09,C00389,P0049,1,1446.94,0.05,upi,Delivered,5,3,web
O002127,1,2025-09-14,C00224,P0023,1,27746.67,0.2,Cash on Delivery,Delivered,5,3,App
O004998,2,2026-04-21,C00467,P0019,1,24385.75,0.1,UPI,Delivered,4,3,App
O006418,2,2025-08-04,C00247,P0106,1,2586.74,0.25,COD,Delivered,5,4,Web
O000826,1,2025-01-31,C00528,P0112,1,21817.52,0.25,credit card,Delivered,4,3,APP
O000993,2,2025-06-17,C00067,P0066,1,22303.79,0.2,upi,Returned,,,Web
O003184,1,2025-10-12,C00449,P0008,1,22723.24,0.05,upi,Delivered,4,4,App
O001000,2,2025-02-22,C00169,P0071,1,10786.13,0,COD,Delivered,5,2,APP
O005146,1,2026-03-26,C01423,P0014,1,5647.54,0.15,credit card,Delivered,6,2,web
O005705,2,2025-01-03,C00622,P0015,3,21867.34,0.1,upi,Delivered,3,4,web
O001159,1,2026-05-28,C01516,P0066,2,21786.55,0.15,Cash on Delivery,Delivered,7,2,Marketplace
O003379,1,2025-02-26,C00221,P0090,1,4928.57,0.1,COD,Delivered,2,5,Marketplace
O002288,1,2026-07-25,C00354,P0123,2,9097.91,0.1,Wallet,Delivered,6,3,App
O003177,3,2025-08-13,C01933,P0118,3,3034.69,0.05,UPI,Delivered,3,4,APP
O003586,2,2026-08-21,C01853,P0059,1,17526.78,0,credit card,Delivered,7,,Web
O003102,2,2026-01-09,C00302,P0084,1,16285.45,0.1,upi,Delivered,3,4,App
O005381,1,2025-12-12,C01257,P0110,1,8265.77,0.15,credit card,Delivered,5,3,Marketplace
O004732,2,2026-04-27,C00321,P0070,4,4286.76,0.25,Wallet,Returned,3,5,App
O003526,1,2026-07-29,C01544,P0054,2,13002.08,0.1,upi,Delivered,4,3,web
O006465,1,2025-02-28,C01586,P0094,1,6221.41,0.15,Cash on Delivery,Delivered,2,5,App
O003375,2,2025-09-29,C01802,P0028,1,8488.21,0.05,upi,Delivered,4,3,Marketplace
O005742,1,2026-06-25,C00879,P0125,1,4626.45,0,upi,Delivered,2,4,Marketplace
O005285,1,2025-06-09,C01594,P0086,1,3784.64,0.05,Credit Card,Delivered,1,4,APP
O002829,3,2025-08-21,C01979,P0123,2,9318.81,0.1,Credit Card,Delivered,6,2,Marketplace
O004512,2,2025-10-21,C00761,P0014,4,5745.61,0.3,credit card,Delivered,5,3,web
O000933,1,2026-03-27,C01338,P0111,1,1813.6,0.1,Wallet,Delivered,7,2,web
O000949,3,2025-02-14,C00453,P0093,2,23467.22,0,upi,Delivered,1,5,Marketplace
O003051,1,2025-03-04,C00508,P0080,1,23067.14,0.5,upi,Delivered,2,,APP
O001073,1,2026-04-06,C01754,P0107,3,23790.66,0.3,Debit Card,Delivered,4,4,Marketplace
O000960,1,2025-10-29,C01540,P0113,1,3037.43,0.15,Wallet,Delivered,2,4,Marketplace
O001294,2,2025-12-25,C01969,P0015,1,22551.12,0.05,Credit Card,Delivered,,,APP
O002572,1,2025-08-27,C00192,P0134,1,18599.79,0.1,credit card,Delivered,1,5,Marketplace
O004695,1,2025-02-08,C01758,P0086,1,3546.1,0.15,Cash on Delivery,Delivered,3,4,Marketplace
O001557,1,2026-01-16,C00688,P0007,3,11713.16,0.15,Credit Card,Delivered,5,3,APP
O002194,2,2025-08-12,C00128,P0136,1,13796.24,0.25,Debit Card,Delivered,3,3,web
O004780,1,2026-06-22,C00070,P0089,1,17406.35,0.15,upi,Delivered,3,4,App
O000601,3,2025-04-11,C01102,P0063,1,16498.34,0.15,UPI,Delivered,3,3,Web
O001064,1,2025-05-20,C00571,P0014,1,5782.79,0,upi,Delivered,5,4,APP
O005240,2,2026-03-27,C00567,P0090,2,4877.44,0.2,Credit Card,Delivered,4,4,APP
O002684,1,2026-05-13,C01449,P0033,2,630.08,0.25,Wallet,Delivered,,,APP
O001556,2,2026-05-18,C01057,P0036,1,18292.71,0,credit card,Delivered,4,3,App
O002672,1,2026-08-20,C01890,P0106,1,2549.66,0.2,Cash on Delivery,Delivered,1,5,Marketplace
O004768,1,2025-03-07,C00908,P0073,1,9342.14,0.15,upi,Delivered,7,2,App
O003005,2,2025-02-27,C00244,P0087,3,6859.51,0.15,Cash on Delivery,Delivered,2,5,App
O002303,2,2026-04-30,C00276,P0138,1,1047.89,0.15,Wallet,Delivered,8,2,Marketplace
O001116,1,2025-08-26,C01935,P0055,2,9427.38,0.1,COD,Delivered,6,3,web
O001676,2,2025-11-05,C01612,P0041,1,20266.42,0.2,Cash on Delivery,Delivered,2,5,Web
O004393,2,2026-01-02,C00481,P0078,2,25487.49,0,Cash on Delivery,Delivered,6,3,Web
O001204,1,2025-03-04,C01375,P0081,3,22088.15,0.3,Debit Card,Delivered,2,4,web
O005154,1,2025-08-03,C00860,P0007,1,12111.65,0.15,Cash on Delivery,Delivered,5,3,Marketplace
O000574,1,2025-01-07,C00664,P0034,2,8702.28,0.15,Wallet,Delivered,8,2,web
O005237,1,2025-12-20,C00005,P0100,2,13898.97,0.05,credit card,Delivered,6,3,web
O000007,1,2026-02-17,C00850,P0018,1,13668.36,0.15,Debit Card,Delivered,4,4,Web
O001850,3,2025-03-26,C01530,P0081,1,22256.62,0.15,UPI,Delivered,3,4,App
O002630,2,2025-09-16,C00182,P0054,2,12709.42,0.1,COD,Returned,2,4,Marketplace
O005677,2,2026-08-22,C00084,P0082,1,15476.19,0,COD,Delivered,4,4,APP
O004382,2,2026-08-03,C01183,P0002,1,10235.32,0.1,upi,Delivered,3,4,web
O001420,1,2025-09-22,C01134,P0110,1,8431.25,0.05,UPI,Returned,6,2,Marketplace
O006392,2,2026-05-16,C00572,P0111,3,1876.8,0.1,upi,Delivered,3,3,web
O003807,1,2026-05-20,C01659,P0008,2,22783.16,0.1,Debit Card,Delivered,4,3,App
O005923,2,2026-08-12,C00997,P0093,1,23092.43,0.2,upi,Returned,4,3,web
O001125,2,2025-01-10,C00102,P0033,1,623.51,0.15,credit card,Delivered,3,4,APP
O004299,1,2025-03-07,C00916,P0121,3,21683.75,0.1,Debit Card,Delivered,4,3,Web
O000033,1,2025-07-18,C00316,P0126,1,2092.16,0.15,Wallet,Returned,5,4,Web
O004781,2,2026-02-24,C01304,P0125,1,4396.27,0,COD,Cancelled,,,Web
O005463,1,2025-05-15,C00752,P0141,1,12601.7,0.05,Credit Card,Delivered,,,web
O003568,2,2026-04-21,C00503,P0103,1,26877.71,0.15,credit card,Returned,3,,App
O001304,1,2025-12-23,C00335,P0007,3,11550.46,0.15,credit card,Delivered,2,4,Marketplace
O001090,1,2025-06-10,C01276,P0069,2,11806.64,0.15,UPI,Returned,7,2,Marketplace
O000844,4,2025-02-24,C00006,P0009,1,14352.24,0.1,Debit Card,Delivered,4,3,App
O004363,1,2026-06-26,C01014,P0099,2,19251.44,0.3,UPI,Delivered,4,4,App
O001011,2,2026-08-27,C01954,P0071,1,10803.86,0.1,COD,Returned,3,4,App
O005968,1,2025-11-28,C01204,P0044,2,13903.93,0.1,Credit Card,Delivered,4,3,Marketplace
O006025,1,2025-02-14,C01964,P0095,1,15520.95,0.15,Cash on Delivery,Returned,4,3,App
O004469,1,2026-08-03,C00137,P0002,1,11003.43,0.15,upi,Returned,5,3,Marketplace
O004201,1,2026-08-06,C00141,P0023,2,26496.98,0,Cash on Delivery,Delivered,7,1,web
O001079,2,2025-07-28,C00254,P0032,1,19938.44,0.2,COD,Delivered,4,4,Marketplace
O000122,1,2025-06-17,C01356,P0106,1,2586.01,0,Debit Card,Delivered,3,4,App
O002230,2,2026-06-11,C00331,P0016,1,20413.15,0.15,Credit Card,Delivered,4,3,Marketplace
O005577,1,2025-07-17,C01588,P0048,1,1017.49,0.2,upi,Delivered,5,3,Marketplace
O003076,1,2026-06-05,C01259,P0026,2,13931.93,0,Credit Card,Delivered,6,2,Marketplace
O003410,2,2025-03-25,C00718,P0003,1,19743.56,0.2,COD,Delivered,6,2,web
O004938,2,2025-07-01,C00428,P0135,2,3323.86,0.05,Credit Card,Delivered,4,3,web
O000474,1,2026-02-06,C01087,P0004,1,18896.13,0,Credit Card,Returned,5,3,App
O000685,1,2026-03-10,C00914,P0117,1,3654.01,0.05,Cash on Delivery,Cancelled,,,Marketplace
O006293,2,2025-12-26,C01067,P0008,1,22018.03,0.15,COD,Delivered,2,5,Marketplace
O004456,1,2025-03-12,C00169,P0045,1,27497.72,0.1,Debit Card,Delivered,1,5,Marketplace
O004799,2,2026-04-16,C01961,P0077,4,10841.13,0.1,Wallet,Delivered,2,,web
O005849,2,2025-07-11,C00505,P0042,1,7231.31,0.2,Credit Card,Delivered,6,2,Web
O003406,2,2025-10-14,C00083,P0128,4,14424.7,0,UPI,Delivered,5,,web
O003025,2,2025-03-31,C00113,P0033,1,605.35,0.1,COD,Delivered,7,3,web
O004843,3,2025-05-26,C00524,P0054,2,12549.28,0.15,Credit Card,Delivered,,,web
O004204,1,2026-06-20,C00526,P0058,1,12532.6,0.65,,Delivered,2,5,Web
O000917,1,2025-12-26,C00236,P0004,3,18299.81,0,Wallet,Delivered,5,3,Marketplace
O003306,1,2025-02-12,C01089,P0091,1,260.07,0,credit card,Delivered,4,3,Marketplace
O003927,2,2025-03-23,C01345,P0113,2,3153.47,0.05,Cash on Delivery,Delivered,5,3,App
O005161,1,2026-03-05,C01881,P0116,2,12220.93,0.15,UPI,Returned,5,3,App
O003900,2,2025-06-06,C00668,P0098,3,12607.63,0.1,Cash on Delivery,Cancelled,,,App
O006016,1,2025-03-11,C00710,P0139,1,3582.52,0.15,Cash on Delivery,Delivered,6,2,Marketplace
O005080,1,2025-08-01,C00313,P0076,1,26692.92,0.25,Credit Card,Delivered,3,4,Web
O005784,3,2025-12-17,C01835,P0072,1,12717.81,0.2,Wallet,Delivered,5,3,Web
O003607,2,2025-06-18,C00278,P0104,1,4873.89,0.05,Debit Card,Delivered,5,4,web
O000901,1,2025-03-29,C01094,P0082,1,14930.03,0.15,COD,Delivered,6,3,Web
O001308,2,2026-05-12,C01304,P0057,1,4657.86,0.1,Cash on Delivery,Delivered,4,,App
O001631,1,2025-01-17,C01467,P0132,1,19413.71,0.15,UPI,Delivered,2,5,Marketplace
O002201,3,2026-03-18,C01387,P0020,1,26611.42,0.05,UPI,Delivered,3,4,web
O004222,1,2026-01-14,C00742,P0044,1,12995.05,0.1,credit card,Cancelled,,,Web
O006211,1,2026-05-24,C00903,P0120,3,12616.35,0.1,Debit Card,Delivered,8,1,Web
O001963,1,2025-07-28,C00355,P0143,1,3936.37,0,UPI,Delivered,2,4,App
O005739,3,2025-04-14,C00055,P0016,1,20808.76,0.1,UPI,Delivered,7,2,Marketplace
O005273,2,2025-07-09,C01758,P0072,1,11933.11,0,UPI,Returned,4,4,Web
O005317,3,2025-11-11,C00983,P0052,5,19342.51,0.05,Credit Card,Delivered,2,4,web
O003786,1,2025-09-03,C00653,P0079,1,7521.24,0.1,Cash on Delivery,Delivered,5,3,App
O005470,1,2025-03-03,C00550,P0072,1,11824.54,0.2,UPI,Delivered,6,2,Web
O000335,1,2026-04-11,C01887,P0131,3,19158.19,0.05,COD,Delivered,6,3,App
O003589,1,2025-09-27,C00052,P0048,1,943.85,0.15,Cash on Delivery,Delivered,7,3,App
O004377,1,2025-04-15,C01918,P0044,2,13982.93,0.15,upi,Delivered,3,4,Marketplace
O000147,1,2025-07-03,C00555,P0001,2,8978.43,0.1,Debit Card,Delivered,3,4,Web
O002120,1,2025-06-13,C00029,P0131,1,18577.22,0,credit card,Delivered,4,3,web
O000500,1,2026-07-22,C01874,P0096,2,2973.08,0.3,Wallet,Cancelled,,,web
O000881,1,2025-05-23,C01955,P0109,1,14295.62,0.15,upi,Delivered,4,4,APP
O004217,1,2025-06-09,C01190,P0136,1,13743.99,0.15,credit card,Delivered,4,4,Web
O001123,1,2025-02-26,C01785,P0051,1,4280.49,0.25,upi,Delivered,4,4,App
O005927,1,2025-03-08,C01169,P0095,1,15387.93,0.65,Credit Card,Delivered,1,,App
O003497,2,2025-01-10,C00872,P0077,3,10692.29,0.05,credit card,Delivered,3,4,APP
O006207,1,2025-05-07,C00287,P0107,1,24156.46,0,upi,Delivered,2,4,web
O001513,1,2026-04-23,C01827,P0135,2,3461.5,0.05,upi,Delivered,4,3,Marketplace
O000030,3,2026-05-31,C01670,P0028,2,8501.83,0.65,,Returned,2,5,App
O002937,1,2025-11-04,C01377,P0089,1,17633.83,0.2,Debit Card,Delivered,3,3,web
O002125,1,2025-07-04,C01715,P0127,4,13892.26,0.15,UPI,Delivered,4,4,APP
O000261,2,2025-11-27,C01738,P0016,1,20265.62,0.05,Debit Card,Delivered,4,4,Marketplace
O001950,1,2026-02-07,C01897,P0032,2,20820.78,0.1,Wallet,Delivered,5,3,APP
O004795,2,2025-03-30,C00514,P0122,1,1205.89,0.1,credit card,Delivered,1,5,Web
O003279,3,2025-04-20,C01331,P0042,2,7059.47,0.2,Debit Card,Delivered,2,4,Marketplace
O004658,1,2026-07-08,C00402,P0108,2,21117.27,0,Debit Card,Delivered,1,5,web
O002436,1,2025-01-14,C01649,P0108,1,20915.97,0.15,upi,Delivered,3,4,web
O002647,1,2026-03-21,C00063,P0030,2,14572.97,0.15,COD,Delivered,3,4,APP
O004976,1,2025-12-04,C01437,P0056,1,10374.73,0.15,Credit Card,Delivered,4,4,web
O002550,2,2025-04-12,C00648,P0067,1,10844.17,0.2,COD,Delivered,5,3,App
O004106,2,2026-06-15,C01628,P0023,2,26863.62,0,upi,Delivered,4,3,Marketplace
O002985,2,2026-08-07,C00240,P0063,1,16782.39,0.1,Wallet,Delivered,3,4,APP
O003326,2,2026-08-31,C01256,P0019,1,25789.51,0,Wallet,Returned,3,4,Web
O004971,2,2025-07-15,C01975,P0048,1,958.3,0.15,Credit Card,Delivered,6,2,Web
O004573,1,2025-03-23,C00025,P0089,1,17867.82,0,Debit Card,Delivered,5,2,APP
O001176,2,2026-05-20,C00740,P0049,2,1393.52,0.05,Wallet,Delivered,7,3,web
O000985,1,2025-04-30,C00537,P0066,1,23103.8,0.15,Credit Card,Delivered,9,2,App
O003357,1,2025-07-20,C00379,P0144,1,8294.38,0.2,Credit Card,Delivered,4,4,App
O006226,2,2025-07-25,C01479,P0026,1,0,0,COD,Delivered,4,4,App
O001071,2,2026-06-20,C00143,P0087,1,6870.55,0.05,Credit Card,Delivered,4,4,Web
O002487,1,2026-01-28,C00458,P0081,1,21569.62,0.2,Wallet,Delivered,2,4,APP
O002283,1,2025-11-24,C01871,P0076,3,26931.31,0.05,Debit Card,Delivered,4,4,APP
O001613,2,2025-08-14,C00138,P0022,1,5361.86,0.1,Cash on Delivery,Delivered,3,5,web
O001030,3,2025-10-31,C00389,P0020,1,25416.76,0.1,Debit Card,Delivered,4,4,Web
O000135,1,2026-03-23,C01657,P0017,1,3376.58,0.05,upi,Delivered,5,2,APP
O003751,2,2026-01-23,C00773,P0057,3,4618.64,0.3,COD,Delivered,4,3,Web
O005772,1,2025-01-21,C01723,P0053,1,7380.96,0.05,Wallet,Delivered,4,4,Marketplace
O000609,3,2025-02-27,C00009,P0096,1,2968.14,0.2,credit card,Delivered,4,3,App
O003789,1,2025-02-02,C00268,P0073,1,9363.34,0,Debit Card,Delivered,1,5,App
O001120,1,2025-06-30,C01071,P0107,2,22869.68,0.15,Debit Card,Delivered,1,5,web
O002877,1,2025-07-03,C00535,P0139,1,3652.66,0.1,Wallet,Returned,4,4,APP
O004283,1,2025-02-07,C00081,P0024,1,20051.64,0,COD,Returned,2,5,App
O005350,1,2025-04-11,C01131,P0083,2,5736.72,0.15,upi,Delivered,4,,APP
O004884,3,2025-12-23,C01907,P0015,1,22486.19,0.1,Credit Card,Delivered,3,3,Web
O000836,1,2026-02-21,C00742,P0047,1,29724.0,0.2,UPI,Delivered,3,3,Web
O005125,2,2026-02-05,C00254,P0007,1,12028.64,0.2,credit card,Delivered,5,3,Web
O003644,1,2025-08-15,C00386,P0073,1,9219.24,0.15,Wallet,Delivered,7,2,Marketplace
O004545,1,2026-06-04,C01837,P0002,1,10207.35,0.1,COD,Delivered,,,App
O005093,3,2025-07-11,C01741,P0045,1,28072.55,0.05,credit card,Delivered,3,4,App
O000105,1,2025-01-29,C00943,P0054,1,12484.92,0.2,Wallet,Returned,7,2,Marketplace
O004655,1,2026-03-17,C01344,P0062,1,18032.84,0,Debit Card,Delivered,3,3,APP
O001828,2,2025-02-18,C00507,P0028,2,8755.09,0.15,Cash on Delivery,Delivered,5,3,Web
O003431,3,2026-06-10,C01242,P0114,1,1270.57,0.2,Credit Card,Delivered,6,2,Web
O001949,1,2025-02-07,C00802,P0035,5,17802.67,0,COD,Delivered,3,4,App
O004041,1,2025-02-04,C00088,P0047,2,29691.67,0.65,Debit Card,Returned,3,4,APP
O000111,1,2026-06-22,C01272,P0106,2,2491.12,0.05,COD,Delivered,4,4,Marketplace
O002887,3,2025-08-21,C01869,P0110,1,8587.54,0,Wallet,Delivered,4,4,APP
O003241,1,2025-11-04,C01689,P0117,4,3461.93,0.15,Cash on Delivery,Returned,5,3,Web
O000615,3,2026-06-13,C00213,P0041,3,20443.63,0.05,,Delivered,5,3,Web
O002888,1,2025-03-21,C00845,P0137,2,4563.24,0.25,COD,Delivered,2,5,APP
O003165,2,2025-03-23,C00841,P0048,2,1010.95,0.1,Debit Card,Delivered,5,3,web
O004885,1,2026-03-25,C01502,P0071,1,11130.09,0,Debit Card,Delivered,7,2,APP
O001883,1,2025-01-09,C00164,P0143,1,4013.24,0.15,credit card,Delivered,7,2,Marketplace
O002424,3,2025-01-11,C01825,P0027,1,20090.29,0.2,UPI,Delivered,7,2,Web
O005719,1,2026-06-08,C00351,P0039,1,12237.04,0.2,credit card,Delivered,1,5,web
O005345,1,2026-05-21,C01805,P0121,1,21886.51,0.2,COD,Delivered,,,web
O000512,1,2026-03-05,C01582,P0135,3,3507.92,0,upi,Delivered,4,4,Web
O000420,2,2025-10-13,C00289,P0090,3,4882.74,0.1,Debit Card,Delivered,2,4,web
O004866,1,2025-11-01,C01934,P0093,2,23784.57,0.3,Cash on Delivery,Delivered,4,3,web
O004407,2,2026-01-09,C01936,P0042,1,7035.84,0.15,upi,Delivered,5,,App
O005791,3,2025-11-28,C01101,P0079,1,7508.44,0.5,Credit Card,Delivered,1,4,Marketplace
O002228,2,2025-06-02,C00160,P0143,2,4124.25,0.25,Debit Card,Returned,6,3,App
O005290,1,2025-10-24,C00525,P0035,1,17511.47,0.15,UPI,Delivered,3,4,web
O006349,2,2025-11-07,C01654,P0076,1,27075.74,0.15,Cash on Delivery,Delivered,5,3,App
O001438,1,2026-05-06,C01290,P0003,1,19477.74,0.3,Credit Card,Delivered,5,3,App
O004871,1,2026-05-15,C01622,P0088,2,26271.55,0.2,,Delivered,4,3,APP
O002835,1,2026-04-24,C00530,P0030,3,14545.59,0.1,upi,Delivered,4,3,Web
O006375,1,2025-08-25,C01826,P0054,2,13276.15,0.05,Cash on Delivery,Delivered,,,Marketplace
O000819,2,2025-06-08,C01867,P0051,3,4186.1,0,Credit Card,Delivered,6,3,web
O004206,1,2025-01-23,C00300,P0036,1,18460.38,0.1,Credit Card,Delivered,6,2,Web
O003939,1,2025-12-06,C00163,P0053,1,7509.81,0.1,COD,Returned,,,App
O003707,1,2025-10-07,C00271,P0122,1,1158.28,0.25,credit card,Delivered,6,,web
O001820,2,2026-02-03,C01760,P0103,1,27288.67,0.2,Wallet,Delivered,4,4,App
O002978,3,2026-05-06,C00980,P0144,1,8391.64,0,COD,Delivered,6,3,App
O003562,3,2026-04-03,C01727,P0100,1,14102.35,0.5,COD,Delivered,5,,Marketplace
O001307,2,2026-03-06,C01729,P0123,1,8950.79,0.15,Cash on Delivery,Delivered,,,Web
O004026,1,2025-10-09,C00226,P0114,1,1256.1,0,credit card,Delivered,3,4,web
O004949,2,2025-03-06,C00295,P0058,1,12983.84,0,UPI,Returned,4,4,Marketplace
O005356,1,2025-01-16,C01026,P0022,1,5404.29,0.1,Debit Card,Delivered,4,3,Web
O001294,1,2025-12-25,C01969,P0071,2,10932.64,0.3,Credit Card,Delivered,,,APP
O003086,1,2026-07-13,C01660,P0105,1,25822.27,0.25,upi,Delivered,5,4,Marketplace
O005514,1,2026-07-18,C00349,P0125,1,4561.31,0.2,upi,Delivered,4,,Web
O004533,1,2026-08-13,C01618,P0059,2,17869.77,0.2,upi,Delivered,5,2,APP
O000240,1,2026-01-17,C00476,P0082,1,15068.0,0.25,Credit Card,Delivered,5,4,web
O002064,2,2025-03-01,C01449,P0128,1,13978.99,0.15,upi,Delivered,6,3,web
O003321,1,2025-12-28,C01581,P0040,3,12832.24,0.1,UPI,Delivered,9,1,Marketplace
O006207,3,2025-05-07,C00287,P0121,1,21099.84,0,upi,Delivered,2,4,web
O004837,1,2025-01-10,C01182,P0108,1,22289.97,0.05,Credit Card,Delivered,2,5,APP
O000725,2,2025-02-17,C00109,P0073,3,8957.43,0.05,UPI,Delivered,4,4,web
O006231,2,2026-02-22,C01302,P0110,1,8538.69,0.05,COD,Delivered,4,3,APP
O002846,1,2025-11-16,C01471,P0102,1,16668.95,0.2,upi,Delivered,7,3,Marketplace
O002697,1,2025-06-25,C00988,P0138,2,1034.29,0.15,Credit Card,Delivered,4,4,Marketplace
O002857,1,2025-09-28,C00082,P0048,1,960.61,0,upi,Delivered,4,4,APP
O000094,1,2025-05-07,C01576,P0127,3,13897.69,0.05,Cash on Delivery,Cancelled,,,Marketplace
O005749,2,2025-11-09,C00038,P0027,1,18904.4,0,upi,Delivered,2,5,App
O003173,1,2025-04-03,C00500,P0024,3,20734.6,0.1,credit card,Delivered,2,5,Marketplace
O000472,2,2025-12-10,C00856,P0111,1,1855.81,0.2,upi,Delivered,4,3,Marketplace
O004990,1,2025-01-11,C01168,P0098,1,12567.81,0,Credit Card,Delivered,4,3,App
O003541,3,2025-03-18,C01642,P0100,1,13285.65,0.15,Debit Card,Returned,1,5,Marketplace
O003855,1,2025-01-20,C00415,P0113,5,3075.05,0.15,Credit Card,Delivered,5,2,APP
O003397,2,2025-04-25,C01057,P0080,1,21964.11,0.15,COD,Returned,4,3,App
O002746,2,2025-07-31,C01900,P0077,1,10710.25,0.1,credit card,Delivered,4,3,APP
O000826,2,2025-01-31,C00528,P0105,1,25329.56,0.1,credit card,Delivered,4,3,APP
O002540,2,2026-08-05,C01272,P0115,1,4629.11,0.1,Debit Card,Delivered,1,4,APP
O003215,1,2025-10-13,C01608,P0055,1,9079.38,0,COD,Delivered,5,3,Web
O000550,1,2026-02-19,C01743,P0106,1,2584.28,0.5,credit card,Delivered,5,3,Web
O000757,3,2026-05-09,C00396,P0076,2,25942.32,0.25,UPI,Delivered,5,4,App
O001999,1,2025-02-10,C00765,P0055,1,8988.5,0.1,Debit Card,Returned,4,3,Web
O004685,1,2026-02-22,C01976,P0043,1,16510.8,0.05,Wallet,Delivered,,,Web
O006414,1,2025-06-06,C01960,P0115,2,4638.6,0.05,COD,Returned,9,1,App
O001629,2,2025-01-08,C01171,P0064,1,4748.47,0.3,upi,Delivered,3,3,Marketplace
O006483,1,2026-05-22,C01514,P0036,1,18837.15,0,Debit Card,Delivered,5,3,Marketplace
O001558,1,2026-01-25,C00926,P0130,1,17789.66,0.2,Wallet,Delivered,6,3,web
O002391,2,2026-05-15,C00428,P0111,3,1907.95,0.2,credit card,Delivered,5,3,Marketplace
O004024,1,2026-07-07,C00769,P0086,3,3653.66,0.05,Credit Card,Delivered,3,4,Web
O003854,2,2025-10-02,C01974,P0055,3,9001.59,0.2,Cash on Delivery,Delivered,6,2,Marketplace
O003232,1,2025-01-25,C01189,P0133,1,3857.59,0.1,Debit Card,Delivered,4,4,Web
O001001,1,2025-09-26,C01556,P0082,5,15424.06,0.15,upi,Delivered,3,4,APP
O000840,2,2025-02-12,C00873,P0022,1,5213.69,0.15,COD,Delivered,4,4,web
O000812,2,2025-01-05,C00046,P0099,3,19777.27,0.1,credit card,Delivered,5,3,App
O001543,1,2026-04-07,C01550,P0053,1,7597.12,0,Debit Card,Delivered,5,,App
O003527,2,2025-12-06,C00455,P0067,1,10949.27,0.05,Credit Card,Delivered,4,4,App
O003004,2,2026-02-20,C00722,P0093,3,22922.99,0.1,Wallet,Returned,4,4,web
O006367,1,2025-09-11,C01242,P0078,1,26536.31,0,Credit Card,Delivered,3,4,App
O006101,2,2026-02-04,C00115,P0041,1,21004.16,0.25,credit card,Cancelled,,,APP
O001595,1,2025-07-20,C00219,P0052,2,18951.99,0.15,COD,Returned,4,3,APP
O002916,1,2025-05-02,C01413,P0005,1,5300.9,0.25,COD,Returned,1,4,App
O004511,1,2025-05-30,C01906,P0142,1,12031.01,0.15,Credit Card,Cancelled,,,Marketplace
O002518,1,2025-12-25,C01317,P0072,1,12157.89,0.1,COD,Delivered,8,1,web
O006445,2,2025-06-26,C00421,P0113,1,3125.23,0,credit card,Returned,5,3,Marketplace
O001195,1,2026-07-22,C00305,P0085,2,10195.48,0.05,Credit Card,Delivered,2,4,APP
O004073,2,2026-03-02,C00185,P0083,1,5526.62,0.05,UPI,Delivered,4,4,web
O000220,1,2026-01-28,C00039,P0095,1,15205.43,0.1,Debit Card,Delivered,1,,web
O000473,2,2026-04-18,C01957,P0027,2,19786.03,0.15,COD,Delivered,3,4,web
O006043,2,2026-06-02,C00683,P0143,3,4029.32,0.1,COD,Delivered,2,4,APP
O000594,3,2025-07-22,C00509,P0088,1,26186.42,0,upi,Delivered,4,3,APP
O005336,2,2025-12-16,C01351,P0036,1,18810.45,0.5,Wallet,Delivered,4,4,web
O003422,1,2025-11-19,C01189,P0018,1,14641.24,0.05,Debit Card,Delivered,5,4,APP
O006140,2,2025-04-26,C01702,P0058,2,13466.08,0.2,Credit Card,Delivered,7,2,APP
O005242,3,2025-10-28,C01507,P0050,1,17750.79,0.2,Credit Card,Delivered,4,4,web
O006244,1,2025-06-13,C01955,P0124,1,13446.71,0.3,Cash on Delivery,Delivered,3,4,web
O000120,1,2025-01-23,C00450,P0032,1,20546.48,0.2,Cash on Delivery,Delivered,6,2,web
O002501,1,2026-04-05,C01464,P0087,1,6500.23,0.5,Debit Card,Delivered,6,3,web
O002988,1,2025-12-23,C00117,P0099,2,19904.29,0.1,Wallet,Delivered,4,4,APP
O002189,1,2026-03-31,C00197,P0087,2,6582.18,0.15,Wallet,Returned,2,5,Web
O000433,1,2025-08-30,C00886,P0042,1,6927.99,0.1,COD,Delivered,3,3,App
O000615,4,2026-06-13,C00213,P0081,1,21892.34,0,,Delivered,5,3,Web
O001124,1,2026-04-26,C01428,P0010,1,23742.73,0.15,COD,Delivered,1,4,Web
O004674,1,2025-06-16,C00990,P0042,1,6711.95,0.2,credit card,Delivered,4,3,APP
O005448,1,2025-10-18,C01024,P0115,1,4950.95,0.15,Debit Card,Returned,4,4,Marketplace
O004100,1,2025-08-22,C01701,P0142,1,12186.54,0.05,UPI,Delivered,6,2,App
O000793,1,2026-01-08,C00742,P0126,1,2001.49,0.1,Wallet,Cancelled,,,Marketplace
O003466,2,2026-02-11,C00507,P0132,1,19202.04,0.15,Wallet,Delivered,3,4,Web
O001980,1,2025-11-01,C00534,P0125,1,4374.04,0,UPI,Delivered,6,3,web
O005325,2,2026-04-30,C01040,P0027,2,18974.41,0.25,Cash on Delivery,Returned,4,3,Web
O003974,2,2026-06-03,C00534,P0051,1,4070.38,0,Cash on Delivery,Delivered,4,4,web
O004434,3,2025-11-10,C00053,P0104,3,4820.71,0.05,Cash on Delivery,Returned,3,4,Marketplace
O000519,1,2026-03-04,C01689,P0128,1,14379.39,0.2,Credit Card,Delivered,4,3,APP
O002270,3,2025-12-15,C01572,P0124,2,14088.66,0.1,,Delivered,6,3,Web
O005325,3,2026-04-30,C01040,P0033,1,649.22,0.1,Cash on Delivery,Returned,4,3,Web
O000990,2,2026-05-05,C01096,P0069,1,11571.62,0.05,Cash on Delivery,Delivered,4,4,APP
O006172,2,2025-06-19,C01732,P0117,2,3524.22,0.2,credit card,Cancelled,,,Marketplace
O006111,1,2025-05-08,C01407,P0011,2,17319.92,0.15,Cash on Delivery,Delivered,4,3,APP
O005166,2,2026-06-22,C01015,P0059,1,17366.43,0.1,Cash on Delivery,Delivered,5,,web
O000169,1,2026-03-17,C00186,P0086,1,3781.6,0,Debit Card,Delivered,6,3,web
O003589,2,2025-09-27,C00052,P0092,2,4087.68,0.1,Cash on Delivery,Delivered,7,3,App
O001604,1,2026-08-11,C01498,P0071,1,11555.43,0,Credit Card,Delivered,4,3,Marketplace
O002361,2,2025-04-09,C01728,P0063,1,17274.48,0.1,upi,Delivered,7,3,APP
O003560,1,2025-09-16,C00671,P0023,1,25851.29,0.05,COD,Returned,3,4,APP
O000678,3,2025-08-05,C00903,P0059,2,17233.2,0.1,COD,Delivered,7,3,App
O003067,1,2025-07-03,C00348,P0077,1,10885.59,0.15,Credit Card,Delivered,9,1,Web
O000066,2,2025-03-02,C00151,P0123,5,9402.75,0,Wallet,Delivered,2,5,web
O005317,1,2025-11-11,C00983,P0054,1,12919.25,0.15,Credit Card,Delivered,2,4,web
O000598,2,2025-03-12,C01263,P0092,1,4243.38,0.1,Wallet,Delivered,3,4,App
O005160,2,2025-06-22,C01525,P0075,2,10322.72,0.2,credit card,Delivered,1,4,APP
O002582,3,2025-08-17,C01796,P0110,1,8181.2,0.2,credit card,Delivered,1,5,APP
O002632,1,2026-04-26,C01975,P0083,1,5356.15,0.25,Cash on Delivery,Delivered,5,2,web
O004408,2,2025-11-21,C01324,P0001,1,9376.73,0.25,credit card,Delivered,7,2,App
O002147,3,2026-02-21,C01265,P0052,1,19045.19,0,Credit Card,Delivered,6,2,web
O004726,1,2025-01-29,C00640,P0142,1,11589.03,0.15,credit card,Returned,4,3,APP
O004731,2,2025-09-11,C01920,P0045,1,27841.32,0,Cash on Delivery,Delivered,4,4,Web
O001961,3,2025-04-13,C00625,P0036,2,18141.92,0.1,COD,Delivered,1,5,Marketplace
O001385,2,2025-02-11,C00974,P0125,1,4394.26,0.15,Cash on Delivery,Delivered,1,4,web
O005889,1,2026-03-12,C01961,P0048,1,1012.75,0.1,Wallet,Delivered,3,3,App
O005774,1,2026-08-29,C01861,P0076,1,26735.18,0.2,upi,Delivered,2,5,Web
O005316,1,2025-07-12,C01662,P0036,1,18503.85,0.15,COD,Delivered,4,4,web
O004647,3,2025-02-02,C00157,P0064,1,4842.86,0.05,COD,Delivered,4,3,App
O000751,1,2026-07-27,C00221,P0108,1,21225.87,0.3,COD,Delivered,2,5,web
O004792,2,2025-08-02,C00166,P0097,4,3602.48,0,Wallet,Returned,,,web
O001408,2,2026-06-04,C00916,P0034,5,8203.01,0,Wallet,Delivered,6,,Web
O002971,3,2025-02-04,C01441,P0004,1,18422.43,0.25,Debit Card,Delivered,2,5,APP
O000962,1,2025-06-12,C01000,P0043,2,16317.23,0.05,Debit Card,Delivered,6,2,web
O006413,1,2025-09-14,C00625,P0105,1,25658.0,0.2,Wallet,Delivered,3,4,App
O001639,1,2025-09-19,C01201,P0088,1,24602.81,0,upi,Delivered,7,2,App
O000587,1,2025-02-21,C01163,P0123,2,8864.7,0.05,upi,Delivered,7,2,web
O003405,1,2026-01-24,C01082,P0026,4,13592.41,0.15,COD,Delivered,5,3,web
O005855,1,2025-02-18,C01807,P0099,1,19773.48,0,Cash on Delivery,Delivered,3,4,Marketplace
O004819,1,2025-09-05,C00141,P0044,2,13016.98,0.1,Wallet,Delivered,6,3,Web
O001169,2,2026-05-22,C01131,P0141,1,12320.53,0.05,Credit Card,Delivered,7,1,APP
O001968,2,2025-11-06,C01547,P0141,1,12333.58,0,COD,Delivered,2,5,APP
O004820,2,2026-02-15,C00459,P0093,1,22417.32,0,UPI,Delivered,3,4,App
O002775,2,2025-05-01,C00189,P0080,1,22877.44,0,Wallet,Delivered,1,4,App
O000868,2,2025-05-04,C01698,P0014,1,5692.88,0.15,UPI,Delivered,4,4,App
O001759,2,2025-11-18,C01367,P0111,3,1878.71,0.2,Cash on Delivery,Delivered,3,4,APP
O004713,2,2026-02-24,C01224,P0044,1,13136.97,0.05,Credit Card,Delivered,4,3,web
O005916,2,2025-05-25,C01936,P0071,1,11532.6,0.05,upi,Cancelled,,,Web
O002197,1,2025-10-07,C00291,P0107,1,23196.33,0.25,upi,Delivered,4,4,web
O001350,1,2025-04-30,C00541,P0108,1,21156.44,0,Debit Card,Delivered,4,3,web
O006307,2,2026-03-29,C00788,P0069,1,11840.08,0.05,upi,Delivered,5,3,App
O001486,1,2025-01-10,C00445,P0004,1,18217.77,0.3,Wallet,Delivered,4,4,Marketplace
O000186,1,2025-05-18,C00554,P0010,1,24347.47,0.15,COD,Returned,5,2,Marketplace
O004811,2,2025-01-11,C01369,P0020,1,26481.39,0.25,UPI,Delivered,4,3,Marketplace
O000880,2,2025-02-10,C01453,P0133,2,3875.02,0.25,Credit Card,Delivered,5,3,APP
O005969,2,2025-12-03,C01906,P0032,1,20816.55,0,upi,Delivered,6,3,Web
O003512,3,2025-05-21,C00274,P0109,1,14610.32,0.15,Debit Card,Delivered,5,3,Web
O005341,2,2025-09-29,C01026,P0086,1,3691.74,0.1,UPI,Delivered,6,3,Marketplace
O003841,1,2025-11-08,C00294,P0029,1,4814.04,0.15,COD,Delivered,7,,App
O002108,1,2026-03-26,C00449,P0115,1,4862.12,0,Credit Card,Delivered,3,4,App
O003704,1,2025-05-19,C00623,P0055,1,9401.27,0,Credit Card,Delivered,6,2,web
O001736,1,2025-08-30,C00983,P0030,1,15072.01,0.15,Wallet,Delivered,3,4,APP
O001464,2,2026-05-19,C00074,P0057,3,4703.27,0.2,Cash on Delivery,Delivered,3,4,Marketplace
O006235,2,2026-06-05,C01958,P0048,1,951.78,0,upi,Returned,2,5,Marketplace
O001688,1,2025-03-05,C00063,P0118,1,3040.56,0.05,Debit Card,Delivered,4,,Web
O003775,1,2025-05-18,C01138,P0020,3,26244.88,0.15,Cash on Delivery,Delivered,,,web
O000909,3,2025-05-28,C00900,P0042,3,6873.04,0.1,credit card,Delivered,5,3,APP
O000801,4,2026-02-09,C00957,P0064,1,4497.17,0.2,Cash on Delivery,Delivered,5,3,Web
O006006,1,2025-02-04,C01041,P0002,1,10676.09,0,Cash on Delivery,Delivered,7,2,APP
O005564,2,2025-09-14,C00932,P0142,1,11765.18,0.2,COD,Cancelled,,,App
O003142,1,2025-01-28,C00754,P0024,2,20780.2,0.25,UPI,Delivered,2,,Web
O000252,2,2026-06-20,C00742,P0075,1,10305.27,0.2,Cash on Delivery,Delivered,6,3,App
O005467,3,2025-05-08,C01315,P0114,1,1240.98,0.25,Debit Card,Delivered,4,,Marketplace
O005916,1,2025-05-25,C01936,P0080,2,23070.0,0,upi,Cancelled,,,Web
O006068,2,2025-12-13,C00971,P0063,1,17814.63,0.25,UPI,Delivered,2,4,web
O004673,1,2025-04-08,C00149,P0079,1,7379.29,0.3,Debit Card,Delivered,4,4,Web
O005267,1,2025-10-23,C00056,P0084,3,17346.8,0.1,COD,Returned,5,3,Marketplace
O003538,2,2025-10-29,C00636,P0120,3,12927.92,0.15,UPI,Delivered,4,3,web
O004687,1,2026-02-07,C01317,P0064,1,4518.69,0,credit card,Delivered,6,2,APP
O004738,2,2025-08-16,C00040,P0001,1,9102.9,0.1,credit card,Delivered,5,3,APP
O001903,1,2025-09-11,C00722,P0006,1,20529.37,0.15,Wallet,Delivered,7,1,APP
O005737,1,2025-02-16,C01597,P0048,1,946.27,0.2,credit card,Delivered,3,4,Marketplace
O001911,2,2026-05-17,C01773,P0081,1,22926.64,0.2,Credit Card,Delivered,4,3,Marketplace
O000754,4,2025-08-26,C00734,P0100,3,13375.92,0.2,Cash on Delivery,Delivered,5,2,Marketplace
O001184,2,2025-12-27,C00975,P0127,1,13774.66,0.3,UPI,Delivered,5,2,APP
O000188,1,2025-08-25,C00898,P0075,1,10274.41,0.15,upi,Delivered,4,4,Marketplace
O006327,1,2026-02-22,C01085,P0092,1,4157.05,0,credit card,Delivered,4,4,APP
O000686,2,2025-08-30,C00569,P0001,1,9574.31,0.2,Credit Card,Delivered,5,2,Marketplace
O004339,1,2025-08-10,C00413,P0016,2,19642.2,0.1,Debit Card,Delivered,5,2,Marketplace
O006186,2,2025-02-08,C01351,P0032,1,20797.85,0.2,Wallet,Delivered,5,3,web
O002349,1,2025-06-03,C00552,P0022,1,5247.43,0.15,UPI,Delivered,7,,APP
O005143,2,2025-12-09,C00608,P0063,1,17602.71,0,credit card,Delivered,6,3,Web
O000583,1,2026-07-03,C01976,P0055,1,9578.41,0.25,COD,Returned,5,3,Web
O002641,1,2026-06-12,C00251,P0107,1,24522.39,0.1,credit card,Delivered,,,web
O005855,3,2025-02-18,C01807,P0138,1,1001.23,0,Cash on Delivery,Delivered,3,4,Marketplace
O005656,2,2025-10-12,C00510,P0130,2,17666.46,0.25,credit card,Delivered,5,3,App
O003520,2,2025-06-22,C01658,P0068,1,9069.37,0,UPI,Delivered,4,4,APP
O003512,2,2025-05-21,C00274,P0027,1,19197.44,0.15,Debit Card,Delivered,5,3,Web
O004280,2,2025-10-26,C00900,P0099,2,20248.55,0.25,credit card,Delivered,,,Marketplace
O002024,2,2025-05-23,C00112,P0115,2,4663.22,0.05,Wallet,Delivered,3,4,App
O003390,1,2025-05-21,C00273,P0126,1,2118.89,0.15,UPI,Returned,2,5,Marketplace
O004688,2,2025-07-27,C00494,P0052,2,18959.27,0.15,credit card,Delivered,4,4,Marketplace
O004925,2,2026-01-31,C01112,P0084,5,16292.28,0.1,Credit Card,Delivered,4,3,Marketplace
O002940,2,2025-05-16,C00849,P0103,1,27382.7,0,Debit Card,Delivered,4,4,App
O005310,3,2025-07-22,C00522,P0090,1,4915.29,0,upi,Delivered,,,APP
O000409,1,2026-02-20,C01022,P0065,5,17979.18,0.05,upi,Delivered,,,APP
O005876,1,2025-06-17,C00426,P0008,1,23445.93,0.1,Debit Card,Delivered,6,3,Marketplace
O006112,1,2025-05-10,C00679,P0043,1,16697.47,0.05,UPI,Delivered,3,4,App
O001273,1,2026-07-27,C01485,P0117,1,3655.02,0.05,COD,Delivered,6,3,Web
O006223,2,2025-01-30,C00844,P0085,1,10296.26,0.25,UPI,Delivered,6,3,App
O001216,2,2025-10-09,C00986,P0011,4,16208.78,0.1,Wallet,Returned,4,3,web
O000634,4,2026-07-10,C00891,P0066,1,23212.11,0,upi,Delivered,,,App
O004426,1,2025-09-14,C01088,P0042,1,6857.41,0.05,Debit Card,Delivered,4,,web
O004167,1,2025-09-11,C00971,P0066,1,21581.11,0,Wallet,Delivered,7,2,web
O004900,1,2026-07-31,C01854,P0095,1,15727.15,0.15,COD,Delivered,4,3,Marketplace
O004789,1,2026-06-05,C00084,P0142,1,11424.38,0.15,credit card,Delivered,8,1,App
O000404,4,2026-02-21,C01281,P0137,1,4744.13,0.05,UPI,Delivered,5,4,web
O001876,1,2025-11-08,C00450,P0051,1,4300.37,0,credit card,Delivered,6,2,App
O003303,2,2026-01-17,C00202,P0083,1,5562.1,0.1,upi,Cancelled,,,APP
O005973,1,2026-08-31,C00639,P0126,1,2027.98,0,COD,Delivered,4,4,APP
O002605,3,2026-03-28,C00901,P0128,1,14531.25,0.1,COD,Delivered,6,3,APP
O006257,2,2026-02-03,C01230,P0005,1,5104.95,0.1,Cash on Delivery,Cancelled,,,web
O005711,1,2025-11-11,C00012,P0078,2,25205.12,0.2,upi,Delivered,,,Marketplace
O004264,1,2025-02-15,C00834,P0011,2,16310.26,0.05,Wallet,Delivered,2,4,Web
O001838,1,2026-02-12,C00273,P0088,1,25073.61,0.1,UPI,Delivered,3,,APP
O000183,2,2026-02-22,C01623,P0122,3,1142.94,0.1,Wallet,Delivered,5,3,App
O002531,1,2026-01-14,C01676,P0116,1,11798.38,0.1,UPI,Delivered,6,2,Marketplace
O002055,1,2025-10-21,C01317,P0041,2,20392.04,0.15,Wallet,Delivered,3,3,APP
O000150,1,2025-09-16,C00270,P0109,1,15123.14,0,UPI,Delivered,6,2,web
O002523,4,2026-01-04,C00153,P0047,1,29049.46,0.2,UPI,Delivered,7,3,App
O006031,1,2025-11-21,C00560,P0086,2,3667.83,0.2,Credit Card,Delivered,2,4,APP
O000233,1,2026-08-24,C00766,P0001,1,9354.6,0.15,UPI,Delivered,2,4,Marketplace
O006100,3,2026-04-12,C00593,P0125,2,4473.84,0,Wallet,Delivered,2,5,Marketplace
O006387,1,2025-08-26,C01784,P0022,4,5298.95,0.15,Wallet,Delivered,3,5,App
O004519,1,2025-10-27,C00811,P0045,1,28799.43,0,credit card,Delivered,5,3,App
O004995,1,2025-09-12,C00710,P0039,1,12325.04,0.15,credit card,Delivered,4,4,Marketplace
O001782,2,2026-02-01,C01685,P0114,2,1241.62,0.2,credit card,Delivered,3,4,App
O004433,1,2025-01-22,C01922,P0049,2,1420.71,0.5,credit card,Delivered,2,4,APP
O000043,1,2025-04-05,C00152,P0024,5,19934.0,0.1,Cash on Delivery,Delivered,7,3,Web
O001313,1,2026-07-02,C00374,P0031,1,23175.8,0.05,Cash on Delivery,Returned,3,4,Web
O002312,1,2026-02-05,C01907,P0112,1,22013.57,0.2,Debit Card,Delivered,5,,Marketplace
O006379,1,2025-12-21,C00714,P0051,2,4166.02,0.1,credit card,Delivered,6,3,web
O006209,1,2025-03-26,C01394,P0140,1,13369.74,0,Credit Card,Delivered,5,3,Marketplace
O003297,1,2026-05-01,C00600,P0139,1,3499.3,0.05,COD,Delivered,5,,APP
O004403,4,2026-07-28,C01400,P0042,2,6873.28,0.2,credit card,Delivered,7,1,APP
O001649,3,2026-06-27,C00388,P0058,2,13021.49,0.15,Wallet,Returned,2,4,Web
O004692,1,2026-07-13,C01037,P0048,1,992.12,0.2,UPI,Delivered,4,4,App
O005935,1,2026-07-16,C01889,P0096,1,3010.96,0.15,Credit Card,Delivered,5,3,Marketplace
O005809,1,2026-08-17,C01805,P0050,1,17663.32,0.15,Wallet,Delivered,5,4,APP
O002936,1,2025-03-12,C01950,P0006,1,19873.05,0.5,Debit Card,Delivered,4,4,App
O001165,2,2026-06-01,C00534,P0129,1,14722.67,0,UPI,Delivered,4,3,Web
O001941,1,2025-02-17,C00638,P0089,1,17963.89,0.15,Cash on Delivery,Delivered,4,3,web
O004150,1,2026-05-06,C00765,P0091,1,251.02,0.05,Debit Card,Delivered,2,4,App
O000214,1,2025-12-27,C01735,P0092,2,4268.0,0.1,Cash on Delivery,Delivered,4,4,web
O000139,1,2025-08-08,C01669,P0139,1,3566.63,0.3,upi,Delivered,7,2,Marketplace
O003792,1,2026-02-17,C00636,P0050,2,18213.56,0.25,COD,Delivered,3,4,web
O000701,2,2025-04-28,C00616,P0081,2,22667.74,0.1,Debit Card,Delivered,5,4,App
O001517,1,2025-08-14,C00804,P0047,1,29376.19,0.2,credit card,Delivered,3,4,APP
O004285,1,2026-04-12,C01550,P0044,1,13433.12,0.15,COD,Delivered,5,4,App
O002320,4,2026-08-28,C01756,P0050,4,17994.83,0.05,Credit Card,Delivered,2,4,App
O002929,1,2025-04-03,C00443,P0099,1,19968.87,0,UPI,Delivered,6,3,App
O004576,1,2025-06-19,C01786,P0003,2,19107.43,0.15,COD,Returned,3,4,App
O006472,2,2026-07-01,C01734,P0071,2,11204.7,0.1,UPI,Delivered,4,3,App
O003235,2,2026-03-08,C00896,P0095,1,15536.95,0,Wallet,Delivered,6,3,APP
O003655,2,2025-10-18,C00869,P0142,1,12052.62,0.1,Credit Card,Delivered,4,4,web
O000421,1,2026-08-17,C01194,P0090,1,4937.62,0.05,upi,Delivered,3,4,web
O005481,1,2025-07-31,C00083,P0035,1,17421.26,0.15,Wallet,Delivered,3,3,Web
O006325,1,2026-08-16,C00768,P0110,1,8383.0,0.1,Cash on Delivery,Delivered,6,3,web
O003606,1,2026-04-11,C01301,P0020,1,26269.11,0.1,Credit Card,Delivered,2,,Marketplace
O004346,2,2026-01-19,C00568,P0127,2,13943.18,0.2,Wallet,Delivered,4,,App
O005466,1,2025-02-21,C00576,P0129,1,14621.25,0.25,Wallet,Delivered,3,4,Web
O000425,3,2025-07-11,C00221,P0130,1,17959.03,0,Cash on Delivery,Delivered,9,1,web
O000712,1,2025-07-06,C00443,P0126,2,2022.6,0.1,UPI,Delivered,4,4,web
O003825,1,2025-03-15,C01112,P0056,1,10717.07,0.1,Wallet,Delivered,4,4,Web
O005526,2,2025-05-03,C00381,P0126,1,2129.52,0.15,Debit Card,Delivered,5,,Marketplace
O003362,1,2025-11-03,C00930,P0036,1,18847.51,0.15,Credit Card,Delivered,7,3,APP
O003863,1,2026-06-07,C00491,P0025,1,4084.61,0,Credit Card,Delivered,7,1,web
O002365,1,2026-08-05,C01978,P0073,1,9225.81,0,Debit Card,Delivered,4,3,web
O003524,1,2026-07-29,C00566,P0016,1,20272.27,0.15,Wallet,Returned,4,4,App
O003975,1,2025-08-31,C01502,P0078,1,26065.95,0.3,Cash on Delivery,Delivered,4,3,web
O006029,2,2025-01-16,C01010,P0101,1,8178.06,0.05,upi,Delivered,2,,web
O003447,1,2026-06-05,C01876,P0143,1,3965.41,0,upi,Delivered,5,3,Web
O002229,1,2025-05-10,C00925,P0089,1,17628.4,0.2,Debit Card,Cancelled,,,App
O005507,1,2025-05-15,C01420,P0025,5,3851.26,0.25,Credit Card,Returned,7,2,Web
O003360,1,2026-01-03,C00326,P0029,1,4879.13,0.15,credit card,Delivered,1,,APP
O004333,2,2025-08-27,C00229,P0023,1,26674.75,0.05,credit card,Delivered,4,4,web
O004463,1,2026-03-11,C00296,P0142,1,11553.23,0.15,UPI,Delivered,7,2,Marketplace
O006166,2,2025-01-09,C00815,P0006,2,20809.26,0.05,upi,Cancelled,,,Marketplace
O000252,1,2026-06-20,C00742,P0065,1,17897.23,0,Cash on Delivery,Delivered,6,3,App
O001805,1,2025-07-08,C01722,P0079,1,7339.2,0.3,Wallet,Delivered,1,5,Marketplace
O003828,2,2026-03-04,C00718,P0065,1,18094.31,0.2,Debit Card,Delivered,7,2,web
O005919,1,2025-04-14,C01639,P0037,2,18506.07,0.15,credit card,Returned,5,2,Web
O004895,2,2025-07-08,C00661,P0019,1,25607.67,0.1,UPI,Delivered,1,4,APP
O002980,1,2025-06-03,C01146,P0097,1,3454.77,0.15,COD,Delivered,2,5,Marketplace
O002224,3,2025-12-20,C00195,P0041,1,20736.57,0,upi,Delivered,4,3,web
O001548,1,2026-06-03,C01895,P0064,1,4830.15,0.15,Debit Card,Delivered,4,3,Web
O006316,1,2025-08-26,C00352,P0080,2,21764.81,0,Cash on Delivery,Cancelled,,,APP
O004853,1,2025-01-26,C00182,P0044,2,13667.31,0.05,Credit Card,Returned,6,3,web
O002523,2,2026-01-04,C00153,P0045,1,27982.67,0.1,UPI,Delivered,7,3,App
O001710,1,2025-12-12,C00226,P0085,5,9783.74,0,upi,Delivered,4,4,web
O000408,3,2025-04-26,C00138,P0129,4,15042.75,0.3,Credit Card,Returned,6,2,App
O002895,1,2026-03-10,C01642,P0094,1,6199.54,0.05,Debit Card,Delivered,3,4,web
O004671,1,2025-05-28,C01516,P0048,1,963.49,0.1,upi,Delivered,5,3,web
O001351,1,2026-08-13,C00710,P0025,1,3984.12,0.1,upi,Delivered,4,3,web
O000214,2,2025-12-27,C01735,P0017,3,3160.4,0.05,Cash on Delivery,Delivered,4,4,web
O000957,1,2025-05-14,C00471,P0110,1,8491.7,0,Cash on Delivery,Delivered,4,3,App
O001900,1,2026-07-29,C00201,P0025,2,4068.07,0.2,Credit Card,Delivered,6,3,App
O000260,2,2026-06-09,C00926,P0100,1,13681.87,0.2,Cash on Delivery,Delivered,3,4,Web
O005074,1,2026-07-23,C00872,P0106,1,2625.34,0.1,UPI,Delivered,5,3,APP
O002045,1,2026-06-06,C01719,P0057,1,4641.15,0.15,credit card,Returned,5,3,APP
O003152,1,2026-01-25,C01439,P0016,1,20233.6,0.05,UPI,Delivered,3,4,Marketplace
O000759,2,2025-06-01,C01224,P0005,1,5143.39,0,Credit Card,Delivered,7,1,Marketplace
O002299,1,2025-12-06,C00156,P0034,1,8122.62,0.2,upi,Returned,1,5,App
O004356,1,2026-07-27,C00262,P0065,1,17810.71,0.2,Credit Card,Delivered,2,5,Web
O002894,1,2025-03-03,C00606,P0123,3,9121.63,0.2,UPI,Returned,5,3,APP
O004199,1,2025-01-05,C01250,P0006,3,20087.38,0.05,COD,Returned,6,2,web
O006372,2,2026-04-30,C00394,P0082,2,15567.49,0.15,Wallet,Delivered,5,3,Marketplace
O005599,2,2026-06-03,C01073,P0064,3,4808.11,0.15,COD,Delivered,5,3,Marketplace
O002758,2,2025-07-28,C01403,P0048,1,949.88,0.1,Cash on Delivery,Delivered,6,2,APP
O001808,1,2026-01-03,C00139,P0128,5,14748.5,0.2,upi,Delivered,5,3,APP
O004126,2,2026-06-03,C00516,P0140,1,13408.56,0.2,upi,Delivered,2,4,Marketplace
O001416,2,2025-04-08,C00935,P0085,2,10135.14,0.2,COD,Delivered,3,,web
O005196,3,2026-08-27,C01421,P0125,2,4548.3,0.1,COD,Delivered,4,3,APP
O006286,1,2025-02-24,C01485,P0096,2,2890.65,0.1,Credit Card,Delivered,5,4,web
O003019,1,2026-08-13,C01378,P0046,1,4254.92,0,Wallet,Delivered,7,2,Web
O000245,2,2025-10-24,C01967,P0135,1,3502.93,0,UPI,Delivered,4,4,Marketplace
O002237,2,2026-04-23,C01559,P0139,2,3558.46,0.1,upi,Delivered,2,4,Marketplace
O005191,1,2025-12-28,C00334,P0129,1,14674.28,0.2,Cash on Delivery,Delivered,3,4,Marketplace
O001574,2,2025-08-01,C01085,P0070,1,4138.36,0,Credit Card,Delivered,4,4,APP
O002593,2,2025-02-21,C01357,P0035,2,17834.48,0.5,Wallet,Delivered,6,,App
O004610,2,2025-12-21,C01659,P0007,2,11467.42,0.3,Cash on Delivery,Delivered,4,4,web
O003060,1,2025-10-04,C00482,P0035,1,18360.65,0.05,Debit Card,Delivered,4,4,web
O002763,1,2025-03-26,C00512,P0081,1,22942.39,0.15,Credit Card,Delivered,5,3,App
O001655,1,2026-02-20,C00734,P0096,1,2911.92,0,UPI,Delivered,7,3,App
O005687,1,2026-02-27,C00633,P0124,1,13521.69,0,Debit Card,Delivered,5,3,App
O001591,1,2025-07-10,C01393,P0132,1,19540.18,0.05,upi,Delivered,3,4,Marketplace
O004436,3,2025-02-22,C01769,P0089,1,17840.58,0,Cash on Delivery,Delivered,4,3,APP
O004812,1,2026-03-07,C00206,P0040,1,13192.86,0,Cash on Delivery,Delivered,5,2,Web
O001395,3,2025-02-02,C01737,P0137,1,4647.45,0.1,Credit Card,Delivered,,,Marketplace
O003847,1,2025-02-18,C01178,P0067,1,10587.12,0.2,Cash on Delivery,Delivered,1,5,web
O003219,1,2025-04-10,C01626,P0012,1,8139.97,0.15,Cash on Delivery,Returned,3,,App
O003728,1,2025-07-24,C00680,P0110,1,8350.24,0,credit card,Delivered,6,3,Web
O001311,1,2026-05-17,C01109,P0130,1,17829.57,0.65,Wallet,Delivered,4,3,web
O001309,1,2026-01-22,C00229,P0111,1,1835.06,0,UPI,Delivered,4,,web
O005111,1,2025-11-20,C00742,P0110,1,8388.75,0.1,UPI,Delivered,4,3,web
O000839,1,2025-12-06,C00693,P0104,1,4798.25,0.3,Wallet,Delivered,5,2,APP
O001809,1,2026-01-21,C00694,P0006,4,20570.7,0.05,credit card,Delivered,3,3,App
O004404,2,2026-03-25,C01660,P0075,1,10848.23,0.1,credit card,Delivered,5,,Marketplace
O004740,4,2025-11-16,C01929,P0016,1,20770.96,0.25,UPI,Delivered,6,3,APP
O002121,1,2025-12-11,C01341,P0006,3,20590.52,0.1,Credit Card,Delivered,4,4,App
O006489,4,2025-08-08,C01603,P0131,1,18164.01,0.15,Debit Card,Delivered,6,2,App
O001285,1,2025-04-22,C00844,P0115,2,4605.85,0,COD,Returned,2,4,web
O000393,1,2025-03-31,C00835,P0046,1,4295.56,0.2,Credit Card,Delivered,6,3,App
O002205,4,2026-04-13,C00203,P0012,1,7847.27,0.1,Cash on Delivery,Delivered,8,2,APP
O006195,2,2025-01-11,C01887,P0049,3,1499.58,0.1,upi,Delivered,3,3,Marketplace
O006379,2,2025-12-21,C00714,P0037,4,18041.2,0.2,credit card,Delivered,6,3,web
O003401,3,2026-08-27,C00724,P0119,1,19949.01,0.05,Credit Card,Delivered,6,2,APP
O005564,1,2025-09-14,C00932,P0115,2,4702.76,0.3,COD,Cancelled,,,App
O000301,1,2025-11-27,C01462,P0002,1,10789.36,0.1,Debit Card,Delivered,1,4,Marketplace
O006305,1,2025-01-24,C00544,P0044,1,13079.58,0.05,Debit Card,Delivered,4,3,web
O003761,1,2025-05-09,C01281,P0115,1,4736.79,0.3,Debit Card,Delivered,2,4,App
O001834,1,2025-11-15,C00035,P0051,1,4111.1,0,Credit Card,Delivered,5,4,Web
O004393,1,2026-01-02,C00481,P0104,3,5124.13,0.05,Cash on Delivery,Delivered,6,3,Web
O004454,2,2025-07-29,C00888,P0017,3,3170.42,0.25,Cash on Delivery,Cancelled,,,App
O006464,1,2025-12-16,C00874,P0030,1,14896.03,0.15,COD,Delivered,3,4,web
O003719,1,2025-03-23,C00701,P0099,1,19538.34,0.15,Cash on Delivery,Returned,4,4,App
O001351,2,2026-08-13,C00710,P0100,1,14176.21,0.2,upi,Delivered,4,3,web
O001765,3,2026-01-26,C01256,P0122,1,1140.15,0.3,Cash on Delivery,Delivered,4,,App
O001902,2,2026-02-14,C00251,P0121,1,21204.02,0.05,Cash on Delivery,Delivered,3,5,App
O000067,1,2026-04-15,C00773,P0090,1,4707.31,0.25,Credit Card,Delivered,4,3,Web
O003880,1,2025-05-22,C00242,P0097,2,3451.11,0.25,Debit Card,Delivered,3,4,Web
O003245,1,2025-02-09,C00031,P0021,2,22030.84,0.15,upi,Delivered,6,3,APP
O005451,2,2025-12-08,C00443,P0056,1,10381.55,0.2,credit card,Cancelled,,,Web
O002721,2,2026-04-29,C00373,P0073,2,9024.87,0.15,Cash on Delivery,Delivered,4,3,APP
O000431,2,2026-08-09,C00621,P0019,1,25861.46,0.15,Debit Card,Delivered,6,2,web
O000114,2,2025-11-05,C01842,P0095,1,16143.39,0.1,COD,Delivered,2,5,APP
O001879,1,2025-09-09,C00521,P0060,2,17441.3,0.1,upi,Delivered,4,4,App
O000293,1,2025-12-05,C01901,P0112,1,22163.7,0.15,Cash on Delivery,Delivered,8,1,APP
O003366,3,2025-04-04,C00154,P0038,2,320.76,0.15,Debit Card,Delivered,3,4,web
O004412,1,2026-07-03,C01208,P0071,4,11028.91,0.15,Debit Card,Delivered,5,2,App
O001406,1,2026-06-05,C00724,P0136,1,13624.62,0.05,Wallet,Delivered,3,4,Marketplace
O004299,2,2025-03-07,C00916,P0105,1,25845.1,0.1,Debit Card,Delivered,4,3,Web
O003073,1,2026-08-16,C01684,P0069,2,11842.87,0.2,credit card,Delivered,3,4,Marketplace
O005111,2,2025-11-20,C00742,P0052,1,18518.63,0.2,UPI,Delivered,4,3,web
O001794,1,2026-05-01,C00004,P0123,1,8798.6,0,UPI,Delivered,6,2,Web
O003421,1,2026-02-11,C00927,P0058,1,12701.3,0.05,upi,Delivered,5,4,web
O000938,3,2025-12-24,C01985,P0091,1,259.53,0.2,Cash on Delivery,Delivered,4,3,Marketplace
O004308,2,2026-04-11,C00294,P0092,1,4076.78,0.25,credit card,Delivered,3,4,Marketplace
O004354,3,2025-08-20,C00361,P0119,1,20192.42,0.5,Credit Card,Delivered,3,5,APP
O003509,2,2025-07-26,C01807,P0091,1,262.0,0.2,Cash on Delivery,Delivered,6,3,Web
O003089,2,2026-08-23,C01059,P0104,2,4955.58,0.2,credit card,Delivered,7,2,App
O000916,1,2025-07-04,C00503,P0061,3,22953.96,0.1,COD,Delivered,5,3,Marketplace
O000925,1,2025-05-25,C00746,P0064,1,4699.55,0.1,Wallet,Delivered,6,3,APP
O000481,1,2025-08-29,C00889,P0080,1,23128.37,0,UPI,Delivered,5,3,App
O001522,2,2025-09-22,C00029,P0115,1,4678.88,0.05,Debit Card,Delivered,3,4,Marketplace
O006268,1,2026-04-13,C01309,P0053,1,7286.7,0.2,COD,Cancelled,,,App
O004859,1,2025-03-09,C00340,P0113,1,3013.05,0,Wallet,Delivered,5,3,App
O004588,1,2026-01-08,C01423,P0120,1,12395.25,0.3,upi,Delivered,2,,Web
O002878,1,2026-01-29,C01464,P0096,1,2862.07,0,credit card,Delivered,4,4,APP
O004138,1,2026-01-31,C00925,P0038,5,330.61,0.2,Wallet,Delivered,6,3,App
O005171,1,2025-02-21,C01939,P0109,2,14576.04,0.1,upi,Delivered,5,4,Web
O003825,2,2025-03-15,C01112,P0011,1,16443.46,0.15,Wallet,Delivered,4,4,Web
O003589,3,2025-09-27,C00052,P0143,1,4100.18,0.5,Cash on Delivery,Delivered,7,3,App
O001290,1,2025-10-13,C00604,P0038,2,327.16,0.15,Debit Card,Delivered,3,5,APP
O003425,3,2025-01-01,C00316,P0057,1,4734.0,0.2,Credit Card,Delivered,3,4,APP
O005242,2,2025-10-28,C01507,P0062,3,17973.92,0.05,Credit Card,Delivered,4,4,web
O003490,1,2025-02-22,C01012,P0048,1,991.39,0.2,UPI,Delivered,3,3,web
O000141,1,2025-01-21,C00832,P0109,2,15153.68,0.05,Wallet,Returned,5,4,web
O005118,1,2025-08-13,C00637,P0118,1,3053.85,0.1,Credit Card,Delivered,7,1,Web
O005159,1,2025-06-08,C01496,P0003,1,19091.61,0,credit card,Delivered,7,3,Marketplace
O002008,1,2025-11-16,C01107,P0043,1,15635.71,0.1,Cash on Delivery,Delivered,4,3,Web
O001322,1,2025-11-30,C01932,P0005,2,5436.64,0.05,UPI,Delivered,,,web
O004999,1,2025-10-12,C00791,P0119,1,20192.5,0.1,Debit Card,Cancelled,,,APP
O003700,2,2025-02-21,C01977,P0037,1,17950.91,0.05,Cash on Delivery,Delivered,6,2,APP
O002514,2,2026-08-19,C01417,P0131,1,18859.0,0.05,UPI,Delivered,9,2,Web
O003970,2,2025-03-08,C00334,P0006,1,20694.43,0,Debit Card,Delivered,6,2,Marketplace
O002738,2,2025-07-23,C01977,P0137,1,4837.59,0.1,Credit Card,Delivered,1,,Web
O002025,2,2026-02-09,C01562,P0078,1,25867.35,0.25,Credit Card,Delivered,5,3,Web
O004297,1,2025-11-09,C00719,P0081,1,22934.54,0.05,Debit Card,Delivered,6,3,Web
O003550,1,2025-10-28,C00211,P0028,1,8414.5,0.25,upi,Cancelled,,,App
O004855,1,2026-01-14,C00110,P0126,1,2095.45,0,upi,Delivered,4,3,Web
O000708,3,2025-02-06,C01051,P0114,1,1254.22,0.15,credit card,Delivered,4,,APP
O002410,1,2026-05-15,C01642,P0136,1,13687.85,0.1,upi,Delivered,4,4,Web
O004918,4,2025-05-05,C00560,P0088,2,26483.14,0.1,Credit Card,Returned,5,3,web
O006368,1,2026-01-18,C00013,P0132,1,19637.34,0.3,upi,Returned,5,3,Marketplace
O001421,3,2025-04-20,C01439,P0110,1,8439.82,0.15,upi,Delivered,6,3,App
O004933,1,2026-02-16,C00717,P0011,1,17347.42,0.25,upi,Delivered,4,3,web
O001940,2,2025-02-26,C00864,P0024,2,20583.06,0,Cash on Delivery,Delivered,1,5,Web
O004972,1,2026-08-14,C00399,P0034,1,8464.43,0.15,credit card,Delivered,4,3,App
O001951,3,2025-04-02,C00257,P0077,1,11168.93,0,Credit Card,Delivered,3,3,App
O000860,2,2026-07-03,C00774,P0005,2,5189.64,0.2,Wallet,Cancelled,,,App
O001503,1,2026-07-23,C00880,P0053,2,7717.57,0.05,COD,Delivered,4,3,web
O002002,1,2026-08-16,C01713,P0044,1,13228.99,0.15,UPI,Delivered,,,web
O005944,2,2025-01-19,C01487,P0015,1,22740.58,0.3,Credit Card,Delivered,4,4,APP
O005183,2,2025-11-30,C01916,P0024,1,21406.01,0,COD,Delivered,6,3,APP
O003492,2,2026-07-03,C01807,P0110,2,8399.15,0.1,Wallet,Delivered,8,1,Marketplace
O000178,1,2026-01-16,C01600,P0080,1,23306.71,0,upi,Delivered,4,4,App
O000166,1,2025-05-18,C01324,P0016,2,20163.13,0.1,COD,Cancelled,,,App
O003132,1,2025-11-28,C01249,P0112,1,22165.87,0.1,Wallet,Delivered,3,5,Web
O004293,3,2025-12-01,C00083,P0016,2,20635.53,0.15,Credit Card,Cancelled,,,App
O003056,2,2025-02-22,C00783,P0033,1,614.89,0.1,Credit Card,Delivered,3,3,App
O001874,2,2025-03-26,C00377,P0043,2,16001.1,0,credit card,Delivered,6,3,App
O002493,3,2026-07-18,C01954,P0047,3,27844.22,0.2,Wallet,Delivered,4,3,Web
O000472,1,2025-12-10,C00856,P0003,2,19672.42,0.05,upi,Delivered,4,3,Marketplace
O005991,1,2025-02-02,C00595,P0113,1,3073.27,0.2,COD,Delivered,3,4,APP
O001278,2,2026-02-21,C01988,P0110,1,8550.09,0,upi,Delivered,4,4,Marketplace
O001689,1,2026-02-27,C01288,P0043,2,16032.65,0.05,UPI,Delivered,3,3,Marketplace
O003626,2,2025-09-05,C00421,P0092,1,4215.88,0.15,credit card,Delivered,7,2,Marketplace
O003745,2,2025-10-12,C01309,P0076,2,25982.8,0.15,UPI,Delivered,4,3,web
O001691,2,2025-11-17,C01861,P0064,1,4707.08,0.25,UPI,Delivered,2,4,Web
O000600,1,2026-05-28,C01657,P0079,1,7363.14,0,Cash on Delivery,Delivered,4,3,Marketplace
O003617,3,2025-09-29,C01994,P0038,1,334.54,0.2,upi,Delivered,5,3,Web
O002276,1,2025-06-30,C01242,P0034,1,8117.34,0.15,Debit Card,Delivered,2,4,Web
O003591,2,2025-08-27,C01381,P0003,2,18506.84,0,Debit Card,Delivered,3,4,App
O001434,1,2026-01-09,C01653,P0080,1,21789.95,0.15,upi,Delivered,3,3,web
O004033,2,2026-03-30,C01997,P0059,1,18018.92,0.25,Cash on Delivery,Returned,,,Web
O003311,1,2025-11-13,C01289,P0078,2,25881.42,0.05,upi,Delivered,1,5,Marketplace
O003895,2,2026-05-13,C00129,P0118,1,3052.37,0,upi,Cancelled,,,Marketplace
O003599,1,2025-09-02,C00912,P0010,1,22871.98,0.2,credit card,Delivered,3,4,App
O000686,4,2025-08-30,C00569,P0112,2,21753.52,0.25,Credit Card,Delivered,5,2,Marketplace
O002123,2,2026-04-09,C00081,P0030,2,14291.0,0.15,UPI,Delivered,3,,web
O002748,3,2026-04-07,C01281,P0069,1,11277.98,0.15,Cash on Delivery,Returned,4,4,APP
O006419,1,2026-06-08,C00720,P0062,1,18276.54,0.05,Debit Card,Delivered,6,3,Marketplace
O005872,1,2026-08-27,C00582,P0049,2,1415.79,0,Wallet,Delivered,6,2,Web
O004346,1,2026-01-19,C00568,P0051,1,4049.34,0.15,Wallet,Delivered,4,,App
O000344,3,2026-07-30,C00417,P0104,2,4948.8,0.2,Wallet,Delivered,4,4,Web
O002470,2,2025-06-30,C01252,P0090,2,4963.25,0.1,Wallet,Delivered,3,4,web
O001026,1,2025-06-27,C01368,P0056,1,10626.89,0.2,Debit Card,Delivered,3,4,App
O003668,2,2025-11-16,C00717,P0088,1,26452.28,0.25,Wallet,Delivered,4,4,web
O004114,2,2025-08-06,C00645,P0095,1,15807.64,0.2,Credit Card,Delivered,4,3,App
O000527,1,2026-02-08,C01011,P0136,1,13860.13,0.15,Debit Card,Delivered,4,3,Marketplace
O003063,2,2026-05-30,C01713,P0129,2,14606.8,0.25,Credit Card,Delivered,5,3,App
O002794,3,2025-09-01,C01726,P0032,1,21192.46,0,credit card,Delivered,,,Marketplace
O002366,2,2025-04-15,C00337,P0112,2,21394.77,0.15,Debit Card,Delivered,6,3,web
O001137,1,2025-03-25,C01901,P0138,1,971.11,0,Wallet,Delivered,4,3,Web
O002249,1,2025-11-06,C01686,P0079,3,7630.69,0.25,credit card,Delivered,,,App
O002595,1,2025-01-16,C00915,P0100,1,13738.87,0.25,Cash on Delivery,Delivered,5,3,APP
O004934,1,2025-01-25,C00052,P0099,1,20541.92,0.25,UPI,Delivered,7,2,App
O001202,1,2026-05-07,C00025,P0053,1,7359.08,0,COD,Returned,7,3,Marketplace
O003355,1,2025-06-19,C00967,P0136,1,13268.8,0.15,COD,Delivered,4,3,APP
O002131,2,2025-08-10,C01328,P0009,5,14428.51,0.1,Cash on Delivery,Returned,2,4,App
O002219,1,2026-08-12,C00082,P0057,2,4847.21,0.05,COD,Delivered,5,2,Web
O003398,2,2025-03-17,C01081,P0024,2,20560.84,0.15,Debit Card,Delivered,4,3,APP
O000406,1,2026-05-20,C01481,P0014,1,5723.38,0,Credit Card,Delivered,,,Web
O004722,1,2026-02-23,C01990,P0117,1,3600.22,0.25,Cash on Delivery,Delivered,1,5,Marketplace
O002215,2,2025-01-18,C01084,P0070,3,4130.1,0.1,Cash on Delivery,Delivered,3,4,APP
O005779,1,2026-02-23,C01283,P0019,1,25356.96,0.25,credit card,Delivered,3,5,Marketplace
O003910,2,2026-02-14,C01215,P0086,4,3808.73,0,Wallet,Delivered,3,4,App
O000037,2,2025-11-25,C00494,P0066,2,21653.48,0.65,upi,Delivered,8,2,APP
O003042,2,2025-05-06,C01537,P0093,1,24048.15,0.15,Debit Card,Delivered,2,4,APP
O002712,1,2026-07-11,C01048,P0017,1,3176.24,0.15,credit card,Delivered,3,4,APP
O002998,3,2026-03-17,C00029,P0031,2,23294.65,0.2,upi,Delivered,5,,App
O006087,3,2025-01-29,C01361,P0093,1,22876.26,0.1,UPI,Returned,3,4,Web
O003802,1,2025-12-26,C00794,P0137,1,4677.5,0.3,Wallet,Delivered,4,4,web
O004756,1,2025-10-06,C01912,P0138,1,988.69,0.3,Credit Card,Delivered,3,4,Web
O000366,3,2025-01-05,C01932,P0036,1,18248.93,0,Cash on Delivery,Delivered,6,2,web
O004862,2,2026-03-28,C01807,P0095,2,15474.84,0.05,Cash on Delivery,Delivered,8,1,App
O002450,2,2025-12-30,C00699,P0123,1,9256.22,0.05,Wallet,Delivered,2,4,Web
O001361,2,2026-03-18,C00069,P0069,1,11359.61,0,upi,Returned,5,3,Marketplace
O001118,2,2026-02-07,C01818,P0122,1,1170.39,0.15,Cash on Delivery,Delivered,4,4,Marketplace
O001700,1,2025-01-11,C01466,P0032,1,20170.18,0.25,Cash on Delivery,Delivered,4,3,APP
O005143,1,2025-12-09,C00608,P0105,1,26134.02,0.15,credit card,Delivered,6,3,Web
O001163,1,2026-02-21,C00963,P0115,3,4883.67,0.25,credit card,Delivered,2,4,APP
O000497,1,2025-12-02,C00850,P0073,2,9012.61,0.2,credit card,Delivered,3,4,web
O000865,1,2025-12-10,C00553,P0004,3,18916.06,0.25,credit card,Delivered,5,3,APP
O002471,1,2026-06-30,C00437,P0057,1,4797.42,0.5,COD,Delivered,3,4,Web
O000974,2,2026-06-04,C00814,P0011,4,16354.9,0.25,Credit Card,Cancelled,,,web
O003562,2,2026-04-03,C01727,P0116,2,12024.81,0.2,COD,Delivered,5,,Marketplace
O004028,1,2025-06-30,C00490,P0107,2,24510.71,0.15,UPI,Delivered,5,3,APP
O003070,1,2025-05-01,C01026,P0133,1,3711.75,0.25,Wallet,Delivered,2,5,APP
O005362,1,2025-09-11,C01217,P0009,2,14021.28,0.05,UPI,Returned,,,APP
O005445,2,2025-06-16,C00116,P0089,1,18173.82,0.1,UPI,Delivered,3,5,web
O006096,1,2026-02-08,C01171,P0031,1,23508.29,0.1,upi,Cancelled,,,Marketplace
O003614,2,2025-03-13,C00358,P0063,3,16486.52,0.1,Credit Card,Delivered,2,5,Web
O000838,1,2025-07-25,C01686,P0012,1,7806.37,0.25,Debit Card,Delivered,5,3,web
O001085,2,2026-02-10,C01312,P0070,1,4264.62,0.15,credit card,Returned,6,2,Marketplace
O003956,1,2025-08-16,C00719,P0049,2,1497.22,0.2,Wallet,Delivered,4,3,Marketplace
O001138,1,2025-11-26,C01128,P0058,3,12592.07,0,UPI,Delivered,4,3,Web
O006230,1,2026-03-16,C00129,P0021,2,21540.92,0.15,Credit Card,Delivered,,,Marketplace
O001376,2,2025-07-16,C00901,P0010,1,23498.7,0.1,Credit Card,Delivered,,,APP
O000777,1,2025-04-16,C00761,P0009,1,14541.98,0,Credit Card,Delivered,6,2,web
O003403,1,2025-09-10,C01959,P0110,1,8325.23,0.15,COD,Returned,7,1,App
O005084,2,2025-04-08,C00754,P0069,1,11737.0,0.05,Debit Card,Delivered,4,4,Marketplace
O006264,2,2025-05-19,C01710,P0013,2,5448.19,0.05,UPI,Delivered,5,3,web
O000314,3,2025-07-17,C01673,P0102,1,16449.54,0.15,Debit Card,Delivered,4,4,web
O003846,2,2025-12-28,C01940,P0013,1,5393.53,0.15,UPI,Delivered,4,4,Marketplace
O000541,1,2025-02-25,C00998,P0093,2,22557.72,0.3,credit card,Delivered,4,3,Web
O006121,1,2025-09-02,C01339,P0106,1,2435.29,0.15,Debit Card,Delivered,9,2,web
O006236,1,2025-05-27,C00243,P0077,1,10856.43,0.2,upi,Delivered,3,4,Web
O001148,1,2025-08-09,C00069,P0133,1,3775.28,0.3,Debit Card,Delivered,8,1,Marketplace
O004139,1,2025-06-27,C00332,P0043,1,15592.78,0.2,Cash on Delivery,Delivered,6,2,web
O006229,1,2025-08-23,C00157,P0086,1,3632.53,0,Debit Card,Delivered,3,5,APP
O001438,2,2026-05-06,C01290,P0117,2,3520.36,0.3,Credit Card,Delivered,5,3,App
O003419,1,2025-03-21,C00675,P0009,2,14605.99,0.05,credit card,Delivered,3,4,Marketplace
O003255,2,2026-04-09,C01819,P0052,1,19356.05,0.2,Wallet,Delivered,4,3,APP
O000005,2,2025-01-26,C00036,P0115,1,4734.44,0.2,Credit Card,Delivered,3,3,Web
O001576,1,2026-01-30,C01255,P0013,1,5486.83,0.15,UPI,Delivered,6,3,Web
O001115,1,2025-07-07,C00559,P0076,1,27822.64,0,Credit Card,Delivered,3,4,web
O004097,2,2025-06-28,C01487,P0091,1,262.57,0.15,Wallet,Returned,3,4,App
O005509,2,2026-01-04,C00122,P0126,1,2063.8,0.1,COD,Delivered,6,3,web
O001741,1,2026-08-06,C00330,P0017,1,3182.17,0.05,Debit Card,Delivered,3,4,Web
O005821,2,2025-09-15,C01552,P0034,1,8129.78,0.1,COD,Delivered,4,3,web
O005099,2,2025-09-22,C00128,P0133,1,3879.56,0.15,Credit Card,Delivered,5,3,APP
O003638,1,2025-10-03,C01542,P0067,2,11253.65,0.15,upi,Delivered,1,5,web
O002629,1,2025-09-13,C00305,P0131,3,17710.56,0.2,upi,Delivered,1,5,App
O003446,4,2026-01-01,C01625,P0050,1,17724.0,0.05,Cash on Delivery,Returned,3,4,Marketplace
O004872,2,2025-02-08,C00530,P0110,1,8429.13,0.15,UPI,Delivered,6,2,web
O004488,1,2025-09-28,C01376,P0023,3,26184.82,0.15,,Delivered,5,3,web
O005807,2,2026-04-29,C01302,P0078,2,26729.04,0.2,Debit Card,Delivered,6,3,Marketplace
O001635,2,2026-01-28,C01196,P0144,1,8422.19,0.05,Wallet,Delivered,3,4,APP
O004048,2,2025-04-26,C00223,P0120,1,12838.67,0.15,UPI,Delivered,5,3,APP
O005226,1,2025-09-05,C01647,P0029,2,4943.7,0,Cash on Delivery,Delivered,6,3,APP
O004115,2,2026-07-12,C01358,P0045,1,28814.99,0,Wallet,Returned,6,3,App
O006396,1,2026-08-19,C01603,P0044,2,13428.31,0.1,UPI,Delivered,4,,App
O002544,2,2025-10-02,C00491,P0037,1,18822.91,0,Wallet,Delivered,6,2,App
O000586,2,2025-11-11,C00457,P0070,1,4335.66,0.3,UPI,Cancelled,,,APP
O004860,2,2025-09-21,C00318,P0030,1,14455.3,0.1,Wallet,Delivered,7,2,Marketplace
O005515,1,2025-08-25,C00184,P0061,2,22085.42,0.2,Credit Card,Cancelled,,,Web
O002216,1,2025-03-05,C01246,P0091,5,246.58,0.1,Cash on Delivery,Delivered,6,3,Marketplace
O004466,1,2025-01-03,C00510,P0065,1,17023.46,0.1,credit card,Delivered,3,5,Web
O000773,1,2026-03-14,C01906,P0133,1,3743.95,0.5,credit card,Delivered,2,5,App
O005512,4,2025-12-12,C01220,P0005,2,5434.12,0.1,Debit Card,Delivered,4,3,App
O005924,1,2025-11-23,C00006,P0069,1,11670.51,0.65,credit card,Cancelled,,,web
O005064,1,2025-06-04,C00288,P0133,1,3904.91,0.1,Debit Card,Delivered,4,3,App
O000215,1,2026-02-21,C01833,P0003,1,19544.76,0.05,Credit Card,Delivered,4,4,web
O001840,2,2025-08-21,C01315,P0002,1,10551.85,0.25,Cash on Delivery,Delivered,1,4,App
O004699,1,2025-06-04,C00147,P0023,1,27599.28,0.3,Wallet,Delivered,5,3,App
O000370,3,2025-03-25,C00399,P0053,1,7158.04,0.65,Debit Card,Delivered,5,3,Web
O006460,1,2025-02-03,C00547,P0098,1,13089.63,0,Debit Card,Delivered,5,3,web
O001104,2,2026-04-27,C01711,P0132,2,19152.57,0.15,UPI,Delivered,8,,APP
O005756,1,2026-02-24,C01027,P0044,4,13703.87,0.2,COD,Delivered,4,4,Marketplace
O002462,1,2026-03-09,C01233,P0102,1,16103.56,0.1,Debit Card,Delivered,6,3,web
O001679,1,2026-02-05,C01776,P0041,4,20211.59,0.15,Cash on Delivery,Delivered,5,3,APP
O000232,1,2026-07-31,C01674,P0085,2,9912.64,0.05,Credit Card,Delivered,4,3,web
O001226,2,2025-09-05,C01696,P0007,2,11996.39,0.1,,Delivered,5,3,APP
O001203,1,2025-10-04,C01464,P0072,1,11875.05,0.05,,Delivered,7,2,Marketplace
O005106,1,2026-06-07,C01634,P0042,1,7230.0,0,Debit Card,Delivered,7,2,Web
O001603,1,2025-07-20,C00863,P0112,1,21687.21,0,Wallet,Delivered,6,2,App
O005833,2,2025-06-12,C00779,P0006,1,20702.97,0.05,Wallet,Delivered,4,,Web
O005418,1,2025-06-21,C01175,P0014,1,5700.08,0.05,COD,Delivered,3,4,Web
O003465,2,2025-03-23,C00476,P0115,3,4604.96,0.15,Wallet,Returned,7,3,APP
O004337,1,2025-03-05,C01888,P0021,2,21935.58,0.25,Credit Card,Delivered,4,4,Marketplace
O004950,2,2025-08-03,C01349,P0111,3,1832.56,0.15,Wallet,Delivered,6,2,APP
O005278,1,2025-11-25,C01472,P0142,1,12091.42,0.15,Credit Card,Delivered,4,4,APP
O005539,2,2026-07-14,C01431,P0017,1,3243.43,0.2,Cash on Delivery,Returned,4,3,Web
O001105,1,2025-08-17,C01592,P0073,2,8827.79,0.1,credit card,Delivered,5,3,Web
O005391,1,2025-09-14,C00068,P0135,1,3465.24,0.2,Credit Card,Returned,5,2,App
O003662,2,2025-08-10,C00439,P0127,1,14597.35,0.25,Wallet,Delivered,4,4,Web
O006039,2,2026-02-16,C00745,P0038,1,339.85,0.2,Wallet,Cancelled,,,web
O005185,2,2025-05-26,C00005,P0017,1,3274.34,0.15,Debit Card,Delivered,8,2,Marketplace
O006113,1,2026-07-29,C01788,P0076,2,27580.98,0.1,Wallet,Delivered,6,3,Marketplace
O004818,2,2025-08-15,C01026,P0120,3,12982.64,0.15,UPI,Delivered,3,3,web
O002890,1,2026-04-13,C01627,P0103,1,26570.51,0.1,credit card,Delivered,3,3,APP
O001612,2,2025-07-19,C00418,P0029,2,5020.98,0.15,credit card,Delivered,3,4,App
O005433,2,2025-02-15,C00217,P0139,1,3674.61,0.1,UPI,Delivered,7,1,APP
O006113,3,2026-07-29,C01788,P0110,2,8645.29,0.2,Wallet,Delivered,6,3,Marketplace
O001378,2,2026-05-18,C00524,P0132,3,18157.98,0.1,Credit Card,Delivered,,,web
O003848,3,2025-02-10,C00044,P0046,1,4183.64,0.1,UPI,Delivered,2,5,Marketplace
O000858,1,2026-03-26,C00765,P0127,2,13912.75,0.15,UPI,Delivered,5,3,Web
O004052,1,2025-12-01,C00011,P0074,3,10582.1,0.05,UPI,Cancelled,,,web
O001105,2,2025-08-17,C01592,P0064,2,4841.19,0.25,credit card,Delivered,5,3,Web
O004471,1,2026-02-22,C00713,P0033,1,621.91,0.1,Cash on Delivery,Delivered,3,3,Web
O005429,1,2025-06-01,C01098,P0136,1,14145.96,0.1,upi,Delivered,8,2,APP
O003755,1,2025-09-20,C00528,P0047,2,28864.24,0.2,UPI,Delivered,6,3,web
O001378,3,2026-05-18,C00524,P0097,1,3544.0,0.05,Credit Card,Delivered,,,web
O003468,1,2026-05-12,C00467,P0016,2,20652.62,0,upi,Delivered,2,5,App
O001067,1,2026-08-05,C00220,P0003,2,19749.03,0.1,Wallet,Delivered,7,2,App
O005133,2,2025-05-26,C00010,P0107,1,23245.46,0.15,credit card,Delivered,4,3,Web
O000898,1,2026-01-26,C01651,P0085,2,9791.99,0,Debit Card,Delivered,4,3,App
O003627,2,2025-11-03,C00816,P0058,1,13161.61,0.15,COD,Delivered,4,3,APP
O001114,2,2025-03-29,C00660,P0102,1,17263.68,0.1,COD,Delivered,2,5,App
O001383,2,2026-08-26,C01951,P0132,1,18615.94,0.1,Cash on Delivery,Delivered,7,2,web
O005916,3,2025-05-25,C01936,P0014,3,5671.95,0.2,upi,Cancelled,,,Web
O000174,1,2025-12-26,C00230,P0035,4,18375.28,0.3,credit card,Delivered,4,,Web
O004091,1,2025-08-07,C00978,P0105,3,25889.16,0,Debit Card,Delivered,3,5,App
O001607,1,2025-08-22,C00575,P0031,1,21984.11,0,Cash on Delivery,Returned,2,,App
O004152,3,2026-01-16,C00977,P0085,1,10167.75,0.3,COD,Returned,4,3,Marketplace
O005419,2,2025-01-01,C01999,P0094,1,6310.11,0,credit card,Delivered,2,4,App
O005622,3,2025-09-30,C01576,P0077,1,11157.51,0.15,Wallet,Delivered,5,3,web
O000618,2,2025-12-23,C01002,P0007,3,11288.96,0.05,Cash on Delivery,Returned,6,3,APP
O002954,3,2025-01-27,C00567,P0017,1,3244.38,0.25,Cash on Delivery,Delivered,2,5,web
O003081,1,2025-09-08,C01918,P0077,1,10992.89,0.15,Wallet,Delivered,4,4,web
O005162,1,2025-10-11,C00920,P0053,3,7468.59,0.2,Credit Card,Delivered,5,3,Marketplace
O005287,2,2025-08-20,C00450,P0051,1,3999.22,0.1,Wallet,Delivered,4,3,Marketplace
O006100,1,2026-04-12,C00593,P0032,1,20622.56,0.2,Wallet,Delivered,2,5,Marketplace
O002539,1,2025-03-16,C01368,P0114,1,1277.41,0.1,Credit Card,Delivered,7,2,App
O002725,1,2025-10-21,C01469,P0010,3,22645.26,0.1,Credit Card,Cancelled,,,web
O005668,1,2025-07-31,C01690,P0013,1,5373.34,0,upi,Cancelled,,,App
O005616,1,2026-08-07,C00369,P0105,2,26513.65,0.15,Debit Card,Delivered,5,3,Web
O000609,2,2025-02-27,C00009,P0010,1,23982.99,0.2,credit card,Delivered,4,3,App
O002910,2,2025-08-21,C01992,P0138,1,1019.31,0.15,Cash on Delivery,Delivered,5,3,APP
O005241,1,2026-06-04,C01900,P0036,2,18187.01,0.05,Debit Card,Delivered,3,3,Marketplace
O003614,1,2025-03-13,C00358,P0028,1,8438.6,0.65,Credit Card,Delivered,2,5,Web
O002738,1,2025-07-23,C01977,P0098,1,12297.73,0.25,Credit Card,Delivered,1,,Web
O001184,1,2025-12-27,C00975,P0024,1,20103.32,0,UPI,Delivered,5,2,APP
O005747,1,2025-04-27,C00298,P0088,1,26118.38,0.1,Debit Card,Delivered,4,4,APP
O002357,1,2026-01-18,C01307,P0097,1,3582.53,0.1,Credit Card,Delivered,4,4,App
O000755,1,2025-03-25,C00382,P0104,1,4996.05,0.25,COD,Delivered,4,4,App
O005676,1,2026-08-04,C01436,P0114,1,1259.77,0,Wallet,Delivered,4,3,Marketplace
O000949,1,2025-02-14,C00453,P0089,2,17890.78,0.15,upi,Delivered,1,5,Marketplace
O001808,2,2026-01-03,C00139,P0121,1,21797.61,0.05,upi,Delivered,5,3,APP
O001990,3,2025-01-14,C00048,P0105,1,26690.98,0.05,Wallet,Delivered,5,3,Marketplace
O003466,1,2026-02-11,C00507,P0068,2,9620.9,0.25,Wallet,Delivered,3,4,Web
O002706,3,2025-05-13,C01347,P0072,1,12716.64,0.2,Cash on Delivery,Delivered,7,2,Marketplace
O005952,1,2025-02-09,C01127,P0092,1,4263.94,0.1,Cash on Delivery,Delivered,2,4,web
O003187,1,2025-05-02,C01989,P0034,1,8345.36,0.15,Wallet,Delivered,7,2,Marketplace
O004045,1,2026-02-09,C00795,P0100,2,14231.11,0.2,Wallet,Delivered,6,2,Marketplace
O003751,1,2026-01-23,C00773,P0092,1,3977.9,0.05,COD,Delivered,4,3,Web
O005827,1,2025-12-30,C00840,P0010,5,24089.3,0.15,COD,Delivered,4,4,APP
O005474,1,2026-07-23,C00302,P0003,2,19702.74,0,UPI,Delivered,4,4,Marketplace
O004388,1,2025-08-22,C01994,P0032,1,20047.58,0.15,credit card,Delivered,4,4,App
O005029,1,2025-10-21,C00533,P0084,1,16969.8,0.05,Debit Card,Delivered,8,2,App
O005832,2,2026-06-14,C00840,P0061,1,22314.13,0.1,COD,Delivered,1,4,Marketplace
O006430,1,2026-03-01,C01133,P0008,2,22370.43,0.15,credit card,Delivered,6,3,APP
O004578,2,2025-12-26,C00017,P0055,1,9373.08,0.1,Wallet,Returned,5,2,web
O001802,2,2025-11-17,C01928,P0111,1,1829.57,0.05,Cash on Delivery,Delivered,3,4,web
O000883,1,2025-01-27,C00055,P0107,1,23650.34,0.05,upi,Delivered,3,4,Marketplace
O002428,2,2026-02-17,C00413,P0144,1,8427.13,0.1,UPI,Delivered,4,3,APP
O005648,1,2025-08-25,C01935,P0093,2,22419.63,0.15,credit card,Delivered,5,3,web
O006072,2,2025-11-11,C00909,P0077,2,10574.13,0.15,credit card,Delivered,1,5,APP
O003418,2,2026-01-28,C00401,P0090,2,4659.79,0.25,,Delivered,1,4,Web
O002671,1,2025-03-06,C01579,P0089,1,17668.85,0.15,COD,Delivered,5,3,web
O002683,3,2025-01-29,C00787,P0036,5,18130.74,0.1,upi,Delivered,2,4,APP
O002594,3,2025-04-27,C01910,P0017,1,3270.47,0.1,COD,Returned,3,,App
O004984,1,2025-12-26,C01419,P0047,1,29347.58,0,Debit Card,Delivered,5,3,web
O001435,2,2025-08-29,C01927,P0026,2,14149.15,0.2,Debit Card,Delivered,4,4,Web
O002143,3,2026-03-12,C00877,P0098,1,12873.13,0.1,COD,Delivered,3,4,web
O004213,1,2025-01-22,C01564,P0038,2,328.49,0,credit card,Returned,5,3,APP
O005196,1,2026-08-27,C01421,P0064,2,4729.3,0,COD,Delivered,4,3,APP
O002144,1,2025-02-04,C00138,P0015,1,22819.86,0.1,Cash on Delivery,Delivered,5,3,App
O001757,2,2026-07-11,C01410,P0124,3,13449.84,0.15,COD,Delivered,1,4,web
O005217,2,2025-05-21,C01989,P0062,1,19026.45,0,COD,Delivered,3,4,App
O004047,2,2025-02-21,C01176,P0079,1,7514.93,0,Debit Card,Cancelled,,,App
O002778,2,2026-03-30,C00630,P0034,1,8422.86,0,Debit Card,Delivered,5,3,App
O004968,1,2025-07-01,C01150,P0041,2,20034.93,0.15,COD,Delivered,5,3,web
O004188,1,2025-07-07,C00309,P0112,1,21192.7,0.2,upi,Cancelled,,,Web
O005985,1,2026-02-27,C00665,P0114,3,1206.78,0.25,UPI,Cancelled,,,Web
O001924,1,2026-01-14,C00201,P0139,1,3511.28,0.1,COD,Delivered,4,3,Marketplace
O003723,2,2026-06-19,C00750,P0019,4,25870.84,0.1,credit card,Delivered,6,2,web
O003252,1,2025-05-21,C00515,P0032,1,20770.84,0.1,Debit Card,Delivered,5,4,App
O003635,1,2025-08-21,C00523,P0004,1,18129.32,0.25,COD,Delivered,6,,Web
O001429,1,2026-03-25,C00977,P0134,1,18598.25,0.3,credit card,Cancelled,,,App
O005254,2,2025-08-12,C01067,P0030,2,14589.65,0.15,upi,Delivered,3,3,web
O001840,1,2025-08-21,C01315,P0048,1,1020.34,0.05,Cash on Delivery,Delivered,1,4,App
O001259,1,2025-06-13,C01739,P0013,1,5780.12,0.25,Debit Card,Delivered,3,4,Web
O001240,1,2025-02-28,C01423,P0116,5,11518.53,0.3,upi,Delivered,4,4,web
O000208,1,2025-10-13,C00169,P0103,1,27926.44,0.05,Credit Card,Delivered,4,4,APP
O001065,1,2026-02-11,C01668,P0076,2,26897.73,0.1,credit card,Delivered,3,4,Marketplace
O001319,2,2026-02-18,C00476,P0015,1,21891.06,0.15,Credit Card,Delivered,2,4,APP
O001114,1,2025-03-29,C00660,P0011,5,0,0.1,COD,Delivered,2,5,App
O000696,2,2026-04-15,C01330,P0018,1,14742.14,0.05,upi,Delivered,2,5,App
O006012,1,2025-10-15,C00047,P0012,1,8043.24,0.5,Debit Card,Delivered,4,3,APP
O006257,1,2026-02-03,C01230,P0118,2,2946.66,0.2,Cash on Delivery,Cancelled,,,web
O004360,1,2026-05-06,C01696,P0065,2,17925.69,0.3,credit card,Delivered,3,3,APP
O004615,2,2025-01-09,C00093,P0015,5,22423.24,0.1,credit card,Delivered,5,3,App
O003301,3,2025-04-08,C01174,P0112,1,22791.52,0.2,Credit Card,Delivered,3,3,App
O005450,1,2025-02-08,C00652,P0057,1,4572.0,0.05,upi,Delivered,5,3,Marketplace
O003769,3,2026-02-19,C00083,P0137,1,4829.33,0.05,Credit Card,Delivered,4,3,APP
O005456,1,2026-05-02,C00860,P0116,1,12011.1,0.1,Cash on Delivery,Delivered,,,Marketplace
O001506,3,2026-02-13,C01470,P0111,1,1913.73,0.1,Credit Card,Delivered,,,APP
O000050,1,2025-01-03,C01731,P0005,1,5372.13,0.1,Credit Card,Delivered,3,3,Web
O006114,4,2025-11-25,C01134,P0115,1,4606.99,0.2,credit card,Returned,7,3,App
O004877,1,2026-06-30,C00298,P0030,2,14598.97,0.3,upi,Delivered,4,4,APP
O003491,1,2026-06-08,C01568,P0100,2,13615.28,0,COD,Delivered,4,3,APP
O002776,2,2025-08-03,C00463,P0042,1,7105.81,0.1,upi,Delivered,5,,web
O000628,3,2025-02-26,C00171,P0144,2,8404.47,0.1,Cash on Delivery,Delivered,4,4,App
O006318,2,2025-12-29,C01095,P0142,1,11580.13,0,Debit Card,Delivered,1,5,APP
O003192,2,2025-11-15,C00028,P0120,1,13274.74,0.15,COD,Delivered,4,4,App
O002775,1,2025-05-01,C00189,P0082,2,15291.49,0,Wallet,Delivered,1,4,App
O003306,2,2025-02-12,C01089,P0002,1,10168.09,0.25,credit card,Delivered,4,3,Marketplace
O002346,1,2026-01-19,C01184,P0137,1,4852.75,0.3,Wallet,Delivered,7,3,Web
O002794,2,2025-09-01,C01726,P0105,2,25923.85,0.05,credit card,Delivered,,,Marketplace
O001398,1,2025-03-08,C00029,P0125,1,4692.52,0.1,Debit Card,Delivered,3,4,App
O004349,1,2026-05-19,C00049,P0119,3,19607.54,0.1,Credit Card,Cancelled,,,Marketplace
O006358,1,2026-01-02,C01193,P0023,2,25806.7,0,Credit Card,Returned,5,3,Marketplace
O006027,1,2026-07-16,C00480,P0009,1,14180.64,0.15,Debit Card,Delivered,1,5,Marketplace
O002456,2,2025-11-26,C00721,P0022,2,5183.93,0.1,Credit Card,Delivered,4,3,App
O003790,1,2025-04-04,C01617,P0070,2,4110.06,0.15,COD,Returned,3,4,Web
O005087,1,2025-05-10,C01470,P0032,1,20207.14,0.15,credit card,Delivered,5,3,Marketplace
O001939,1,2025-07-17,C01508,P0116,4,12100.65,0.1,COD,Delivered,9,1,App
O002345,2,2025-11-26,C00843,P0006,1,21029.26,0,credit card,Delivered,4,4,APP
O004367,1,2026-03-01,C00802,P0124,1,13872.22,0.25,UPI,Delivered,4,3,web
O002502,1,2025-10-02,C01256,P0048,4,969.71,0.05,upi,Delivered,2,4,web
O005566,2,2025-02-16,C01155,P0003,1,19685.44,0.05,credit card,Delivered,,,App
O004476,2,2025-08-15,C00344,P0054,1,13221.3,0.1,upi,Delivered,4,3,Web
O001656,1,2025-08-16,C00200,P0009,1,14484.46,0.3,COD,Delivered,6,3,web
O006214,1,2025-03-07,C01560,P0020,1,25505.66,0.2,UPI,Delivered,7,2,web
O004814,1,2026-03-16,C00780,P0053,4,7692.7,0.2,upi,Delivered,4,4,web
O003630,1,2025-11-29,C00663,P0124,1,14391.16,0.1,Debit Card,Delivered,,,web
O005651,2,2026-04-12,C01379,P0121,1,21548.01,0.1,Cash on Delivery,Delivered,2,,Web
O000825,1,2025-05-19,C01514,P0076,1,26012.9,0.2,credit card,Delivered,8,2,Web
O000351,1,2025-08-23,C01173,P0093,1,22721.98,0.1,Wallet,Delivered,4,3,APP
O002679,3,2025-07-09,C01688,P0051,5,4067.75,0.15,Wallet,Delivered,2,4,App
O003640,2,2026-06-05,C01123,P0018,1,13655.83,0.1,Debit Card,Delivered,2,,Marketplace
O001795,1,2025-08-21,C00051,P0107,1,24417.4,0,Credit Card,Delivered,3,4,Web
O000219,1,2025-05-06,C00656,P0029,1,4821.28,0.15,COD,Delivered,5,3,Web
O006034,1,2025-12-26,C01939,P0018,1,13978.24,0.05,UPI,Delivered,5,2,APP
O005695,3,2025-01-22,C00939,P0092,5,4039.96,0,Debit Card,Delivered,3,4,Web
O005451,1,2025-12-08,C00443,P0141,1,12933.98,0.05,credit card,Cancelled,,,Web
O000028,3,2025-01-30,C00871,P0108,1,22179.34,0.1,COD,Delivered,3,4,Web
O004930,1,2025-07-17,C00047,P0099,1,20789.32,0.05,Credit Card,Cancelled,,,Web
O000281,1,2026-05-17,C01016,P0016,1,20763.25,0.2,Credit Card,Delivered,7,2,App
O002366,1,2025-04-15,C00337,P0022,1,5136.41,0.15,Debit Card,Delivered,6,3,web
O005525,3,2026-06-11,C01729,P0042,1,7190.43,0.1,Debit Card,Delivered,5,3,Web
O004750,2,2025-01-23,C00035,P0131,1,18907.8,0.15,UPI,Returned,4,4,APP
O003702,1,2026-06-10,C00149,P0071,1,11046.25,0.05,Wallet,Delivered,7,2,Marketplace
O004065,3,2025-12-26,C01801,P0129,1,14916.11,0.1,Wallet,Delivered,3,4,APP
O002754,2,2025-05-21,C00938,P0023,2,26179.93,0.2,Wallet,Delivered,4,4,web
O003056,4,2025-02-22,C00783,P0001,1,9033.55,0.1,Credit Card,Delivered,3,3,App
O005408,1,2025-09-01,C00797,P0036,3,19054.71,0.3,Cash on Delivery,Delivered,7,2,App
O001670,1,2026-06-21,C01828,P0049,1,1465.13,0,UPI,Delivered,3,4,App
O005483,1,2025-05-26,C00674,P0026,1,13917.76,0,UPI,Delivered,6,3,Web
O004344,1,2026-08-30,C00148,P0053,1,7324.82,0.1,UPI,Delivered,8,1,APP
O001218,1,2025-09-05,C01770,P0072,2,12713.36,0,Credit Card,Delivered,6,3,Web
O005546,2,2026-01-21,C01504,P0120,2,13218.66,0.3,Wallet,Returned,4,4,App
O003577,1,2025-07-07,C00367,P0134,4,18749.53,0.15,Credit Card,Delivered,3,3,Web
O003692,1,2026-06-25,C00596,P0062,2,18863.26,0.1,upi,Cancelled,,,App
O003969,2,2025-07-16,C00426,P0070,1,4356.25,0,Cash on Delivery,Delivered,6,2,APP
O002439,2,2026-05-28,C00135,P0099,2,19698.72,0.1,Wallet,Delivered,7,1,Marketplace
O001594,1,2025-05-17,C01167,P0045,2,27468.86,0.15,Debit Card,Returned,6,3,Web
O000416,1,2025-06-13,C00795,P0124,2,14354.2,0.1,Credit Card,Delivered,4,3,App
O001782,1,2026-02-01,C01685,P0088,1,24794.7,0.3,credit card,Delivered,3,4,App
O001115,2,2025-07-07,C00559,P0101,1,8436.49,0,Credit Card,Delivered,3,4,web
O002977,2,2026-07-17,C00025,P0036,1,19307.26,0.1,COD,Delivered,7,2,Marketplace
O003637,2,2025-06-23,C01394,P0048,3,1007.8,0.3,credit card,Delivered,3,4,APP
O003876,1,2025-07-09,C00106,P0027,1,19200.71,0,Cash on Delivery,Delivered,6,3,Marketplace
O003589,4,2025-09-27,C00052,P0121,1,22320.7,0.1,Cash on Delivery,Delivered,7,3,App
O001892,1,2025-07-02,C00545,P0022,1,5307.13,0,Cash on Delivery,Delivered,5,2,APP
O003397,1,2025-04-25,C01057,P0022,1,5475.92,0.1,COD,Returned,4,3,App
O001445,2,2025-05-12,C00677,P0069,1,11954.04,0.05,COD,Delivered,,,web
O004776,1,2026-03-26,C01027,P0034,1,8381.57,0.25,credit card,Delivered,8,2,Marketplace
O002387,1,2025-04-26,C01926,P0021,1,22447.54,0,Cash on Delivery,Cancelled,,,APP
O004845,1,2025-08-15,C00540,P0043,3,16219.15,0.05,UPI,Delivered,6,3,Marketplace
O005902,1,2026-04-15,C00373,P0051,3,4099.71,0,COD,Returned,3,4,Marketplace
O001455,2,2026-06-02,C00856,P0079,1,7737.9,0.25,upi,Delivered,4,3,Marketplace
O000739,1,2025-08-13,C01019,P0010,3,22609.01,0.15,Credit Card,Delivered,4,4,Web
O003156,1,2026-05-22,C00759,P0079,1,7696.91,0.25,Wallet,Delivered,6,2,APP
O002613,1,2025-09-14,C00077,P0141,2,13184.62,0.25,Debit Card,Delivered,3,4,APP
O004869,2,2025-07-31,C00870,P0053,1,7280.75,0.3,COD,Delivered,1,4,App
O002566,2,2026-03-12,C01924,P0002,1,10872.41,0.1,UPI,Delivered,6,3,Marketplace
O004750,3,2025-01-23,C00035,P0130,1,17348.64,0.2,UPI,Returned,4,4,APP
O000777,1,2025-04-16,C00761,P0009,1,14541.98,0,Credit Card,Delivered,6,2,web
O003626,1,2025-09-05,C00421,P0123,1,9397.54,0.1,credit card,Delivered,7,2,Marketplace
O000016,1,2025-05-01,C00530,P0012,1,7933.06,0.05,upi,Cancelled,,,Marketplace
O004500,2,2025-05-02,C01886,P0026,1,13515.23,0,credit card,Delivered,3,4,web
O005974,1,2025-02-28,C01318,P0109,2,15180.48,0.1,upi,Delivered,2,5,Marketplace
O003437,2,2026-06-24,C01156,P0027,3,19275.25,0.2,Wallet,Delivered,2,5,APP
O000554,3,2026-06-30,C01364,P0005,1,5284.4,0,COD,Delivered,4,4,App
O003063,3,2026-05-30,C01713,P0020,1,26395.56,0,Credit Card,Delivered,5,3,App
O001316,1,2025-02-25,C00044,P0134,1,18674.74,0,Cash on Delivery,Delivered,4,3,App
O005624,4,2025-05-18,C01955,P0117,2,3580.88,0.25,Credit Card,Cancelled,,,App
O002732,3,2026-04-14,C00052,P0060,5,17531.0,0.25,Credit Card,Delivered,4,3,web
O000673,4,2026-04-23,C01194,P0061,1,22915.78,0,upi,Delivered,7,3,APP
O001478,1,2025-04-11,C00551,P0098,2,13052.43,0.15,COD,Delivered,4,4,web
O005352,1,2025-11-18,C01949,P0038,1,324.34,0.05,credit card,Delivered,6,3,Web
O001376,1,2025-07-16,C00901,P0097,1,3606.49,0.1,Credit Card,Delivered,,,APP
O001918,1,2025-10-06,C01366,P0078,2,26310.99,0.2,Wallet,Delivered,3,5,App
O000522,1,2025-01-24,C01447,P0142,1,11552.97,0.1,Cash on Delivery,Returned,7,2,App
O003561,2,2025-09-17,C01644,P0050,2,17711.06,0.15,upi,Delivered,3,4,Web
O002209,2,2026-03-22,C00016,P0097,1,3644.77,0.2,Cash on Delivery,Delivered,4,4,Marketplace
O004770,2,2026-02-06,C01245,P0058,1,13294.31,0,credit card,Delivered,3,3,Web
O006114,1,2025-11-25,C01134,P0042,1,7174.86,0,credit card,Returned,7,3,App
O003744,1,2026-03-18,C01029,P0086,1,3567.97,0.1,COD,Delivered,5,3,APP
O006395,1,2025-11-06,C00630,P0023,1,27627.99,0.15,upi,Delivered,5,2,Web
O005656,3,2025-10-12,C00510,P0032,1,21410.58,0,credit card,Delivered,5,3,App
O001593,1,2025-10-29,C00462,P0017,2,3350.3,0.25,Wallet,Delivered,4,3,App
O003538,1,2025-10-29,C00636,P0126,4,2127.81,0.05,UPI,Delivered,4,3,web
O004364,4,2026-04-23,C00444,P0033,2,647.52,0.1,UPI,Delivered,4,3,APP
O001006,1,2026-02-28,C01022,P0117,1,3404.81,0.05,Wallet,Returned,3,4,web
O000649,1,2025-10-30,C01354,P0105,1,25613.72,0.15,Credit Card,Delivered,3,4,App
O000302,1,2025-04-13,C01155,P0056,2,10512.72,0.65,UPI,Delivered,5,3,Marketplace
O005207,1,2025-10-22,C01527,P0035,1,17906.88,0.3,COD,Cancelled,,,APP
O001725,1,2025-01-21,C01500,P0016,1,19757.85,0.25,Cash on Delivery,Returned,4,4,APP
O003433,1,2025-03-01,C01255,P0025,1,3843.33,0.2,Wallet,Delivered,3,3,APP
O001756,1,2025-09-28,C01297,P0142,1,11300.26,0.15,COD,Delivered,6,3,web
O000553,2,2025-05-31,C01727,P0068,1,9013.39,0.1,Debit Card,Delivered,4,3,web
O005128,1,2026-03-26,C01384,P0049,1,1415.76,0.05,Cash on Delivery,Delivered,4,4,Marketplace
O000218,1,2025-04-03,C00192,P0128,1,14596.03,0.2,UPI,Delivered,4,4,App
O002500,1,2025-08-08,C00881,P0106,1,2508.98,0.2,,Delivered,6,2,APP
O005912,1,2026-03-09,C01627,P0014,1,5614.21,0.65,Credit Card,Delivered,6,2,App
O004283,3,2025-02-07,C00081,P0113,1,3005.14,0.1,COD,Returned,2,5,App
O000577,1,2025-01-09,C00481,P0002,2,10284.83,0,Credit Card,Delivered,5,3,Marketplace
O002012,3,2026-03-16,C00891,P0006,1,19679.52,0.2,Debit Card,Delivered,,,web
O002969,1,2026-02-01,C01294,P0021,1,21252.15,0.3,UPI,Delivered,4,3,web
O002754,1,2025-05-21,C00938,P0141,1,13080.71,0.15,Wallet,Delivered,4,4,web
O002008,2,2025-11-16,C01107,P0120,3,12740.56,0.3,Cash on Delivery,Delivered,4,3,Web
O005236,2,2026-04-08,C00417,P0038,1,333.44,0.05,Credit Card,Delivered,5,3,App
O004479,2,2025-02-05,C00178,P0031,2,21938.03,0.1,Cash on Delivery,Delivered,5,,App
O001481,1,2025-03-10,C00605,P0054,1,12736.29,0.2,Debit Card,Returned,2,4,App
O002881,2,2025-04-26,C01070,P0030,3,14515.89,0.1,Credit Card,Delivered,2,5,web
O004520,1,2025-04-29,C00359,P0072,1,12485.49,0.05,,Delivered,6,3,App
O000576,2,2025-05-15,C01106,P0020,3,25779.88,0.05,Wallet,Delivered,7,2,APP
O001316,2,2025-02-25,C00044,P0019,1,24305.85,0.15,Cash on Delivery,Delivered,4,3,App
O004474,1,2025-07-19,C01945,P0042,2,7100.8,0.05,upi,Delivered,4,3,App
O002601,1,2025-10-17,C00114,P0026,3,13761.78,0.15,Cash on Delivery,Delivered,6,2,App
O003734,1,2025-08-06,C00674,P0122,2,1155.17,0,credit card,Delivered,6,3,web
O004966,3,2026-06-27,C00370,P0017,2,3378.29,0.05,Credit Card,Delivered,5,3,Marketplace
O006268,3,2026-04-13,C01309,P0085,1,10150.47,0.1,COD,Cancelled,,,App
O000646,1,2025-11-08,C00482,P0079,1,7518.08,0.2,Debit Card,Delivered,2,4,App
O002225,3,2025-10-10,C01266,P0104,1,4878.44,0.05,COD,Delivered,4,4,Marketplace
O002269,2,2025-04-22,C01888,P0110,1,8812.63,0.05,credit card,Delivered,6,2,Web
O004953,1,2026-07-03,C01281,P0014,1,5780.16,0.05,UPI,Delivered,5,3,web
O002530,3,2026-08-18,C00578,P0013,1,5680.24,0.15,Wallet,Delivered,2,5,App
O001071,1,2026-06-20,C00143,P0064,1,4762.61,0.05,Credit Card,Delivered,4,4,Web
O004536,1,2026-04-11,C00545,P0013,2,5485.64,0.15,Debit Card,Delivered,4,4,web
O003450,1,2025-03-09,C00221,P0119,1,19376.28,0.15,COD,Delivered,1,5,APP
O002829,2,2025-08-21,C01979,P0116,1,11767.64,0.1,Credit Card,Delivered,6,2,Marketplace
O000880,1,2025-02-10,C01453,P0036,2,18950.68,0.1,Credit Card,Delivered,5,3,APP
O000407,1,2025-09-06,C00396,P0070,1,4181.58,0.05,Credit Card,Delivered,8,2,App
O001947,3,2025-05-31,C01836,P0120,1,12437.73,0.1,upi,Delivered,5,4,APP
O002037,2,2025-09-03,C01663,P0084,1,16137.58,0.15,credit card,Delivered,5,3,Web
O006355,1,2025-08-05,C01103,P0061,1,22261.65,0.25,Credit Card,Delivered,2,4,Web
O002878,2,2026-01-29,C01464,P0015,1,22971.52,0,credit card,Delivered,4,4,APP
O002614,1,2026-04-18,C00696,P0074,2,10812.15,0.15,Wallet,Delivered,6,3,App
O006480,1,2026-08-14,C01895,P0076,1,26261.87,0,Cash on Delivery,Cancelled,,,Web
O004063,1,2025-07-22,C00711,P0111,1,1871.01,0.2,UPI,Delivered,4,4,App
O006262,2,2026-04-30,C00672,P0049,1,1459.82,0.15,credit card,Delivered,6,2,App
O000378,2,2026-08-29,C01288,P0054,1,12807.59,0.2,COD,Delivered,7,2,web
O002577,1,2025-02-12,C00136,P0068,2,9142.85,0,upi,Delivered,6,2,Web
O004496,3,2025-02-20,C01235,P0077,2,10623.33,0.2,COD,Delivered,3,,web
O001643,2,2026-08-17,C00669,P0131,2,18660.2,0.2,Credit Card,Delivered,6,3,Marketplace
O001265,2,2025-03-13,C01163,P0077,4,11214.36,0.05,Cash on Delivery,Delivered,5,3,web
O002655,1,2025-10-27,C01200,P0041,1,19710.09,0,credit card,Delivered,1,5,Web
O002187,1,2025-02-05,C01242,P0017,1,3203.69,0,COD,Cancelled,,,APP
O005723,1,2026-06-07,C00736,P0073,1,9263.25,0.05,credit card,Delivered,4,4,Marketplace
O001152,1,2026-07-20,C00617,P0010,1,23051.69,0.1,Credit Card,Delivered,5,3,APP
O001583,1,2026-05-31,C01275,P0033,2,608.12,0.25,COD,Delivered,4,3,Web
O000738,1,2025-08-02,C00398,P0039,2,12604.24,0.05,Cash on Delivery,Delivered,6,2,APP
O000543,2,2025-04-17,C00458,P0120,1,13185.36,0.2,Wallet,Delivered,2,5,Web
O004695,4,2025-02-08,C01758,P0121,2,21260.19,0.25,Cash on Delivery,Delivered,3,4,Marketplace
O000711,1,2025-01-24,C00028,P0102,1,16667.43,0.2,Debit Card,Delivered,7,2,web
O005807,1,2026-04-29,C01302,P0071,2,11434.86,0.05,Debit Card,Delivered,6,3,Marketplace
O006238,1,2025-07-18,C00132,P0088,3,25212.67,0.2,UPI,Delivered,5,3,web
O002531,3,2026-01-14,C01676,P0046,2,4098.1,0.15,UPI,Delivered,6,2,Marketplace
O005192,2,2025-10-17,C01875,P0013,2,5653.26,0.05,Cash on Delivery,Delivered,2,5,App
O003075,2,2026-07-26,C01822,P0012,1,7598.92,0.15,Debit Card,Delivered,6,3,App
O003463,1,2025-08-10,C00877,P0026,1,13646.23,0.15,Credit Card,Delivered,7,2,Web
O001762,2,2025-06-14,C01805,P0051,1,3984.25,0.1,COD,Delivered,4,4,Marketplace
O006081,1,2026-03-11,C02000,P0132,1,19437.35,0.1,Credit Card,Delivered,4,3,web
O000580,2,2026-05-21,C00291,P0013,1,5415.79,0.1,credit card,Cancelled,,,web
O002118,1,2025-11-19,C01164,P0117,1,3600.93,0,Debit Card,Delivered,5,4,App
O002994,1,2026-03-08,C00006,P0083,1,5520.87,0.2,Wallet,Delivered,7,2,Web
O005739,1,2025-04-14,C00055,P0128,1,14130.42,0.15,UPI,Delivered,7,2,Marketplace
O001403,2,2025-11-25,C00521,P0028,2,8594.54,0.25,UPI,Delivered,5,,Marketplace
O002080,1,2025-02-13,C00635,P0007,2,11964.37,0.15,Cash on Delivery,Delivered,4,3,App
O002298,2,2025-04-26,C00227,P0065,1,17854.15,0.15,Wallet,Delivered,4,4,App
O004530,1,2026-02-01,C01236,P0050,2,17339.52,0.1,credit card,Delivered,2,,web
O002602,3,2026-06-14,C00225,P0093,1,22506.73,0,Credit Card,Returned,1,5,App
O004432,1,2026-01-24,C01907,P0108,1,21947.56,0.05,COD,Returned,4,3,App
O001887,1,2026-02-26,C01075,P0062,1,18422.66,0.1,credit card,Delivered,5,3,web
O002681,2,2025-01-17,C01187,P0075,2,11028.77,0.15,credit card,Delivered,4,4,App
O002026,1,2025-10-30,C01842,P0027,2,19048.87,0.3,COD,Cancelled,,,APP
O001947,2,2025-05-31,C01836,P0106,2,2552.75,0.05,upi,Delivered,5,4,APP
O005150,2,2026-01-08,C01733,P0037,3,18836.45,0.15,Cash on Delivery,Delivered,7,2,web
O001510,2,2025-04-25,C01548,P0012,1,8012.58,0.15,Wallet,Delivered,,,web
O003023,1,2026-05-29,C00703,P0034,1,8714.02,0.05,credit card,Delivered,1,5,Marketplace
O002312,3,2026-02-05,C01907,P0023,1,27452.91,0,Debit Card,Delivered,5,,Marketplace
O000521,1,2025-09-18,C01649,P0076,1,27826.37,0.25,Wallet,Delivered,5,4,App
O001024,2,2026-07-08,C00007,P0036,2,18529.34,0.2,Cash on Delivery,Delivered,3,4,Marketplace
O004379,1,2025-07-30,C01974,P0128,1,14371.19,0,UPI,Delivered,4,3,App
O003657,1,2025-11-10,C01046,P0023,1,26490.5,0.2,Debit Card,Delivered,5,3,App
O002602,2,2026-06-14,C00225,P0107,1,24339.41,0,Credit Card,Returned,1,5,App
O005531,2,2025-11-01,C00344,P0066,1,22725.86,0.25,Cash on Delivery,Returned,6,3,Marketplace
O005099,1,2025-09-22,C00128,P0137,1,4846.63,0.05,Credit Card,Delivered,5,3,APP
O001664,1,2026-06-28,C01648,P0091,1,251.96,0.2,COD,Delivered,7,2,Marketplace
O005180,2,2025-01-23,C01406,P0066,1,23037.27,0.25,upi,Delivered,5,3,web
O004595,1,2025-07-17,C01696,P0080,2,22126.53,0,Debit Card,Cancelled,,,Marketplace
O005120,1,2026-02-15,C00845,P0045,2,28196.47,0.25,Debit Card,Returned,4,3,Marketplace
O000650,1,2025-05-27,C00906,P0141,1,13200.08,0.1,COD,Cancelled,,,App
O001960,2,2025-06-14,C00275,P0102,2,16932.17,0.3,credit card,Delivered,5,,web
O000997,2,2025-06-25,C00179,P0080,1,22496.23,0.5,Debit Card,Delivered,3,4,APP
O003207,3,2026-05-19,C01504,P0107,2,23295.25,0.15,COD,Delivered,3,4,Web
O002407,2,2026-05-03,C01369,P0111,5,1858.62,0.2,Debit Card,Delivered,4,3,Web
O001428,2,2025-05-14,C01235,P0124,1,13616.77,0.2,Credit Card,Delivered,7,2,web
O001234,1,2025-03-18,C00822,P0114,2,1228.47,0.2,UPI,Delivered,2,4,Web
O004006,1,2025-05-20,C00402,P0037,1,17661.32,0.15,Credit Card,Cancelled,,,web
O005924,3,2025-11-23,C00006,P0025,2,3909.7,0.15,credit card,Cancelled,,,web
O003236,1,2025-10-15,C00379,P0042,2,7021.54,0.05,credit card,Delivered,4,4,Web
O000212,2,2026-03-06,C01147,P0094,1,6134.1,0.25,UPI,Cancelled,,,APP
O004504,2,2026-05-20,C00333,P0048,1,972.25,0.25,Wallet,Delivered,2,4,App
O000655,4,2025-12-18,C00584,P0067,1,11017.53,0.05,Debit Card,Delivered,7,2,web
O001579,3,2025-04-27,C00369,P0075,1,10576.97,0.15,Credit Card,Delivered,5,2,web
O002900,1,2025-11-20,C00048,P0061,2,21821.94,0,credit card,Delivered,3,4,App
O004326,3,2025-04-05,C01945,P0126,1,2046.45,0.15,COD,Delivered,4,4,Web
O002550,1,2025-04-12,C00648,P0107,2,23048.47,0.05,COD,Delivered,5,3,App
O005418,2,2025-06-21,C01175,P0120,1,13415.72,0.1,COD,Delivered,3,4,Web
O000229,1,2025-03-21,C00125,P0005,1,5088.29,0.15,UPI,Delivered,3,3,App
O001257,4,2026-07-03,C01874,P0083,1,5699.56,0.15,Debit Card,Delivered,2,5,App
O001250,2,2026-02-25,C01510,P0083,2,5559.56,0,UPI,Delivered,5,,Web
O001250,3,2026-02-25,C01510,P0010,3,23638.43,0,UPI,Delivered,5,,Web
O004559,1,2025-10-07,C00017,P0073,2,8942.75,0,Credit Card,Delivered,,,Marketplace
O002917,1,2025-04-19,C00004,P0111,1,1915.8,0.1,Wallet,Delivered,4,4,App
O004447,1,2026-01-08,C01157,P0120,1,12535.49,0.15,credit card,Delivered,2,5,Web
O001467,1,2025-04-14,C01514,P0024,1,20112.1,0.2,Cash on Delivery,Delivered,7,1,APP
O003728,3,2025-07-24,C00680,P0091,1,258.13,0.05,credit card,Delivered,6,3,Web
O000704,2,2025-10-20,C00020,P0075,3,10539.87,0.2,Credit Card,Delivered,,,Marketplace
O006278,3,2026-07-07,C00255,P0063,2,17042.05,0.15,Debit Card,Delivered,1,5,Marketplace
O003339,2,2025-10-06,C00224,P0006,1,20930.84,0.05,Cash on Delivery,Delivered,6,3,web
O005443,2,2026-03-24,C01873,P0137,2,4636.36,0.25,COD,Delivered,4,3,App
O001580,1,2026-06-17,C01767,P0056,5,10574.96,0.1,Cash on Delivery,Cancelled,,,web
O003886,2,2025-02-27,C01035,P0106,1,2593.75,0.05,Debit Card,Delivered,3,4,App
O002383,2,2026-08-08,C01565,P0030,1,14842.67,0.1,Wallet,Delivered,6,2,App
O000230,1,2026-07-31,C00571,P0057,3,4571.85,0,Cash on Delivery,Delivered,5,2,APP
O005479,2,2025-01-13,C01982,P0129,1,15166.08,0.2,Credit Card,Delivered,5,3,web
O003596,1,2026-01-04,C01416,P0082,1,15324.72,0.2,Debit Card,Delivered,,,Web
O002218,1,2025-10-22,C00797,P0055,3,9088.4,0,COD,Delivered,3,4,APP
O003820,1,2025-01-04,C01810,P0110,1,8740.96,0.05,UPI,Delivered,6,2,App
O004324,1,2025-07-24,C01332,P0087,1,6570.56,0.2,credit card,Delivered,5,3,Web
O004712,2,2026-06-23,C00865,P0024,2,20171.1,0.1,Credit Card,Delivered,3,4,web
O006403,1,2026-02-11,C00730,P0021,2,22284.67,0,COD,Delivered,7,2,APP
O006305,2,2025-01-24,C00544,P0025,2,3926.44,0.15,Debit Card,Delivered,4,3,web
O001415,1,2025-06-18,C00149,P0007,4,11769.53,0,upi,Delivered,4,3,App
O002883,1,2025-08-17,C01816,P0093,3,23669.04,0.15,Credit Card,Delivered,,,Web
O000116,1,2025-03-12,C00535,P0100,1,13293.75,0.05,Debit Card,Delivered,7,1,APP
O005086,2,2025-06-14,C01120,P0091,4,243.16,0.05,Wallet,Returned,4,3,web
O005043,1,2025-12-09,C01008,P0010,1,22970.77,0.05,Debit Card,Delivered,2,4,App
O003830,1,2026-01-30,C01287,P0116,1,0,0.2,Wallet,Delivered,6,2,Marketplace
O001967,1,2025-01-02,C00991,P0061,3,23040.01,0.05,Credit Card,Delivered,3,,Marketplace
O001009,1,2025-11-01,C00627,P0108,2,21861.06,0.05,Wallet,Delivered,7,2,web
O004783,1,2025-12-13,C00769,P0103,1,26702.61,0.1,credit card,Delivered,3,3,APP
O003540,2,2026-04-09,C01735,P0128,1,13865.56,0.3,COD,Delivered,3,3,web
O002309,1,2025-04-09,C00829,P0099,1,20786.22,0.25,upi,Returned,5,3,web
O003686,3,2025-07-27,C00311,P0142,5,11741.83,0.05,UPI,Delivered,5,3,APP
O005786,3,2026-07-28,C01855,P0025,1,3871.65,0.25,Debit Card,Delivered,3,3,web
O003663,2,2026-08-13,C00840,P0106,1,2503.0,0.15,UPI,Delivered,3,4,Web
O002126,3,2025-05-17,C01932,P0094,1,6328.22,0.1,Credit Card,Delivered,4,4,App
O001616,1,2025-01-25,C01342,P0062,2,17858.61,0.25,COD,Delivered,4,4,web
O006267,1,2026-08-13,C00473,P0010,1,23578.41,0.2,Credit Card,Delivered,5,3,App
O000765,3,2026-08-28,C01393,P0088,1,25872.29,0.15,COD,Delivered,2,4,Marketplace
O001753,2,2025-11-12,C00999,P0049,1,1442.31,0.2,Wallet,Delivered,5,3,APP
O004228,1,2026-06-28,C01956,P0081,1,22466.75,0.2,Credit Card,Delivered,2,5,web
O002497,1,2025-02-03,C01363,P0034,5,8277.64,0.25,Cash on Delivery,Cancelled,,,Web
O003269,3,2026-04-28,C01435,P0138,2,1027.76,0.25,Credit Card,Delivered,5,4,Web
O003427,1,2025-10-30,C01682,P0132,1,18315.21,0.3,Cash on Delivery,Delivered,5,,APP
O002670,3,2025-12-01,C00837,P0099,1,20150.07,0.05,Cash on Delivery,Cancelled,,,APP
O001763,3,2026-02-22,C00700,P0039,1,11849.5,0.3,UPI,Delivered,4,3,web
O003133,2,2025-11-05,C00969,P0126,1,2090.8,0.25,Credit Card,Delivered,4,4,web
O002838,2,2026-04-07,C00591,P0082,1,14995.29,0.2,upi,Delivered,4,3,web
O005875,1,2025-08-06,C00425,P0069,1,11916.41,0.15,Credit Card,Returned,9,2,web
O004473,1,2026-02-02,C01821,P0007,2,11971.41,0.05,credit card,Delivered,4,3,web
O002467,1,2025-10-20,C01678,P0123,1,9049.57,0.2,Credit Card,Delivered,6,2,APP
O002341,2,2025-01-21,C00556,P0022,1,5495.12,0.1,Debit Card,Delivered,4,3,Web
O003356,1,2025-01-18,C00167,P0022,3,5283.12,0,UPI,Delivered,7,2,App
O004434,1,2025-11-10,C00053,P0056,1,10919.89,0.25,Cash on Delivery,Returned,3,4,Marketplace
O000845,1,2026-07-07,C00767,P0010,1,23894.19,0.15,upi,Delivered,3,3,web
O005408,3,2025-09-01,C00797,P0115,1,4650.14,0.05,Cash on Delivery,Delivered,7,2,App
O001257,3,2026-07-03,C01874,P0100,1,13958.05,0.1,Debit Card,Delivered,2,5,App
O000831,1,2026-04-17,C01029,P0034,1,8492.61,0.3,UPI,Delivered,3,4,App
O004880,1,2025-09-16,C01843,P0111,2,1892.53,0.2,Cash on Delivery,Delivered,2,5,APP
O005698,1,2025-08-11,C00063,P0066,1,22738.9,0.5,Cash on Delivery,Delivered,5,3,App
O005435,2,2025-05-08,C00048,P0024,3,20914.88,0.05,Wallet,Delivered,3,4,App
O003925,1,2026-07-27,C01928,P0108,1,21078.4,0.15,Cash on Delivery,Delivered,4,4,Web
O000809,2,2026-06-16,C00667,P0144,1,7965.92,0.15,Debit Card,Delivered,3,,Web
O006319,2,2026-03-20,C01181,P0039,1,11874.59,0.65,upi,Delivered,4,4,App
O005627,2,2026-01-27,C00690,P0048,5,1004.75,0.25,Cash on Delivery,Delivered,5,3,Marketplace
O005284,1,2025-10-22,C00514,P0102,1,16066.2,0.2,UPI,Delivered,4,3,web
O001349,1,2026-03-11,C01867,P0053,1,7158.23,0.2,Credit Card,Cancelled,,,web
O001739,3,2025-05-24,C00795,P0049,1,1447.48,0.2,credit card,Delivered,3,4,APP
O005425,1,2026-06-13,C01712,P0038,1,333.11,0.1,upi,Delivered,4,4,web
O005784,1,2025-12-17,C01835,P0033,2,635.38,0.05,Wallet,Delivered,5,3,Web
O005967,1,2025-10-26,C01397,P0072,1,12681.67,0.25,Wallet,Cancelled,,,APP
O003408,1,2026-08-05,C00389,P0023,1,27514.55,0.2,Debit Card,Delivered,5,4,Marketplace
O001613,1,2025-08-14,C00138,P0030,3,14269.58,0.15,Cash on Delivery,Delivered,3,5,web
O000553,1,2025-05-31,C01727,P0116,2,11685.5,0.15,Debit Card,Delivered,4,3,web
O006269,3,2026-07-24,C01336,P0088,1,25787.88,0.05,Cash on Delivery,Delivered,5,3,web
O000015,2,2025-04-04,C01566,P0043,2,15506.63,0,upi,Delivered,3,3,APP
O002153,2,2025-09-27,C00228,P0077,2,10945.09,0.05,Credit Card,Delivered,3,4,Marketplace
O005261,3,2026-05-08,C01708,P0045,1,28583.27,0.2,Debit Card,Delivered,6,2,Marketplace
O000986,3,2026-01-08,C00744,P0020,2,25372.26,0.1,upi,Delivered,5,3,Web
O002176,2,2025-12-06,C01350,P0016,2,20609.07,0.05,upi,Delivered,6,2,Marketplace
O002652,1,2025-08-14,C01835,P0075,2,10753.7,0.05,Wallet,Delivered,4,4,App
O000889,1,2025-04-27,C01103,P0104,1,4922.64,0.05,UPI,Delivered,4,4,web
O001653,2,2025-06-24,C00627,P0035,1,17428.89,0.25,credit card,Delivered,6,2,Marketplace
O004202,3,2025-10-05,C01550,P0097,1,3461.16,0.3,COD,Delivered,1,5,Marketplace
O003460,1,2025-07-12,C00412,P0083,3,5699.1,0.05,Wallet,Delivered,4,3,web
O001362,1,2025-07-17,C00589,P0144,3,7979.25,0.05,COD,Delivered,4,3,web
O004076,1,2026-05-09,C01026,P0057,2,4695.83,0,Credit Card,Returned,4,3,APP
O000132,2,2025-08-17,C01341,P0041,3,19884.52,0.1,UPI,Delivered,6,2,App
O003461,1,2025-12-09,C01334,P0011,3,17404.97,0.15,Cash on Delivery,Delivered,7,2,Marketplace
O006068,1,2025-12-13,C00971,P0141,4,12668.39,0.15,UPI,Delivered,2,4,web
O002677,3,2025-05-26,C01785,P0025,1,3900.63,0.15,Credit Card,Delivered,3,4,App
O004005,1,2025-05-27,C01422,P0099,1,19427.36,0.05,Wallet,Delivered,7,2,App
O004532,3,2025-10-01,C01041,P0101,1,8219.08,0,upi,Delivered,4,3,APP
O005813,3,2026-01-28,C01434,P0010,4,22688.82,0.05,Debit Card,Delivered,5,4,APP
O003023,3,2026-05-29,C00703,P0032,5,20562.01,0.15,credit card,Delivered,1,5,Marketplace
O001432,1,2025-12-29,C01650,P0125,1,4534.72,0.05,Debit Card,Cancelled,,,Web
O002918,1,2025-03-29,C00290,P0076,1,25811.6,0.5,credit card,Delivered,7,2,APP
O005865,1,2025-12-31,C00842,P0103,1,28283.18,0,UPI,Delivered,1,4,Web
O006436,3,2025-07-05,C01353,P0016,1,19630.06,0.25,COD,Delivered,7,2,APP
O000336,2,2026-04-02,C00028,P0026,1,14151.32,0.25,Wallet,Delivered,4,4,APP
O001841,1,2026-03-07,C01007,P0053,4,7494.97,0.5,Debit Card,Delivered,3,4,web
O003814,1,2025-05-12,C01914,P0080,1,22712.88,0.05,Cash on Delivery,Returned,4,4,APP
O001433,1,2025-06-30,C01305,P0139,1,3519.67,0,Credit Card,Cancelled,,,Web
O000970,1,2025-10-19,C01473,P0015,1,21645.69,0.3,Cash on Delivery,Delivered,3,4,Marketplace
O004486,2,2026-03-13,C00252,P0078,1,26279.1,0.2,Cash on Delivery,Delivered,3,4,App
O006476,2,2025-02-05,C00437,P0107,1,23268.94,0.2,COD,Delivered,7,2,Web
O000505,1,2025-03-13,C00123,P0108,1,22133.39,0.2,Debit Card,Delivered,1,5,Marketplace
O003990,2,2025-07-12,C01579,P0102,1,16640.61,0,credit card,Returned,4,4,web
O003805,1,2026-07-18,C00342,P0073,2,8770.81,0.1,credit card,Delivered,7,2,Web
O001659,1,2025-06-06,C01180,P0072,1,12100.93,0.15,Debit Card,Delivered,3,3,web
O002589,3,2026-02-18,C00900,P0104,1,5191.31,0.1,UPI,Delivered,7,1,APP
O001917,1,2025-12-24,C01279,P0087,2,6582.46,0.05,Wallet,Delivered,4,4,APP
O001229,3,2025-04-25,C00798,P0088,1,26054.22,0.2,Cash on Delivery,Delivered,3,4,Marketplace
O001393,1,2026-02-06,C00426,P0105,1,24745.5,0.05,,Delivered,2,5,APP
O003056,1,2025-02-22,C00783,P0079,3,7699.48,0,Credit Card,Delivered,3,3,App
O003645,1,2025-10-07,C01607,P0068,1,9414.51,0,COD,Delivered,7,2,Marketplace
O002753,1,2025-12-25,C00467,P0004,1,18219.86,0.2,Cash on Delivery,Returned,3,4,APP
O000446,3,2025-07-09,C01965,P0068,1,8978.15,0.65,Debit Card,Delivered,5,3,APP
O005778,1,2025-04-08,C00418,P0050,1,18444.75,0.1,credit card,Delivered,4,4,web
O000850,1,2026-02-20,C01366,P0135,1,3323.68,0.1,UPI,Delivered,2,4,Web
O000635,2,2026-08-14,C00201,P0044,1,13497.62,0,UPI,Delivered,5,4,Web
O004270,1,2025-08-15,C00763,P0144,1,8473.32,0.2,Credit Card,Delivered,4,4,web
O003289,2,2025-12-11,C00700,P0030,1,14584.21,0.2,Credit Card,Delivered,6,3,APP
O006319,1,2026-03-20,C01181,P0070,3,4191.83,0.1,upi,Delivered,4,4,App
O003411,1,2026-08-24,C00773,P0081,2,22948.12,0.1,UPI,Delivered,5,4,web
O003871,1,2025-07-20,C01177,P0018,1,14658.97,0,Debit Card,Delivered,5,3,APP
O001987,1,2025-06-12,C00856,P0120,2,12696.1,0.1,COD,Delivered,6,2,Marketplace
O004657,1,2025-11-04,C00939,P0099,1,20107.18,0,Credit Card,Delivered,3,4,web
O005931,1,2025-07-06,C00077,P0112,1,21530.97,0.15,Credit Card,Delivered,5,3,APP
O001638,1,2025-06-26,C01509,P0133,1,3916.09,0.15,Credit Card,Delivered,3,4,APP
O002603,1,2025-05-05,C01746,P0073,2,9241.95,0.2,upi,Delivered,2,4,App
O005151,1,2025-08-16,C00625,P0055,1,9497.87,0.2,Wallet,Delivered,5,2,web
O005343,2,2026-08-18,C01475,P0061,2,23065.44,0.1,Wallet,Cancelled,,,Marketplace
O001411,1,2026-03-20,C00170,P0017,1,3238.73,0.1,Cash on Delivery,Returned,2,4,web
O000281,4,2026-05-17,C01016,P0023,2,27470.03,0.05,Credit Card,Delivered,7,2,App
O006030,1,2026-08-05,C00394,P0014,3,5516.98,0.1,COD,Delivered,6,3,Web
O001405,2,2026-06-02,C00618,P0140,1,13699.44,0,COD,Delivered,7,3,web
O001596,1,2025-03-25,C00883,P0006,1,20806.12,0.1,UPI,Delivered,2,4,Web
O002418,2,2025-07-26,C00863,P0031,1,22354.49,0.05,UPI,Returned,6,2,web
O001744,1,2025-11-23,C00222,P0003,1,19812.05,0,credit card,Delivered,1,5,Marketplace
O002885,1,2025-03-30,C00088,P0060,1,17179.84,0.05,UPI,Delivered,4,3,App
O003874,2,2026-02-05,C00974,P0075,1,10705.64,0.15,credit card,Delivered,4,3,APP
O002149,1,2026-01-01,C01588,P0136,2,13992.98,0.1,upi,Delivered,5,3,APP
O005238,2,2025-07-18,C01057,P0118,1,3004.73,0.25,credit card,Delivered,5,3,Marketplace
O003684,1,2025-10-06,C01450,P0143,1,4148.78,0.05,Wallet,Returned,6,2,App
O005713,1,2025-03-22,C01938,P0107,2,22931.3,0,Cash on Delivery,Delivered,6,3,APP
O005082,1,2026-05-28,C00627,P0080,2,21770.01,0.25,UPI,Delivered,5,2,APP
O001749,2,2026-07-28,C01917,P0068,1,8967.89,0.25,upi,Delivered,4,3,Marketplace
O004775,2,2025-11-08,C00002,P0036,1,18257.95,0,credit card,Delivered,4,4,Web
O002411,2,2025-07-01,C01560,P0075,3,11027.44,0.65,UPI,Delivered,7,2,App
O000211,2,2025-05-21,C01597,P0110,1,8422.0,0.1,UPI,Delivered,2,4,APP
O000821,2,2025-07-25,C00163,P0024,1,21535.06,0.25,COD,Delivered,5,3,Web
O001481,3,2025-03-10,C00605,P0019,1,25454.91,0.3,Debit Card,Returned,2,4,App
O001277,1,2026-05-05,C00837,P0113,3,3149.8,0.05,UPI,Delivered,4,4,Marketplace
O002163,3,2025-11-07,C00766,P0142,1,12075.41,0.2,COD,Delivered,5,3,Web
O005591,1,2026-01-22,C01537,P0131,1,19146.25,0.1,upi,Delivered,6,3,Marketplace
O005625,1,2025-02-26,C00387,P0119,1,19831.59,0,Wallet,Delivered,4,4,Web
O002608,1,2025-11-08,C01114,P0088,1,24732.52,0.1,COD,Delivered,4,4,web
O003800,1,2026-06-18,C01652,P0111,1,1911.13,0.15,upi,Delivered,4,3,Web
O001233,1,2025-10-21,C01816,P0062,5,18088.45,0.1,Debit Card,Delivered,3,,web
O004100,3,2025-08-22,C01701,P0139,2,3584.55,0.05,UPI,Delivered,6,2,App
O001933,1,2026-03-22,C00202,P0002,1,10689.19,0,Debit Card,Delivered,5,3,APP
O001307,3,2026-03-06,C01729,P0078,3,26443.45,0.05,Cash on Delivery,Delivered,,,Web
O000337,2,2025-10-08,C01456,P0054,1,13059.5,0.05,Debit Card,Delivered,6,2,App
O000700,1,2026-04-06,C01006,P0094,1,6177.33,0.15,Wallet,Delivered,1,4,App
O002084,1,2025-10-14,C00451,P0129,1,14784.92,0.05,Debit Card,Delivered,6,2,Marketplace
O002536,2,2025-01-23,C01108,P0116,2,11591.44,0.65,upi,Delivered,3,5,Web
O002944,1,2025-10-28,C00394,P0047,1,29522.05,0.2,Debit Card,Delivered,6,3,Web
O002343,1,2025-03-12,C01391,P0048,1,945.8,0.2,Cash on Delivery,Delivered,1,5,web
O002870,1,2026-08-15,C00232,P0075,1,0,0.1,credit card,Returned,3,4,web
O005586,1,2026-06-29,C00059,P0031,1,21999.42,0.05,credit card,Delivered,4,3,Marketplace
O005488,1,2025-07-27,C01824,P0103,1,26217.9,0.25,upi,Delivered,2,4,Marketplace
O003216,1,2026-08-17,C01409,P0093,1,22418.74,0.1,Credit Card,Delivered,6,2,App
O006478,2,2025-01-26,C01714,P0047,2,28485.73,0.15,upi,Delivered,2,5,Web
O001844,3,2025-10-19,C01147,P0020,1,26387.07,0.3,Wallet,Cancelled,,,web
O000270,3,2026-01-18,C00441,P0094,3,6152.5,0.1,UPI,Delivered,7,2,Marketplace
O000693,2,2026-02-21,C00373,P0123,1,9294.52,0,credit card,Delivered,6,3,APP
O003298,1,2025-12-02,C00835,P0087,3,6775.83,0.1,Credit Card,Delivered,7,3,Web
O005134,1,2026-08-03,C00777,P0095,1,16190.21,0.1,credit card,Cancelled,,,Web
O000476,2,2026-07-16,C01554,P0040,1,13434.66,0,Credit Card,Delivered,4,4,web
O000940,2,2026-05-12,C01979,P0024,1,21353.24,0.2,credit card,Delivered,4,4,web
O004001,2,2025-07-14,C00437,P0089,1,18486.51,0,Wallet,Delivered,,,Web
O006178,1,2026-07-21,C01062,P0038,1,338.71,0,COD,Delivered,5,2,Marketplace
O003685,2,2025-03-06,C01073,P0143,1,4138.55,0.05,Credit Card,Delivered,3,4,Marketplace
O002644,4,2025-04-13,C00751,P0037,1,17913.87,0.1,credit card,Delivered,6,2,Web
O003580,1,2026-05-12,C01259,P0094,1,6177.26,0.15,Credit Card,Delivered,5,,App
O005299,1,2026-06-24,C01818,P0087,1,6878.72,0.1,Wallet,Delivered,5,4,APP
O002438,1,2025-03-15,C00120,P0009,2,14079.85,0.1,Cash on Delivery,Delivered,7,2,App
O003619,1,2025-11-02,C01724,P0029,1,4980.92,0.1,Debit Card,Delivered,5,2,web
O001054,1,2026-06-21,C01688,P0093,1,22683.09,0.15,Credit Card,Cancelled,,,APP
O003978,1,2025-04-05,C00239,P0068,1,9671.96,0.1,Wallet,Delivered,5,2,App
O000468,2,2026-03-02,C00537,P0131,1,18633.64,0.1,Debit Card,Delivered,7,2,web
O006492,1,2026-04-06,C00385,P0069,3,11744.32,0.15,Debit Card,Delivered,9,1,Web
O000612,1,2025-09-08,C01779,P0019,2,25264.28,0.2,Wallet,Delivered,6,2,App
O003819,1,2026-06-03,C01801,P0078,2,26368.44,0,upi,Delivered,6,2,App
O005015,2,2025-08-24,C00276,P0039,1,12472.04,0.2,Debit Card,Delivered,5,3,APP
O005417,1,2026-03-22,C01797,P0067,1,10604.9,0.15,Credit Card,Returned,3,4,web
O005996,3,2026-02-02,C01429,P0019,1,25735.73,0.3,UPI,Delivered,2,5,web
O000779,2,2025-09-06,C01817,P0008,2,23341.82,0.15,Wallet,Delivered,5,3,APP
O005859,1,2025-03-19,C01013,P0140,1,13796.8,0.1,Credit Card,Delivered,8,1,App
O000144,3,2025-10-07,C01375,P0069,2,11620.11,0.15,UPI,Delivered,4,3,web
O005163,3,2025-08-08,C00373,P0111,1,1817.71,0.1,COD,Delivered,6,3,web
O005752,1,2025-11-22,C00786,P0036,3,17878.07,0.1,UPI,Delivered,,,Marketplace
O000137,2,2026-07-17,C00041,P0001,1,9551.43,0.05,Cash on Delivery,Delivered,6,2,web
O000226,3,2025-12-14,C00706,P0067,1,11241.45,0.2,Cash on Delivery,Delivered,3,3,App
O004773,1,2026-07-13,C01148,P0089,1,17785.83,0.05,Cash on Delivery,Delivered,5,2,App
O004487,1,2025-04-11,C00579,P0054,2,13037.35,0.1,UPI,Delivered,3,3,App
O001817,1,2025-07-23,C01729,P0012,2,8053.27,0.05,credit card,Returned,,,Web
O000890,1,2026-02-05,C01476,P0061,1,22093.94,0.1,COD,Delivered,4,4,Web
O000273,1,2026-02-25,C01155,P0117,1,3554.99,0.25,UPI,Delivered,6,2,web
O004238,3,2025-02-14,C01339,P0050,1,17286.78,0.3,UPI,Delivered,5,3,web
O004957,1,2025-04-22,C01356,P0102,4,16444.03,0,upi,Delivered,4,,Marketplace
O003021,3,2025-09-12,C00733,P0101,1,8379.67,0.15,Credit Card,Delivered,4,3,App
O004639,1,2025-09-01,C01867,P0040,3,13243.39,0,COD,Delivered,4,4,APP
O003647,2,2026-01-22,C00171,P0116,1,12251.07,0.1,credit card,Delivered,3,4,Web
O002594,1,2025-04-27,C01910,P0076,2,27136.2,0.15,COD,Returned,3,,App
O001683,1,2025-03-02,C00388,P0077,1,10731.01,0.2,UPI,Cancelled,,,App
O005435,4,2025-05-08,C00048,P0013,2,5628.21,0,Wallet,Delivered,3,4,App
O000958,1,2025-05-05,C00034,P0049,1,1476.41,0.15,credit card,Delivered,5,2,Web
O002767,1,2026-07-06,C00317,P0083,2,5643.21,0.05,UPI,Returned,5,3,web
O002688,1,2026-01-05,C01175,P0041,1,20766.76,0.15,COD,Delivered,7,2,Web
O000042,2,2026-07-18,C01314,P0026,2,14533.02,0.3,COD,Delivered,,,Web
O002683,2,2025-01-29,C00787,P0121,1,21099.07,0.2,upi,Delivered,2,4,APP
O003161,2,2025-04-16,C01827,P0106,4,2435.22,0,upi,Delivered,4,3,APP
O004223,2,2025-09-01,C00747,P0113,1,3133.51,0.2,credit card,Delivered,5,4,APP
O006284,1,2026-07-28,C01136,P0131,1,19019.25,0,Credit Card,Delivered,2,4,APP
O005600,1,2025-01-31,C01305,P0049,1,1396.88,0.15,upi,Delivered,4,3,Web
O001559,2,2026-05-11,C01669,P0058,3,13473.12,0.1,UPI,Delivered,4,4,Web
O006407,1,2026-04-11,C01984,P0004,2,19158.54,0.2,Wallet,Cancelled,,,web
O002155,2,2025-02-19,C00696,P0103,1,27393.75,0.3,UPI,Delivered,1,,Web
O004404,4,2026-03-25,C01660,P0044,1,13685.08,0.2,credit card,Delivered,5,,Marketplace
O002515,1,2026-06-11,C00568,P0054,1,12393.7,0.05,upi,Delivered,2,4,APP
O003041,3,2025-01-15,C00219,P0114,1,1215.46,0.05,credit card,Delivered,4,,App
O000769,1,2025-06-01,C00661,P0100,2,14165.02,0.05,Credit Card,Delivered,3,3,APP
O006086,1,2025-11-22,C00678,P0101,3,8122.71,0.25,Debit Card,Cancelled,,,Web
O001222,1,2026-04-05,C00892,P0115,1,4625.34,0.15,Wallet,Cancelled,,,App
O004289,1,2026-04-16,C01865,P0004,1,18477.07,0.2,Cash on Delivery,Returned,3,3,web
O003244,1,2025-02-05,C00489,P0128,1,14655.65,0.2,upi,Delivered,4,3,APP
O005110,1,2025-02-17,C01071,P0097,1,3534.44,0.65,Cash on Delivery,Delivered,7,,Marketplace
O003836,1,2026-06-15,C01054,P0112,1,21660.21,0,Debit Card,Delivered,4,4,Marketplace
O006433,3,2026-07-15,C01402,P0089,1,18447.44,0.15,credit card,Delivered,2,,web
O005507,2,2025-05-15,C01420,P0101,1,8129.76,0.15,Credit Card,Returned,7,2,Web
O000530,1,2025-03-25,C01921,P0129,4,14507.47,0.15,COD,Delivered,4,3,Web
O006493,1,2026-02-25,C01900,P0043,1,16375.45,0.3,credit card,Delivered,3,3,Web
O000257,3,2025-08-28,C00828,P0096,1,2927.1,0.2,upi,Delivered,6,3,Web
O001144,2,2025-05-04,C00139,P0043,1,16093.43,0.1,COD,Delivered,6,2,APP
O003130,1,2025-07-27,C00740,P0047,1,29337.26,0.2,upi,Delivered,4,4,APP
O001151,1,2025-11-07,C01188,P0110,2,8172.04,0.05,Cash on Delivery,Delivered,6,3,web
O002447,1,2025-06-27,C00099,P0127,5,13831.87,0,Cash on Delivery,Delivered,4,3,web
O002215,1,2025-01-18,C01084,P0086,3,3638.21,0.05,Cash on Delivery,Delivered,3,4,APP
O004705,2,2026-02-05,C00502,P0004,1,17934.61,0.25,UPI,Cancelled,,,Marketplace
O002882,2,2025-03-04,C00292,P0023,2,25707.32,0.1,Cash on Delivery,Delivered,3,3,Web
O000558,1,2026-05-29,C00799,P0042,1,6732.06,0,credit card,Delivered,2,4,App
O000283,3,2025-03-15,C01611,P0062,1,17939.55,0.2,UPI,Delivered,5,3,Marketplace
O002254,2,2025-10-20,C00304,P0118,1,2978.05,0.05,Cash on Delivery,Returned,5,3,App
O002736,2,2025-04-24,C00853,P0102,1,16945.72,0.15,upi,Delivered,4,3,web
O001806,3,2025-07-14,C00324,P0012,1,7718.63,0.2,Wallet,Delivered,4,4,Marketplace
O001012,1,2025-06-09,C01795,P0127,3,14568.74,0.1,Cash on Delivery,Cancelled,,,web
O003040,2,2025-05-22,C01452,P0085,1,9877.48,0,Wallet,Delivered,3,4,App
O005525,1,2026-06-11,C01729,P0062,1,19284.48,0.1,Debit Card,Delivered,5,3,Web
O004546,1,2026-01-05,C01640,P0046,1,3984.51,0.25,UPI,Cancelled,,,Marketplace
O006126,4,2026-06-25,C00313,P0031,1,22610.52,0,upi,Delivered,3,4,App
O000819,1,2025-06-08,C01867,P0093,4,23644.91,0.05,Credit Card,Delivered,6,3,web
O000607,2,2025-12-12,C00658,P0010,1,22620.85,0.2,UPI,Delivered,6,3,Web
O005002,1,2026-07-31,C01793,P0044,3,13024.73,0.2,credit card,Delivered,5,4,APP
O002305,1,2026-05-13,C01608,P0033,2,647.93,0.25,Wallet,Delivered,3,3,APP
O000514,1,2025-02-12,C01500,P0099,1,20325.98,0.25,credit card,Delivered,5,3,Marketplace
O005899,3,2025-03-12,C01699,P0080,3,22016.81,0,upi,Delivered,5,2,Marketplace
O005233,1,2025-10-24,C01377,P0023,1,27500.16,0.15,upi,Delivered,1,5,APP
O004889,1,2026-06-11,C01054,P0117,1,3497.49,0.2,Debit Card,Delivered,2,5,APP
O002069,4,2025-07-07,C00199,P0078,1,25034.43,0.15,Wallet,Delivered,3,4,Marketplace
O004480,1,2025-02-05,C01025,P0086,1,3776.88,0.05,Cash on Delivery,Delivered,7,2,Marketplace
O001982,1,2025-08-14,C00224,P0132,1,19085.86,0.1,COD,Delivered,1,5,App
O000322,2,2026-08-13,C01798,P0054,2,13166.48,0.1,Debit Card,Delivered,4,4,Web
O004693,2,2026-07-11,C00307,P0015,2,22458.65,0.3,Cash on Delivery,Delivered,6,2,App
O004302,1,2025-02-18,C01404,P0065,2,17222.61,0.2,upi,Returned,6,3,App
O002009,1,2026-02-04,C00822,P0116,5,12075.97,0,upi,Cancelled,,,Marketplace
O001761,1,2025-03-26,C01291,P0114,1,1217.11,0,credit card,Delivered,3,4,Web
O003809,2,2025-11-24,C00468,P0141,1,12531.27,0.15,Credit Card,Delivered,2,4,App
O004378,1,2025-10-08,C00172,P0128,1,14255.93,0.15,Wallet,Delivered,6,2,APP
O004987,3,2025-09-06,C01719,P0012,2,8126.41,0.05,credit card,Delivered,3,3,web
O005748,1,2026-07-06,C00508,P0124,3,13398.59,0.5,Debit Card,Delivered,3,4,web
O004876,1,2025-01-11,C01640,P0063,1,17707.57,0,upi,Delivered,4,3,App
O005379,2,2025-03-24,C00423,P0110,2,8351.78,0.05,Debit Card,Delivered,4,4,Marketplace
O005834,2,2026-08-26,C00566,P0069,4,11189.99,0.1,UPI,Cancelled,,,App
O001063,2,2026-08-16,C00365,P0092,1,4166.5,0,Credit Card,Delivered,6,2,Marketplace
O003068,1,2025-09-26,C00549,P0101,3,8357.95,0.3,upi,Delivered,2,4,Marketplace
O002136,1,2026-08-11,C00104,P0074,1,11039.61,0,Wallet,Delivered,7,2,Marketplace
O003892,1,2025-01-12,C01330,P0008,2,21910.99,0.25,UPI,Delivered,6,3,web
O002209,1,2026-03-22,C00016,P0081,1,23084.74,0,Cash on Delivery,Delivered,4,4,Marketplace
O004612,1,2026-05-04,C00331,P0047,3,27839.42,0.05,UPI,Delivered,,,Marketplace
O003119,1,2025-05-02,C00820,P0109,1,0,0.05,UPI,Delivered,4,4,Web
O006154,2,2026-08-06,C01556,P0005,1,5228.42,0.2,Wallet,Delivered,2,5,web
O004040,2,2025-07-12,C01284,P0043,2,15686.63,0.25,Credit Card,Delivered,4,4,Marketplace
O001920,1,2026-08-04,C01120,P0143,1,4032.42,0.05,,Delivered,5,3,App
O005537,2,2025-11-20,C00039,P0028,1,8589.34,0.25,Credit Card,Delivered,4,4,APP
O003993,1,2026-08-17,C01776,P0051,4,4275.63,0.15,Cash on Delivery,Cancelled,,,Web
O002418,1,2025-07-26,C00863,P0077,1,11078.99,0.1,UPI,Returned,6,2,web
O003308,2,2026-03-07,C00269,P0034,1,8469.2,0.3,COD,Delivered,4,3,Web
O005240,1,2026-03-27,C00567,P0106,1,2569.15,0.15,Credit Card,Delivered,4,4,APP
O000195,3,2025-09-02,C00569,P0070,3,4264.37,0.1,UPI,Delivered,5,,web
O002650,2,2025-06-13,C01150,P0121,2,22521.24,0.15,upi,Delivered,3,4,App
O002942,2,2026-06-19,C01339,P0100,1,13602.04,0.1,credit card,Delivered,4,3,web
O001399,1,2025-06-27,C00893,P0132,1,18658.51,0.05,UPI,Delivered,3,3,App
O000421,2,2026-08-17,C01194,P0103,1,27471.73,0.1,upi,Delivered,3,4,web
O003882,2,2025-03-09,C01074,P0126,3,2080.38,0.1,UPI,Delivered,1,4,web
O002382,1,2026-03-11,C00468,P0022,1,5199.68,0.25,UPI,Delivered,5,3,Web
O001536,2,2025-01-28,C00773,P0038,1,343.61,0,UPI,Delivered,7,2,Web
O004558,2,2026-08-30,C00056,P0027,1,19982.05,0.05,,Delivered,4,3,Marketplace
O005923,1,2026-08-12,C00997,P0057,1,4738.42,0.2,upi,Returned,4,3,web
O005206,1,2026-08-01,C00265,P0011,3,17140.8,0,Wallet,Delivered,6,3,Web
O005347,1,2026-07-09,C00509,P0070,2,4280.64,0.05,Credit Card,Delivered,3,4,App
O002441,2,2025-11-08,C01945,P0119,1,19335.56,0,COD,Delivered,6,3,APP
O004593,1,2025-11-07,C01488,P0053,2,7621.64,0.1,Credit Card,Delivered,4,3,APP
O006213,2,2025-03-14,C00765,P0134,2,17974.38,0.05,UPI,Delivered,6,3,Marketplace
O002990,1,2026-03-31,C01702,P0042,2,6936.79,0.1,Debit Card,Delivered,5,,Web
O000801,2,2026-02-09,C00957,P0111,2,1900.8,0.2,Cash on Delivery,Delivered,5,3,Web
O000313,1,2025-03-18,C01353,P0087,1,6354.92,0,upi,Cancelled,,,Web
O000148,2,2025-04-19,C01134,P0004,1,19320.7,0.1,credit card,Delivered,5,3,App
O005947,1,2025-05-23,C00703,P0102,1,16573.27,0.2,upi,Delivered,5,3,APP
O006376,1,2025-12-19,C01734,P0123,1,8809.88,0.15,UPI,Delivered,4,3,web
O004753,2,2025-04-26,C00022,P0085,2,10420.32,0.3,COD,Delivered,5,2,web
O002736,1,2025-04-24,C00853,P0113,1,2986.66,0.15,upi,Delivered,4,3,web
O006224,1,2026-03-29,C01703,P0043,1,16320.92,0,COD,Returned,5,3,App
O000357,1,2026-03-11,C01829,P0010,1,23297.31,0,Credit Card,Delivered,6,3,APP
O004428,1,2025-06-08,C00646,P0128,1,13735.73,0.05,UPI,Delivered,6,2,web
O002597,1,2025-05-11,C00487,P0029,2,4926.37,0.25,credit card,Delivered,2,4,Marketplace
O001641,1,2026-05-14,C01263,P0099,1,20045.69,0.3,COD,Delivered,4,,Web
O005780,1,2026-03-25,C01757,P0125,1,4715.64,0.1,Cash on Delivery,Delivered,4,3,web
O003959,2,2025-07-24,C00120,P0003,1,19344.9,0.05,Cash on Delivery,Delivered,6,2,Web
O001514,2,2025-10-11,C01658,P0089,2,18304.24,0,Credit Card,Delivered,2,4,Marketplace
O001772,1,2025-06-10,C00957,P0063,1,17293.08,0,UPI,Delivered,4,3,Web
O001878,1,2025-01-30,C00853,P0062,2,18341.5,0,Credit Card,Delivered,,,Web
O006169,3,2025-05-06,C01656,P0069,3,11485.18,0.2,upi,Delivered,4,3,Web
O000923,1,2025-05-31,C01898,P0001,1,9307.5,0.15,credit card,Cancelled,,,web
O001048,2,2025-09-04,C01750,P0036,4,18034.16,0.05,Credit Card,Delivered,3,4,APP
O000047,1,2025-05-01,C00944,P0076,1,27401.1,0.15,Debit Card,Delivered,5,3,App
O004859,3,2025-03-09,C00340,P0052,1,19324.5,0,Wallet,Delivered,5,3,App
O001023,1,2026-01-26,C00424,P0088,2,24822.48,0.3,COD,Delivered,1,4,APP
O001069,1,2025-04-17,C00304,P0054,4,13035.72,0,,Delivered,3,3,Marketplace
O000943,1,2025-11-27,C00493,P0127,1,13994.93,0.15,upi,Delivered,7,3,Web
O001525,1,2025-09-23,C01680,P0099,1,19296.99,0.15,UPI,Cancelled,,,Web
O004672,3,2026-08-21,C00341,P0064,1,4606.25,0.25,Credit Card,Delivered,3,4,Marketplace
O001220,1,2026-05-22,C01148,P0123,1,9160.95,0.05,Wallet,Delivered,3,4,APP
O004445,1,2025-01-10,C00231,P0034,1,8349.94,0.1,Cash on Delivery,Cancelled,,,web
O003658,1,2025-03-07,C01527,P0098,1,12176.11,0.05,Debit Card,Delivered,2,5,Marketplace
O001691,1,2025-11-17,C01861,P0067,4,10997.22,0.2,UPI,Delivered,2,4,Web
O000666,1,2025-02-03,C00937,P0019,2,24464.06,0.2,Wallet,Delivered,1,4,APP
O004057,1,2026-07-29,C00490,P0136,1,13251.78,0.05,Wallet,Delivered,5,3,web
O000632,1,2025-05-31,C00462,P0088,1,24721.26,0.1,upi,Delivered,5,3,Marketplace
O002973,1,2026-05-07,C01323,P0083,1,5558.65,0.2,credit card,Delivered,5,4,web
O005061,1,2025-08-30,C00818,P0051,1,3978.13,0.15,credit card,Delivered,3,,web
O006244,3,2025-06-13,C01955,P0044,3,13840.67,0.2,Cash on Delivery,Delivered,3,4,web
O005959,1,2026-03-19,C01270,P0096,2,2938.37,0.15,UPI,Delivered,5,3,Web
O002628,3,2026-08-02,C00959,P0026,1,14057.92,0,COD,Delivered,,,web
O002715,1,2025-11-17,C01860,P0139,3,3632.59,0.1,Wallet,Delivered,6,2,App
O004515,1,2025-05-04,C01777,P0032,1,20223.06,0,upi,Delivered,2,4,App
O002307,2,2026-02-17,C01037,P0038,1,325.24,0.3,COD,Delivered,5,3,Marketplace
O003423,3,2026-07-27,C00143,P0060,2,16809.27,0.15,Wallet,Delivered,4,4,APP
O005633,1,2026-05-08,C01044,P0138,1,983.55,0.05,Cash on Delivery,Delivered,3,4,APP
O001624,1,2026-08-19,C00847,P0002,1,10298.06,0.05,COD,Returned,2,4,App
O000762,2,2025-08-15,C00401,P0035,1,18433.04,0,COD,Delivered,7,3,Web
O004003,1,2026-07-30,C00766,P0123,1,9499.62,0.1,UPI,Delivered,8,1,App
O000999,2,2025-11-27,C00940,P0040,2,13381.32,0.1,Wallet,Cancelled,,,Web
O002717,1,2025-07-06,C01099,P0067,2,11381.84,0.15,Cash on Delivery,Returned,5,3,web
O003181,2,2025-02-02,C00475,P0019,2,25586.14,0.1,Cash on Delivery,Delivered,6,2,App
O003554,1,2026-02-02,C01618,P0036,1,18006.96,0,upi,Delivered,2,4,Marketplace
O002117,1,2026-06-27,C00412,P0134,1,18209.0,0.05,Credit Card,Delivered,6,3,APP
O004759,2,2025-07-22,C00933,P0022,2,5341.24,0,credit card,Delivered,4,3,web
O004605,1,2026-01-19,C01644,P0065,1,16931.72,0.15,Cash on Delivery,Returned,6,2,Web
O005601,1,2025-02-24,C00847,P0097,1,3564.09,0.1,upi,Delivered,5,,web
O006402,1,2025-12-27,C01137,P0051,2,4035.33,0.15,Credit Card,Delivered,3,5,Web
O001035,3,2025-09-15,C01487,P0062,1,19068.38,0.1,COD,Delivered,6,2,Web
O002967,1,2026-06-16,C00630,P0022,1,5536.4,0.05,Cash on Delivery,Delivered,4,3,APP
O001556,3,2026-05-18,C01057,P0096,2,2938.32,0.25,credit card,Delivered,4,3,App
O004166,1,2025-12-10,C01138,P0004,1,18424.04,0.1,Wallet,Delivered,4,4,web
O005072,1,2026-01-23,C01060,P0140,1,13302.95,0.1,Debit Card,Delivered,5,3,APP
O005057,1,2025-11-08,C01331,P0076,2,26083.56,0.2,Wallet,Delivered,1,5,web
O002424,2,2025-01-11,C01825,P0125,1,4480.79,0.15,UPI,Delivered,7,2,Web
O005686,1,2026-01-04,C01948,P0039,1,12297.41,0,COD,Delivered,2,,Marketplace
O004449,1,2025-10-24,C01014,P0041,2,21306.35,0,COD,Returned,5,,web
O006452,2,2025-07-22,C01242,P0085,3,9942.93,0,upi,Delivered,4,3,Web
O002043,1,2026-02-20,C00902,P0143,1,4191.46,0.1,Credit Card,Delivered,1,5,App
O000123,2,2026-05-23,C00658,P0068,3,9090.61,0.05,Cash on Delivery,Delivered,2,5,App
O001140,2,2026-08-23,C01374,P0104,1,5106.17,0.2,Cash on Delivery,Delivered,8,2,APP
O002091,1,2026-05-15,C01441,P0144,2,8168.77,0,Debit Card,Delivered,3,3,APP
O004171,2,2025-04-12,C01947,P0080,1,21996.87,0.15,credit card,Delivered,6,3,Marketplace
O004338,1,2025-09-01,C01979,P0047,3,27824.22,0.25,Cash on Delivery,Delivered,4,3,App
O003646,2,2025-10-29,C00566,P0018,1,14019.65,0.3,,Delivered,4,4,web
O006462,1,2026-07-02,C00364,P0116,5,11770.66,0,Credit Card,Delivered,4,3,APP
O001855,1,2026-04-21,C01044,P0137,1,4789.27,0.05,credit card,Delivered,5,3,APP
O000742,1,2026-01-31,C00606,P0037,1,18357.84,0.1,COD,Delivered,5,3,Web
O001204,3,2025-03-04,C01375,P0008,1,22790.68,0.15,Debit Card,Delivered,2,4,web
O004826,1,2026-02-28,C01745,P0136,1,13146.39,0,COD,Delivered,5,3,Marketplace
O003386,1,2026-01-04,C01362,P0044,1,13502.76,0.3,credit card,Returned,6,2,web
O005754,1,2026-01-24,C00657,P0034,4,8371.52,0.1,UPI,Delivered,7,3,APP
O002875,2,2026-03-19,C01702,P0030,2,14578.03,0.3,Cash on Delivery,Delivered,5,3,Web
O002266,1,2025-07-29,C00743,P0028,3,8323.23,0.05,Cash on Delivery,Delivered,5,3,web
O001799,2,2026-07-17,C00492,P0001,2,9425.45,0.05,credit card,Returned,2,,Web
O002060,1,2025-07-03,C00523,P0118,1,3025.35,0.1,upi,Delivered,6,2,APP
O001744,2,2025-11-23,C00222,P0030,1,14024.39,0.15,credit card,Delivered,1,5,Marketplace
O000898,2,2026-01-26,C01651,P0054,1,12458.86,0.15,Debit Card,Delivered,4,3,App
O003394,3,2026-03-19,C00215,P0120,1,13259.1,0,COD,Delivered,8,2,Web
O003690,2,2025-05-09,C00643,P0049,2,1425.27,0,credit card,Cancelled,,,App
O003238,2,2026-02-09,C01346,P0025,1,3939.17,0.15,COD,Delivered,6,2,web
O000716,2,2025-08-22,C00217,P0032,1,20135.44,0,COD,Delivered,,,APP
O003449,3,2025-05-08,C01870,P0061,1,22836.0,0.2,Cash on Delivery,Delivered,5,4,APP
O004180,2,2026-01-27,C00788,P0105,3,25746.67,0.2,Cash on Delivery,Delivered,5,3,web
O006281,2,2026-03-23,C00132,P0056,2,10985.76,0.25,credit card,Returned,3,4,web
O000501,1,2026-04-16,C01613,P0143,1,4202.0,0.1,UPI,Delivered,6,2,APP
O002124,2,2026-01-30,C01455,P0026,2,13847.46,0.2,Wallet,Delivered,4,3,Marketplace
O005180,1,2025-01-23,C01406,P0108,1,21141.51,0.15,upi,Delivered,5,3,web
O003571,1,2025-09-20,C00252,P0079,1,7404.28,0.3,credit card,Delivered,6,3,web
O003454,2,2026-04-30,C01067,P0097,1,3639.37,0,Wallet,Delivered,6,3,APP
O001136,1,2026-01-06,C00928,P0068,1,9317.13,0.05,upi,Delivered,5,3,Marketplace
O005654,4,2025-05-01,C00535,P0051,1,4082.16,0.2,upi,Cancelled,,,web
O005770,1,2026-04-07,C01901,P0097,1,3556.63,0.05,Debit Card,Delivered,4,4,Marketplace
O002758,1,2025-07-28,C01403,P0111,1,1917.49,0.25,Cash on Delivery,Delivered,6,2,APP
O000374,1,2025-01-17,C00278,P0143,2,4016.66,0,Wallet,Delivered,6,2,App
O004654,1,2025-04-08,C00042,P0138,1,1030.31,0.05,credit card,Delivered,4,4,Marketplace
O001172,1,2025-02-23,C00699,P0002,1,10592.62,0.05,Cash on Delivery,Delivered,2,5,APP
O004560,1,2025-12-09,C00686,P0044,1,13810.83,0.1,COD,Delivered,5,3,Web
O005395,1,2025-03-21,C01868,P0074,1,10894.07,0.1,credit card,Delivered,3,5,web
O006288,3,2026-06-14,C01509,P0015,1,22680.61,0.15,Cash on Delivery,Delivered,,,App
O004124,1,2025-02-06,C01475,P0050,1,18223.53,0.15,Cash on Delivery,Cancelled,,,Marketplace
O004467,4,2025-03-26,C01009,P0098,1,12803.72,0.3,Credit Card,Returned,6,3,web
O005642,1,2025-12-15,C00210,P0007,1,11711.99,0.1,upi,Returned,11,1,APP
O006478,1,2025-01-26,C01714,P0075,1,10878.31,0.15,upi,Delivered,2,5,Web
O004547,1,2026-08-28,C00569,P0085,1,10090.18,0,upi,Delivered,3,4,web
O006019,1,2025-09-05,C00010,P0080,2,22819.91,0.05,credit card,Delivered,,,App
O006442,1,2025-11-10,C00321,P0062,3,19101.64,0.2,Wallet,Delivered,4,4,web
O003926,1,2025-05-06,C01990,P0048,1,971.89,0.15,Cash on Delivery,Delivered,7,3,APP
O006179,1,2025-08-28,C01127,P0094,2,6349.4,0,Wallet,Delivered,4,3,APP
O005485,3,2025-03-13,C00727,P0141,1,12937.61,0.05,UPI,Cancelled,,,Web
O006101,3,2026-02-04,C00115,P0009,2,14541.54,0.2,credit card,Cancelled,,,APP
O000065,1,2025-12-15,C00301,P0125,1,4523.38,0.25,Cash on Delivery,Delivered,1,5,App
O005385,1,2025-04-19,C00375,P0138,1,1040.19,0.1,credit card,Delivered,2,4,Marketplace
O001598,1,2025-03-08,C01262,P0116,1,12259.44,0,upi,Delivered,4,3,web
O000014,1,2025-01-12,C01105,P0082,2,15064.54,0,UPI,Delivered,5,2,Web
O002803,1,2025-11-27,C00461,P0075,2,10555.58,0.05,UPI,Delivered,1,4,APP
O003391,1,2025-05-09,C00517,P0110,1,8369.6,0.1,Debit Card,Delivered,8,1,App
O003964,2,2025-03-15,C01904,P0107,1,23235.03,0.1,Wallet,Delivered,3,4,App
O003983,1,2026-04-01,C01151,P0078,4,25478.28,0,Cash on Delivery,Delivered,2,4,Web
O003050,3,2025-06-13,C00727,P0136,1,14206.54,0.1,Cash on Delivery,Delivered,4,,App
O003015,1,2025-03-07,C01760,P0029,2,4998.8,0.1,Credit Card,Delivered,5,3,App
O004659,1,2026-06-04,C00958,P0057,1,4610.68,0.2,Credit Card,Delivered,3,4,web
O001814,2,2025-12-09,C01231,P0054,1,13239.5,0.05,COD,Delivered,2,4,APP
O003981,1,2026-06-02,C00365,P0137,1,4707.19,0.15,COD,Returned,3,4,App
O003260,1,2025-07-07,C01589,P0107,1,23451.54,0.05,credit card,Delivered,4,4,APP
O002562,1,2025-06-01,C00255,P0132,3,18700.67,0.2,UPI,Delivered,7,3,Marketplace
O005148,1,2025-05-08,C01333,P0137,3,4854.68,0.1,credit card,Delivered,6,3,Marketplace
O005340,2,2025-02-12,C00504,P0074,1,11232.66,0.15,COD,Delivered,3,5,Web
O004431,2,2025-06-05,C01481,P0072,1,11823.23,0.05,upi,Delivered,1,5,Web
O006235,1,2026-06-05,C01958,P0094,1,6416.52,0.1,upi,Returned,2,5,Marketplace
O000039,1,2026-07-17,C01024,P0132,1,18373.74,0,Credit Card,Delivered,2,5,Marketplace
O005956,1,2026-01-02,C00910,P0067,1,10698.95,0.65,Credit Card,Returned,2,5,Marketplace
O003548,1,2025-12-06,C01655,P0037,1,18096.04,0.05,Cash on Delivery,Delivered,4,4,web
O005525,2,2026-06-11,C01729,P0004,1,18657.28,0.05,Debit Card,Delivered,5,3,Web
O001078,2,2025-03-07,C01280,P0144,1,8489.93,0.05,UPI,Cancelled,,,Marketplace
O006386,3,2026-05-30,C00553,P0118,1,2954.42,0.65,Debit Card,Delivered,3,3,web
O000863,2,2026-01-29,C00384,P0046,1,4116.48,0.15,COD,Delivered,3,4,Web
O003160,2,2025-11-06,C00285,P0079,1,7688.64,0,credit card,Delivered,7,2,Web
O005412,2,2026-05-29,C00094,P0104,1,4930.15,0.1,UPI,Returned,5,2,Web
O004755,1,2025-05-17,C01380,P0009,1,14622.88,0.15,upi,Returned,2,5,web
O005465,3,2026-07-02,C01741,P0064,2,4808.12,0,credit card,Delivered,5,2,Marketplace
O000042,4,2026-07-18,C01314,P0001,1,9672.85,0.15,COD,Delivered,,,Web
O004638,1,2025-07-18,C00812,P0108,3,22040.55,0.05,upi,Returned,,,web
O001030,2,2025-10-31,C00389,P0102,2,16786.8,0,Debit Card,Delivered,4,4,Web
O005051,2,2025-01-25,C01436,P0117,1,3654.51,0.3,,Delivered,4,3,Web
O005827,2,2025-12-30,C00840,P0138,1,1022.04,0.3,COD,Delivered,4,4,APP
O005972,1,2025-06-06,C01537,P0042,1,6879.43,0.15,COD,Delivered,4,3,App
O004366,1,2025-09-12,C01856,P0048,1,1017.31,0.15,UPI,Delivered,7,2,APP
O004585,1,2025-11-20,C01232,P0019,1,24047.74,0.15,Credit Card,Delivered,3,4,App
O000263,1,2026-04-14,C01511,P0068,1,9074.09,0.05,UPI,Cancelled,,,Marketplace
O005954,1,2026-06-03,C01343,P0033,1,635.49,0.15,UPI,Delivered,6,3,APP
O003164,1,2025-08-06,C00568,P0077,2,11001.51,0.15,Wallet,Delivered,2,5,web
O006170,1,2025-05-13,C01339,P0084,1,16442.31,0.2,upi,Delivered,6,2,Marketplace
O002724,1,2025-12-22,C00782,P0133,1,3905.31,0.1,Debit Card,Delivered,2,4,web
O001388,2,2026-07-14,C01067,P0133,1,3834.93,0.15,Cash on Delivery,Delivered,2,5,Marketplace
O004100,4,2025-08-22,C01701,P0119,1,20191.96,0,UPI,Delivered,6,2,App
O002157,2,2025-07-06,C01075,P0112,1,21233.25,0.2,upi,Cancelled,,,Web
O004193,1,2026-01-05,C01889,P0116,1,11698.88,0.2,Cash on Delivery,Cancelled,,,APP
O005463,2,2025-05-15,C00752,P0126,1,2109.27,0.15,Credit Card,Delivered,,,web
O000297,2,2025-10-17,C01561,P0039,1,12258.03,0,Cash on Delivery,Delivered,4,,APP
O000798,1,2025-11-19,C01800,P0090,4,4810.97,0.1,Debit Card,Delivered,4,,Web
O002627,1,2025-10-04,C00908,P0062,1,19292.66,0.1,credit card,Delivered,5,2,web
O002007,2,2025-07-18,C01621,P0082,1,15014.69,0.2,Wallet,Delivered,3,4,web
O005421,2,2026-02-20,C00772,P0083,2,5481.43,0.2,upi,Delivered,6,2,Marketplace
O005633,3,2026-05-08,C01044,P0108,5,21525.31,0.15,Cash on Delivery,Delivered,3,4,APP
O001266,3,2025-11-24,C00223,P0115,1,4890.14,0.05,Cash on Delivery,Cancelled,,,APP
O000469,1,2025-03-22,C01568,P0030,1,14070.01,0.25,Credit Card,Delivered,2,4,APP
O003301,1,2025-04-08,C01174,P0018,2,14068.17,0.1,Credit Card,Delivered,3,3,App
O003063,1,2026-05-30,C01713,P0104,2,5129.07,0,Credit Card,Delivered,5,3,App
O006140,1,2025-04-26,C01702,P0101,1,8050.04,0.15,Credit Card,Delivered,7,2,APP
O003799,1,2026-06-25,C01966,P0122,1,1206.29,0.1,Debit Card,Delivered,4,3,Web
O006242,3,2025-06-15,C01914,P0093,1,23189.74,0,Credit Card,Delivered,1,4,APP
O001739,4,2025-05-24,C00795,P0100,1,14085.35,0.2,credit card,Delivered,3,4,APP
O004111,2,2026-02-03,C01893,P0019,2,24671.03,0.1,Cash on Delivery,Delivered,6,3,APP
O002745,1,2026-05-24,C01844,P0027,2,19733.06,0.2,credit card,Delivered,4,4,App
O004742,2,2026-08-07,C01200,P0139,1,3455.12,0.2,COD,Delivered,6,2,web
O004735,2,2026-04-22,C01425,P0027,1,19489.0,0.2,Cash on Delivery,Delivered,5,3,Web
O002030,1,2025-08-16,C01361,P0065,1,17021.31,0,Wallet,Delivered,6,3,web
O002951,3,2026-07-16,C01483,P0003,1,19775.64,0.05,COD,Delivered,6,3,APP
O005624,3,2025-05-18,C01955,P0095,1,15452.94,0.2,Credit Card,Cancelled,,,App
O000262,1,2025-01-16,C00972,P0138,3,985.29,0.2,Credit Card,Delivered,6,2,Marketplace
O004202,1,2025-10-05,C01550,P0028,1,8270.24,0,COD,Delivered,1,5,Marketplace
O000753,1,2026-04-01,C00561,P0131,1,18042.6,0.1,Debit Card,Delivered,4,3,Web
O001788,1,2025-12-08,C00343,P0141,1,12810.98,0.15,Credit Card,Delivered,,,Web
O006372,1,2026-04-30,C00394,P0070,1,4209.46,0.05,Wallet,Delivered,5,3,Marketplace
O004537,1,2026-07-02,C01056,P0009,1,14038.98,0.15,Credit Card,Delivered,7,2,App
O004800,1,2025-05-25,C00982,P0136,1,13640.1,0.15,UPI,Delivered,6,3,APP
O002880,2,2026-06-08,C00718,P0143,1,3969.25,0.05,UPI,Delivered,5,3,APP
O000566,4,2026-03-07,C01533,P0001,2,9612.12,0.1,Wallet,Delivered,4,3,Web
O002319,1,2025-07-31,C00036,P0130,4,17381.16,0.3,Cash on Delivery,Delivered,1,5,App
O005741,1,2026-08-31,C00491,P0068,1,9637.73,0.05,upi,Delivered,2,5,Marketplace
O005473,1,2026-05-25,C00534,P0018,1,13885.39,0.2,Debit Card,Delivered,4,3,App
O004717,2,2025-10-16,C01519,P0027,4,19802.53,0.05,Credit Card,Delivered,4,4,web
O003884,1,2025-08-31,C00047,P0059,1,17824.81,0.1,upi,Delivered,4,4,APP
O004726,2,2025-01-29,C00640,P0013,2,5498.8,0.1,credit card,Returned,4,3,APP
O000425,2,2025-07-11,C00221,P0063,4,17399.65,0.2,Cash on Delivery,Delivered,9,1,web
O005614,2,2025-12-27,C01069,P0038,1,327.0,0.1,COD,Delivered,3,4,APP
O002863,1,2026-04-21,C00815,P0002,1,10350.64,0.15,COD,Delivered,7,,App
O005966,1,2025-10-15,C00710,P0125,1,4655.11,0.15,Wallet,Delivered,4,4,APP
O003323,1,2025-10-09,C01239,P0130,5,18009.38,0,COD,Delivered,3,4,App
O000655,2,2025-12-18,C00584,P0101,2,8320.47,0,Debit Card,Delivered,7,2,web
O003349,1,2025-08-09,C00452,P0120,4,13073.7,0.1,Credit Card,Delivered,3,4,Marketplace
O004902,1,2025-10-04,C01001,P0072,1,11771.9,0,Debit Card,Delivered,5,2,APP
O002006,2,2025-12-10,C01036,P0131,1,18345.73,0.15,credit card,Delivered,5,3,web
O002001,1,2026-05-12,C01066,P0052,2,19268.38,0.05,UPI,Delivered,7,2,web
O006093,2,2025-12-31,C01660,P0137,1,4756.75,0.2,Debit Card,Delivered,4,3,web
O003694,2,2025-08-25,C01740,P0060,1,16321.48,0.05,Cash on Delivery,Delivered,6,3,APP
O006480,2,2026-08-14,C01895,P0026,1,14501.39,0.25,Cash on Delivery,Cancelled,,,Web
O006337,3,2025-09-08,C00257,P0001,1,8958.4,0.15,Cash on Delivery,Delivered,5,3,Web
O004033,1,2026-03-30,C01997,P0030,1,14183.99,0.1,Cash on Delivery,Returned,,,Web
O005839,2,2026-04-21,C00146,P0125,1,4640.1,0.3,Cash on Delivery,Cancelled,,,web
O004119,3,2025-12-16,C00341,P0023,2,25687.44,0.15,Credit Card,Delivered,7,3,App
O004519,2,2025-10-27,C00811,P0113,1,3072.27,0,credit card,Delivered,5,3,App
O006498,1,2025-03-03,C00834,P0025,1,3868.84,0.05,COD,Delivered,1,5,Web
O003918,2,2025-02-03,C00428,P0092,2,4279.1,0.05,Debit Card,Delivered,5,2,APP
O001826,3,2025-01-29,C01457,P0138,1,1022.54,0.1,credit card,Delivered,6,2,APP
O002282,1,2025-03-06,C01619,P0040,1,13126.65,0.15,COD,Returned,2,,Web
O001990,1,2025-01-14,C00048,P0133,1,3926.67,0.05,Wallet,Delivered,5,3,Marketplace
O002019,4,2026-02-28,C00442,P0021,1,22079.18,0.1,COD,Cancelled,,,Web
O005169,3,2026-08-14,C01295,P0030,3,14583.98,0.1,upi,Delivered,4,3,Marketplace
O000965,2,2025-04-14,C01116,P0121,4,21797.04,0,UPI,Delivered,4,4,App
O005563,1,2025-03-15,C00845,P0130,1,16964.66,0.05,credit card,Delivered,4,,web
O001968,3,2025-11-06,C01547,P0045,1,29337.54,0.1,COD,Delivered,2,5,APP
O001540,2,2025-03-09,C01004,P0078,2,25572.22,0.5,COD,Delivered,2,,Marketplace
O001825,1,2025-01-19,C00215,P0050,1,18460.4,0.1,UPI,Delivered,3,4,Web
O003097,1,2025-03-02,C00124,P0110,1,8751.77,0.2,Debit Card,Delivered,5,4,App
O005392,2,2025-09-13,C00995,P0117,1,3525.78,0.1,upi,Returned,4,4,Marketplace
O003253,1,2026-08-01,C00149,P0002,1,10970.29,0.25,Credit Card,Delivered,4,4,Marketplace
O002784,2,2026-07-03,C00910,P0128,1,14388.73,0.2,Cash on Delivery,Delivered,1,5,Marketplace
O003634,1,2025-10-16,C01542,P0100,1,13486.75,0,Cash on Delivery,Delivered,5,3,APP
O000422,1,2025-10-16,C01936,P0052,1,19480.15,0.05,Cash on Delivery,Delivered,5,3,Web
O002953,1,2025-12-23,C00108,P0029,4,4849.13,0.5,Cash on Delivery,Delivered,5,4,APP
O003065,1,2025-08-12,C01361,P0112,2,22475.97,0.05,UPI,Cancelled,,,Marketplace
O002143,1,2026-03-12,C00877,P0129,1,15058.88,0,COD,Delivered,3,4,web
O006332,1,2025-05-17,C00504,P0065,1,17163.08,0.05,credit card,Delivered,5,3,APP
O001226,3,2025-09-05,C01696,P0088,2,26312.67,0.1,,Delivered,5,3,APP
O004090,1,2026-03-06,C01583,P0083,1,5505.84,0.05,Credit Card,Delivered,5,3,Web
O006050,1,2026-06-28,C01037,P0026,1,14043.03,0,upi,Delivered,4,3,Marketplace
O004503,1,2026-02-21,C01009,P0059,3,16911.1,0,Credit Card,Returned,3,4,Web
O005357,2,2025-04-12,C00745,P0085,1,10196.39,0,upi,Delivered,6,3,APP
O005911,1,2026-05-20,C01283,P0043,3,15536.66,0.15,COD,Delivered,2,4,APP
O006041,3,2026-08-20,C01346,P0119,2,20457.16,0.5,credit card,Delivered,2,,Marketplace
O000696,3,2026-04-15,C01330,P0093,3,23743.07,0.1,upi,Delivered,2,5,App
O000956,1,2025-05-24,C00181,P0024,1,20543.04,0.2,Credit Card,Delivered,4,3,APP
O006280,2,2025-12-12,C00370,P0032,1,20288.59,0.1,upi,Cancelled,,,web
O004405,3,2025-04-08,C01532,P0013,1,5747.33,0.15,COD,Returned,6,,web
O003137,1,2025-03-12,C00685,P0111,1,1909.66,0.05,Credit Card,Delivered,3,3,web
O001260,2,2026-05-09,C00430,P0098,1,12494.62,0.05,UPI,Cancelled,,,Marketplace
O002272,2,2025-09-23,C00331,P0131,2,18252.2,0.05,Credit Card,Cancelled,,,Marketplace
O002452,2,2025-05-06,C00271,P0068,1,9464.6,0,Credit Card,Returned,5,3,Marketplace
O003202,3,2026-01-09,C01637,P0085,1,9630.83,0,upi,Delivered,3,4,Web
O002530,2,2026-08-18,C00578,P0028,1,8585.41,0,Wallet,Delivered,2,5,App
O000078,1,2025-02-28,C00706,P0025,2,4015.23,0.65,credit card,Delivered,2,4,web
O004570,1,2025-11-19,C00168,P0089,1,17468.65,0.2,upi,Delivered,5,2,App
O000789,1,2025-01-14,C01392,P0025,1,4115.29,0.05,Cash on Delivery,Delivered,6,2,App
O001943,2,2026-01-01,C00948,P0142,1,11696.81,0.15,Cash on Delivery,Delivered,5,3,Web
O004846,1,2025-02-02,C00564,P0079,3,7860.46,0.2,credit card,Delivered,3,4,Web
O001056,1,2026-02-08,C01982,P0104,1,5001.19,0.2,UPI,Cancelled,,,APP
O002793,1,2025-08-14,C01241,P0012,2,8085.11,0.15,,Delivered,5,3,web
O003140,1,2025-06-16,C01692,P0041,2,20758.79,0.2,upi,Delivered,4,3,Marketplace
O002879,1,2026-06-18,C01597,P0021,2,22487.73,0,Credit Card,Returned,4,4,App
O000651,4,2026-04-21,C01867,P0052,5,19076.51,0.1,upi,Returned,6,3,Web
O001612,1,2025-07-19,C00418,P0117,1,3628.58,0,credit card,Delivered,3,4,App
O002042,2,2025-06-15,C00909,P0109,1,15302.27,0.15,Cash on Delivery,Delivered,4,3,App
O004522,2,2025-10-28,C01365,P0144,3,8035.47,0.1,credit card,Delivered,5,4,web
O002799,2,2025-03-10,C00723,P0124,5,13526.43,0.05,COD,Delivered,,,App
O001286,2,2025-08-07,C01371,P0070,1,4324.84,0.15,UPI,Cancelled,,,APP
O004629,1,2026-02-13,C00407,P0032,3,20912.2,0.15,Credit Card,Delivered,6,2,Marketplace
O003085,2,2025-01-17,C00551,P0017,1,3219.82,0.05,credit card,Delivered,2,4,Web
O003057,2,2025-01-14,C01845,P0102,1,17182.85,0.15,Credit Card,Returned,4,4,Web
O005878,1,2025-04-23,C01843,P0119,1,19569.65,0,Wallet,Delivered,4,3,APP
O004400,2,2025-10-24,C00411,P0138,1,996.19,0.5,Wallet,Delivered,3,,Web
O000768,2,2025-11-12,C01223,P0124,1,14360.56,0.3,Debit Card,Delivered,4,3,web
O002773,1,2026-05-17,C00252,P0103,2,27516.47,0.1,Cash on Delivery,Delivered,3,5,APP
O003464,1,2025-09-21,C00013,P0137,1,4820.56,0.3,UPI,Cancelled,,,Web
O006442,2,2025-11-10,C00321,P0042,1,6839.54,0.25,Wallet,Delivered,4,4,web
O006009,2,2026-04-09,C01347,P0017,1,3344.74,0.1,Cash on Delivery,Delivered,4,4,APP
O000796,1,2025-12-26,C01218,P0100,4,14062.29,0.1,Debit Card,Delivered,4,4,Web
O006067,1,2026-01-11,C01884,P0066,1,21935.14,0.15,upi,Cancelled,,,APP
O005129,3,2026-07-08,C01153,P0135,1,3461.0,0.15,upi,Delivered,4,,Web
O001283,1,2025-03-19,C00584,P0013,2,5745.36,0.05,UPI,Delivered,5,3,Marketplace
O005106,1,2026-06-07,C01634,P0042,1,7230.0,0,Debit Card,Delivered,7,2,Web
O004697,1,2025-08-05,C01045,P0078,1,26284.7,0.2,credit card,Returned,2,4,App
O003186,2,2025-11-09,C01163,P0104,3,4891.9,0,COD,Delivered,3,4,Marketplace
O003309,2,2026-03-05,C00284,P0143,1,4147.11,0.15,Wallet,Cancelled,,,web
O001201,1,2025-06-24,C01857,P0122,1,1150.05,0.2,Wallet,Delivered,3,4,APP
O004296,1,2025-08-20,C00749,P0072,1,12599.71,0.2,Debit Card,Delivered,6,,web
O005904,1,2025-10-20,C00868,P0122,1,1224.52,0.3,COD,Delivered,3,4,Web
O001306,3,2025-10-08,C00569,P0118,1,3054.45,0.15,COD,Delivered,3,4,web
O005324,3,2025-08-15,C01924,P0027,3,20214.45,0.05,upi,Delivered,8,2,App
O005874,1,2025-06-28,C00675,P0095,2,15149.57,0.5,upi,Delivered,3,4,APP
O004290,2,2026-06-07,C01572,P0122,1,1224.64,0.1,upi,Delivered,5,,Marketplace
O000234,1,2026-08-02,C01966,P0020,3,25084.54,0,Credit Card,Delivered,5,3,Marketplace
O005645,1,2026-01-15,C00642,P0111,4,1807.2,0.1,upi,Delivered,3,4,App
O006256,1,2026-08-21,C01245,P0049,1,1395.44,0.1,credit card,Delivered,4,4,web
O002757,2,2025-02-11,C01488,P0068,3,9368.2,0.05,Debit Card,Delivered,,,APP
O002976,1,2025-12-22,C01420,P0077,3,10934.69,0.05,Credit Card,Delivered,6,3,Web
O005351,1,2025-04-23,C01096,P0118,1,3019.92,0.05,Credit Card,Cancelled,,,App
O005494,2,2025-11-04,C01951,P0032,1,20274.62,0,Cash on Delivery,Cancelled,,,web
O000766,3,2026-01-03,C00931,P0117,1,3589.49,0.25,Wallet,Returned,3,4,web
O000180,1,2026-01-26,C00441,P0044,1,13282.3,0.2,UPI,Delivered,4,4,APP
O003012,1,2026-02-26,C01195,P0054,1,13004.06,0.15,COD,Delivered,5,3,web
O005246,3,2026-04-24,C00206,P0073,2,8975.07,0.15,Credit Card,Delivered,4,3,APP
O003851,2,2025-09-06,C00895,P0117,1,3514.88,0,Debit Card,Delivered,5,3,Web
O001280,1,2026-07-05,C01077,P0138,1,1021.22,0.2,credit card,Delivered,3,3,Marketplace
O000160,1,2025-12-16,C00108,P0142,2,11424.57,0.15,UPI,Delivered,2,4,App
O003533,2,2026-04-02,C00735,P0051,1,4045.25,0,Cash on Delivery,Delivered,4,3,Marketplace
O004867,1,2026-03-22,C00763,P0129,1,15048.91,0.05,Wallet,Delivered,3,3,App
O004136,1,2026-05-14,C00516,P0137,1,4848.85,0.05,Credit Card,Delivered,6,3,Web
O002947,3,2025-10-31,C00073,P0039,1,12549.01,0.05,upi,Delivered,4,4,APP
O005268,1,2026-01-27,C01474,P0061,1,21951.58,0.3,,Delivered,6,3,APP
O005311,1,2026-05-01,C01082,P0088,2,25898.45,0,Debit Card,Delivered,5,3,Web
O003604,1,2025-04-22,C00037,P0138,1,1046.65,0.1,Wallet,Delivered,4,3,Web
O000986,1,2026-01-08,C00744,P0038,1,336.73,0,upi,Delivered,5,3,Web
O001041,2,2026-08-06,C01361,P0131,1,18967.41,0,Wallet,Delivered,2,4,App
O001713,2,2026-07-13,C01444,P0140,2,13522.93,0.15,COD,Delivered,4,3,web
O002406,4,2025-08-06,C01547,P0049,1,1405.92,0.3,Credit Card,Delivered,7,3,Web
O004617,1,2025-05-28,C01591,P0036,2,17988.41,0.3,COD,Delivered,5,3,web
O001668,1,2025-05-31,C01492,P0019,1,24734.12,0.2,COD,Delivered,2,4,Marketplace
O003034,1,2025-03-15,C00854,P0142,1,11848.53,0.05,COD,Delivered,5,3,APP
O002171,2,2026-01-23,C01503,P0110,1,8245.3,0.3,Wallet,Returned,1,4,APP
O003093,2,2025-12-05,C01326,P0137,1,4599.5,0.25,Wallet,Delivered,5,2,APP
O000027,1,2025-02-21,C00670,P0080,1,23199.37,0.15,Debit Card,Delivered,6,2,APP
O005139,2,2025-10-10,C01333,P0003,1,18453.16,0.15,UPI,Returned,2,5,APP
O004094,3,2025-10-20,C01485,P0055,1,9558.36,0.05,upi,Delivered,3,4,Marketplace
O000355,1,2025-02-24,C00833,P0051,1,4039.77,0.05,UPI,Delivered,3,3,APP
O003691,3,2025-07-26,C01139,P0139,1,3648.86,0.15,Wallet,Delivered,3,3,Web
O002249,2,2025-11-06,C01686,P0089,2,18146.63,0.2,credit card,Delivered,,,App
O000606,2,2026-05-04,C00988,P0124,2,13476.53,0.1,UPI,Delivered,7,2,APP
O001864,1,2025-04-13,C01575,P0108,2,22208.54,0.05,Wallet,Delivered,6,3,APP
O002743,2,2025-04-22,C01536,P0037,2,17641.15,0.2,UPI,Delivered,3,4,App
O003338,4,2025-03-18,C00505,P0114,1,1265.11,0.15,UPI,Delivered,5,4,App
O005886,1,2025-11-11,C00543,P0029,1,4710.42,0.1,COD,Delivered,4,4,web
O005404,2,2025-01-22,C01215,P0096,2,2877.55,0.05,Cash on Delivery,Delivered,4,3,Web
O006118,2,2026-04-03,C00899,P0019,1,24131.24,0.1,Credit Card,Delivered,6,2,Marketplace
O003364,1,2025-12-11,C01531,P0033,1,635.06,0.1,Debit Card,Delivered,6,2,web
O005901,1,2026-01-02,C01149,P0112,1,21166.81,0.05,UPI,Cancelled,,,Marketplace
O000868,1,2025-05-04,C01698,P0039,4,12350.3,0.1,UPI,Delivered,4,4,App
O006247,1,2025-09-30,C01969,P0133,1,3745.93,0.05,Wallet,Returned,4,3,Marketplace
O002273,1,2026-04-21,C00577,P0053,1,7650.01,0.05,Wallet,Delivered,3,4,App
O005682,1,2026-01-07,C00782,P0143,1,4022.53,0.3,COD,Delivered,1,5,APP
O006164,3,2026-02-12,C01499,P0058,1,12770.75,0,UPI,Delivered,6,,Web
O006045,2,2025-01-23,C00176,P0093,2,0,0.1,Cash on Delivery,Delivered,3,4,App
O000425,1,2025-07-11,C00221,P0099,2,19258.85,0.05,Cash on Delivery,Delivered,9,1,web
O002316,1,2025-01-29,C01719,P0018,1,14262.32,0.05,Cash on Delivery,Delivered,3,4,App
O001048,3,2025-09-04,C01750,P0072,2,11952.66,0,Credit Card,Delivered,3,4,APP
O003034,3,2025-03-15,C00854,P0119,1,19274.29,0.15,COD,Delivered,5,3,APP
O004437,2,2026-08-05,C00716,P0053,2,7337.35,0.1,COD,Delivered,5,3,web
O004771,2,2025-06-04,C00566,P0047,1,29644.89,0.5,Credit Card,Delivered,3,4,Web
O002826,2,2026-02-04,C01127,P0139,1,3443.72,0,Credit Card,Delivered,5,3,web
O006117,1,2026-01-27,C00920,P0046,3,4276.99,0,Debit Card,Delivered,3,4,web
O005612,1,2026-05-29,C00697,P0060,1,16368.42,0.2,Debit Card,Cancelled,,,web
O001230,2,2026-08-17,C00038,P0045,1,27509.73,0.15,Wallet,Delivered,3,,Web
O005628,1,2025-12-09,C00249,P0098,1,13103.44,0,credit card,Delivered,5,2,Web
O002629,2,2025-09-13,C00305,P0110,2,8379.59,0.5,upi,Delivered,1,5,App
O000298,2,2025-02-01,C00917,P0005,2,5342.82,0,Wallet,Delivered,5,,APP
O005052,1,2026-07-23,C01194,P0111,1,1823.67,0.2,UPI,Returned,6,3,web
O000030,2,2026-05-31,C01670,P0004,4,18539.79,0.2,,Returned,2,5,App
O004085,3,2026-01-09,C01251,P0137,1,4843.98,0.05,COD,Delivered,8,2,APP
O006150,2,2025-02-13,C00052,P0113,1,2986.92,0.1,upi,Delivered,5,4,Web
O001858,3,2025-07-10,C01724,P0113,1,3159.28,0.25,Debit Card,Delivered,5,3,Web
O004005,2,2025-05-27,C01422,P0141,2,13081.53,0.1,Wallet,Delivered,7,2,App
O004209,2,2026-06-27,C01301,P0091,1,243.88,0.1,credit card,Delivered,5,4,web
O005605,1,2026-02-15,C00442,P0110,2,8293.03,0.15,Wallet,Delivered,7,,App
O002431,1,2025-04-08,C00124,P0013,1,5580.87,0.1,Wallet,Delivered,8,2,Web
O005957,1,2025-04-10,C00516,P0138,1,1001.71,0.1,Cash on Delivery,Delivered,3,5,Marketplace
O002932,1,2026-04-29,C00938,P0102,1,16975.29,0.2,Cash on Delivery,Delivered,6,2,Marketplace
O000914,1,2026-08-05,C00741,P0059,1,16905.06,0.05,credit card,Delivered,4,4,APP
O000874,3,2025-03-08,C00895,P0142,2,11702.3,0.15,credit card,Delivered,4,3,Marketplace
O004264,2,2025-02-15,C00834,P0121,1,21204.9,0,Wallet,Delivered,2,4,Web
O002280,2,2026-04-15,C00087,P0093,3,22761.14,0.25,credit card,Delivered,,,web
O005103,1,2026-06-04,C00236,P0009,1,14674.61,0.05,UPI,Delivered,3,4,App
O006254,1,2026-04-01,C01376,P0143,3,4107.8,0.2,UPI,Delivered,5,3,web
O002309,2,2025-04-09,C00829,P0074,1,10500.22,0.25,upi,Returned,5,3,web
O003891,2,2026-08-05,C01610,P0081,1,23014.43,0.15,Cash on Delivery,Delivered,5,3,Web
O005458,1,2025-09-03,C01617,P0042,3,7144.2,0,Debit Card,Delivered,3,4,APP
O004453,2,2025-02-04,C01624,P0125,1,4687.45,0.3,Credit Card,Returned,5,3,Web
O005306,2,2025-10-10,C01259,P0036,1,18987.69,0.1,COD,Delivered,3,4,App
O005806,1,2026-06-17,C00837,P0056,2,10641.26,0.2,COD,Delivered,5,2,web
O001801,1,2025-12-21,C00257,P0077,1,11126.88,0.3,Cash on Delivery,Delivered,4,4,APP
O001140,1,2026-08-23,C01374,P0031,2,22298.31,0.1,Cash on Delivery,Delivered,8,2,APP
O002380,1,2026-07-30,C01880,P0134,1,18480.05,0.1,Wallet,Delivered,2,,Web
O003625,1,2025-06-03,C01500,P0100,2,13769.18,0.1,Debit Card,Returned,5,3,Web
O004032,1,2026-07-15,C01041,P0003,2,18977.48,0,credit card,Cancelled,,,Web
O000678,1,2025-08-05,C00903,P0062,1,18985.58,0.15,COD,Delivered,7,3,App
O003668,1,2025-11-16,C00717,P0034,1,8521.56,0,Wallet,Delivered,4,4,web
O005039,1,2026-02-27,C00095,P0090,1,4722.78,0.25,Debit Card,Delivered,4,3,App
O004643,1,2026-08-11,C01679,P0032,3,20860.76,0.2,Cash on Delivery,Delivered,2,4,Web
O005316,2,2025-07-12,C01662,P0114,4,1245.69,0.1,COD,Delivered,4,4,web
O004873,1,2025-04-13,C01882,P0095,1,16328.12,0.2,Cash on Delivery,Delivered,4,4,Web
O001553,1,2025-10-04,C00332,P0085,2,10020.6,0.1,upi,Delivered,2,4,web
O002443,4,2025-01-06,C01754,P0102,2,16360.5,0,Credit Card,Delivered,8,2,Web
O001846,1,2025-12-05,C00190,P0022,1,5378.3,0.15,Cash on Delivery,Delivered,5,4,Web
O004912,2,2025-10-10,C00205,P0081,1,21534.11,0.15,upi,Delivered,4,4,web
O005815,2,2026-02-23,C01106,P0126,1,2091.61,0.15,Credit Card,Delivered,3,4,Marketplace
O005421,1,2026-02-20,C00772,P0079,2,7302.53,0.25,upi,Delivered,6,2,Marketplace
O003167,1,2025-02-01,C01694,P0052,2,19033.1,0.15,Debit Card,Delivered,2,4,App
O001491,1,2026-08-12,C00487,P0130,5,17689.97,0.15,upi,Delivered,7,2,Web
O004879,1,2025-10-09,C00711,P0014,1,5736.1,0.05,upi,Delivered,,,APP
O004114,3,2025-08-06,C00645,P0108,4,22379.25,0,Credit Card,Delivered,4,3,App
O002094,1,2025-10-27,C00597,P0003,2,18360.69,0.15,Wallet,Delivered,4,3,APP
O006181,1,2026-06-03,C01514,P0050,1,18397.54,0,credit card,Cancelled,,,App
O001435,1,2025-08-29,C01927,P0003,3,18938.32,0.1,Debit Card,Delivered,4,4,Web
O000899,1,2025-01-28,C01311,P0103,1,27602.18,0.05,Cash on Delivery,Delivered,4,3,App
O005970,1,2025-08-22,C01565,P0132,1,19222.12,0.15,Debit Card,Delivered,4,4,APP
O002843,1,2025-04-06,C00228,P0084,1,17320.97,0,UPI,Delivered,7,3,Marketplace
O001677,1,2025-08-21,C00237,P0032,1,19864.42,0,COD,Delivered,5,3,Web
O000287,1,2025-08-31,C00702,P0120,1,12440.37,0.2,Credit Card,Delivered,6,3,APP
O001007,1,2025-04-24,C01257,P0029,1,4695.49,0.15,Debit Card,Delivered,5,3,APP
O005610,1,2025-01-03,C01616,P0097,2,3455.37,0.15,Cash on Delivery,Delivered,6,3,Web
O001847,1,2025-02-18,C01089,P0065,1,16722.1,0.2,Cash on Delivery,Delivered,5,3,Marketplace
O001932,1,2026-03-05,C00851,P0022,1,5472.99,0.05,credit card,Delivered,2,5,Web
O003090,1,2026-02-10,C01654,P0005,1,5382.36,0.05,UPI,Returned,5,3,web
O005377,1,2026-08-30,C01165,P0082,2,15602.42,0.1,upi,Delivered,4,4,App
O004155,1,2025-06-23,C01270,P0103,1,27781.51,0.25,Wallet,Delivered,5,2,Marketplace
O002123,1,2026-04-09,C00081,P0141,1,12346.81,0,UPI,Delivered,3,,web
O002798,2,2026-07-04,C00780,P0074,1,11177.54,0.2,COD,Delivered,3,4,App
O003146,1,2025-05-17,C01025,P0051,3,4151.45,0.15,Credit Card,Delivered,4,,web
O003998,1,2025-08-03,C00126,P0055,1,9230.46,0.3,Debit Card,Delivered,6,3,APP
O004382,3,2026-08-03,C01183,P0020,2,24712.09,0.1,upi,Delivered,3,4,web
O000401,1,2025-08-02,C00260,P0128,1,13782.22,0.2,Debit Card,Returned,4,4,App
O001597,1,2026-01-19,C01973,P0078,1,26098.06,0.1,upi,Delivered,4,3,APP
O000644,1,2025-10-25,C01616,P0126,2,2067.59,0.15,UPI,Delivered,5,3,App
O005288,1,2025-01-23,C01247,P0050,2,0,0.15,Wallet,Delivered,4,4,web
O001586,1,2026-03-30,C00520,P0018,1,14527.22,0.05,upi,Delivered,,,web
O001112,2,2025-02-22,C00179,P0103,2,27374.17,0.15,Wallet,Delivered,3,4,APP
O006009,1,2026-04-09,C01347,P0046,1,4061.65,0.15,Cash on Delivery,Delivered,4,4,APP
O002289,4,2025-01-21,C01237,P0045,1,27761.99,0,Cash on Delivery,Delivered,4,3,Web
O005515,3,2025-08-25,C00184,P0104,2,4977.47,0.25,Credit Card,Cancelled,,,Web
O001621,3,2025-07-05,C00325,P0043,1,16670.41,0.15,Wallet,Delivered,2,4,web
O004886,2,2025-11-01,C00408,P0073,1,9042.8,0,credit card,Delivered,6,3,App
O004101,1,2025-10-26,C01585,P0048,1,1010.82,0,Cash on Delivery,Delivered,3,4,App
O003871,2,2025-07-20,C01177,P0023,1,26804.16,0.2,Debit Card,Delivered,5,3,APP
O003808,4,2026-03-02,C00795,P0048,1,952.07,0,Debit Card,Delivered,2,4,Marketplace
O003134,1,2025-05-23,C00010,P0112,1,21192.87,0,Credit Card,Delivered,4,3,APP
O005127,2,2025-10-23,C01761,P0072,1,11872.25,0.1,UPI,Delivered,3,3,Marketplace
O002431,2,2025-04-08,C00124,P0090,1,4982.55,0,Wallet,Delivered,8,2,Web
O005567,1,2026-07-05,C00346,P0098,1,13181.16,0.2,Credit Card,Delivered,3,,Web
O001771,2,2025-07-30,C00108,P0079,1,7312.18,0.15,COD,Returned,5,3,APP
O001314,1,2025-03-29,C01631,P0062,3,18704.55,0.05,upi,Delivered,5,,Web
O006243,2,2025-05-06,C01147,P0081,2,21567.77,0,Wallet,Delivered,5,3,Web
O005945,2,2026-08-03,C01791,P0074,1,11234.94,0.2,,Delivered,4,3,APP
O003124,1,2026-05-17,C01221,P0038,1,345.1,0.05,UPI,Delivered,5,3,App
O002186,2,2025-08-24,C01205,P0054,1,13359.25,0.2,Wallet,Delivered,1,5,APP
O002311,1,2025-01-12,C00899,P0061,1,22848.79,0.1,Debit Card,Delivered,7,2,APP
O002751,1,2025-08-11,C00262,P0013,2,5621.83,0.15,credit card,Delivered,2,4,APP
O001332,1,2026-02-28,C01048,P0070,1,4310.77,0.15,COD,Delivered,5,2,Marketplace
O003241,3,2025-11-04,C01689,P0134,1,17920.37,0.5,Cash on Delivery,Returned,5,3,Web
O004317,3,2026-07-07,C01139,P0132,2,19382.63,0.2,upi,Delivered,4,4,web
O003543,2,2025-09-24,C00619,P0111,3,1839.62,0.05,Wallet,Delivered,2,4,web
O005075,1,2026-08-05,C01349,P0023,1,26145.22,0.1,Cash on Delivery,Returned,5,4,APP
O005814,1,2025-12-18,C01864,P0083,1,5544.8,0.1,upi,Returned,5,3,App
O000332,1,2025-06-09,C01966,P0103,1,26859.24,0,Wallet,Delivered,4,4,web
O001302,1,2026-07-31,C00731,P0033,4,610.79,0.25,Wallet,Cancelled,,,App
O001015,2,2025-04-19,C00848,P0023,1,27619.24,0.25,Debit Card,Delivered,3,4,App
O001235,1,2026-04-23,C00295,P0131,1,18465.4,0.1,Wallet,Delivered,6,3,web
O002335,1,2026-03-09,C01425,P0038,2,345.4,0,COD,Delivered,4,3,APP
O001270,1,2026-02-18,C00943,P0109,1,15237.65,0.1,Credit Card,Delivered,1,,Marketplace
O001481,2,2025-03-10,C00605,P0123,1,9438.18,0.15,Debit Card,Returned,2,4,App
O000651,3,2026-04-21,C01867,P0053,3,7484.5,0.2,upi,Returned,6,3,Web
O004601,2,2026-07-28,C00101,P0054,1,12879.67,0.1,COD,Delivered,4,3,APP
O002529,1,2025-06-25,C00911,P0136,1,13172.12,0.1,COD,Delivered,6,2,Web
O001209,1,2025-11-02,C00261,P0083,1,5639.21,0.05,Debit Card,Delivered,6,2,web
O002182,1,2025-07-11,C01617,P0111,2,1937.35,0.15,,Cancelled,,,Marketplace
O001871,1,2025-12-13,C00944,P0142,1,11528.72,0.1,credit card,Delivered,5,3,App
O005626,2,2026-05-24,C01941,P0002,3,10314.97,0.1,credit card,Delivered,4,4,web
O000437,1,2025-07-05,C01071,P0060,1,17406.28,0.1,Wallet,Returned,,,Web
O001788,4,2025-12-08,C00343,P0109,1,14314.71,0,Credit Card,Delivered,,,Web
O006356,1,2025-08-23,C01234,P0080,2,23079.2,0,Debit Card,Delivered,3,4,Web
O004418,1,2025-07-01,C01535,P0140,1,13705.55,0.15,Debit Card,Delivered,5,4,web
O003749,1,2025-05-17,C00977,P0077,2,10738.73,0.3,upi,Delivered,2,4,App
O002839,1,2025-01-07,C00595,P0096,1,2925.54,0.1,Credit Card,Delivered,2,4,Web
O003200,1,2026-01-10,C00151,P0073,2,8777.09,0.05,UPI,Delivered,4,4,App
O001639,2,2025-09-19,C01201,P0005,2,5474.54,0.05,upi,Delivered,7,2,App
O000366,1,2025-01-05,C01932,P0005,1,5126.17,0.05,Cash on Delivery,Delivered,6,2,web
O005805,2,2025-09-17,C01261,P0076,1,26328.99,0.05,upi,Delivered,3,4,Marketplace
O005166,1,2026-06-22,C01015,P0001,2,9064.08,0.15,Cash on Delivery,Delivered,5,,web
O001086,1,2025-01-22,C00801,P0009,1,13918.24,0,upi,Delivered,4,4,Web
O005228,2,2025-05-07,C01426,P0043,1,16395.92,0,Debit Card,Delivered,3,3,web
O003547,3,2025-02-19,C00651,P0027,2,18940.33,0.5,Debit Card,Delivered,2,4,Marketplace
O003095,1,2025-06-30,C00690,P0053,2,7491.12,0,Wallet,Returned,2,4,App
O005808,2,2025-08-04,C01705,P0129,1,15086.16,0.05,Debit Card,Delivered,6,2,Marketplace
O005680,1,2026-04-19,C00034,P0056,1,10609.74,0.05,Debit Card,Delivered,3,4,web
O000419,1,2025-04-29,C00248,P0124,3,13543.06,0.2,Debit Card,Cancelled,,,APP
O002014,1,2025-03-29,C00316,P0117,4,3409.01,0.15,upi,Delivered,1,5,Web
O003183,2,2025-09-16,C01201,P0046,1,4076.19,0,COD,Delivered,3,5,Marketplace
O005922,1,2025-02-26,C01311,P0103,1,26302.85,0.25,Wallet,Delivered,4,4,APP
O001465,2,2025-07-27,C01859,P0100,1,13597.39,0.15,Wallet,Delivered,5,3,Marketplace
O006277,1,2025-11-07,C01627,P0043,1,15671.19,0,upi,Delivered,5,3,web
O005939,2,2025-09-17,C00633,P0002,1,10675.01,0,Credit Card,Delivered,4,3,Web
O001733,1,2026-05-30,C00122,P0135,1,3447.88,0.15,upi,Delivered,5,3,App
O001872,1,2025-09-08,C01038,P0058,1,13327.38,0.3,Debit Card,Delivered,5,,App
O004384,1,2025-04-06,C00857,P0139,1,3580.32,0.1,upi,Delivered,7,2,APP
O000760,1,2025-08-07,C00979,P0090,1,4781.78,0.15,upi,Cancelled,,,web
O006463,3,2026-08-04,C00812,P0077,1,10879.5,0.15,Debit Card,Delivered,4,3,App
O001923,2,2026-08-27,C01965,P0013,1,5381.34,0,Cash on Delivery,Delivered,4,,web
O002880,1,2026-06-08,C00718,P0075,1,10430.75,0.15,UPI,Delivered,5,3,APP
O006440,2,2025-08-01,C00549,P0049,3,1506.27,0.05,Debit Card,Cancelled,,,Web
O005028,2,2025-12-14,C01847,P0080,1,23168.83,0.1,Cash on Delivery,Delivered,5,3,Marketplace
O005116,2,2025-08-22,C00103,P0090,2,4659.49,0.05,Cash on Delivery,Delivered,3,4,App
O004955,2,2026-01-18,C01503,P0118,2,3187.64,0.1,COD,Delivered,5,3,Web
O005145,2,2025-07-16,C01646,P0021,1,21861.94,0.1,upi,Delivered,4,3,App
O006417,1,2025-10-25,C01682,P0142,1,11431.13,0.25,COD,Delivered,4,3,Marketplace
O003439,2,2025-01-01,C00367,P0004,1,18259.95,0.05,Wallet,Delivered,6,2,web
O005675,1,2025-05-03,C01690,P0108,1,21929.53,0,Debit Card,Delivered,6,3,Marketplace
O004996,1,2026-06-18,C01375,P0094,2,6457.31,0,Credit Card,Delivered,3,4,web
O004091,2,2025-08-07,C00978,P0103,1,27871.6,0,Debit Card,Delivered,3,5,App
O000469,2,2025-03-22,C01568,P0043,2,16324.51,0.15,Credit Card,Delivered,2,4,APP
O002297,1,2026-07-24,C00865,P0018,1,14382.87,0.05,upi,Delivered,5,3,App
O002689,2,2025-10-31,C00868,P0008,4,22411.38,0.15,COD,Delivered,4,4,web
O005570,2,2026-05-22,C00796,P0098,2,12807.42,0.1,credit card,Delivered,3,4,Web
O002317,1,2025-03-20,C01134,P0059,1,17183.79,0.2,Wallet,Delivered,5,3,Marketplace
O003669,1,2025-10-19,C00417,P0113,1,3054.0,0.05,credit card,Returned,5,,Marketplace
O000463,1,2025-10-03,C01149,P0047,2,29499.68,0.15,UPI,Delivered,4,3,Marketplace
O001019,1,2026-07-21,C00623,P0058,1,12697.89,0.15,Cash on Delivery,Delivered,3,3,APP
O004520,3,2025-04-29,C00359,P0104,1,5146.84,0.1,,Delivered,6,3,App
O004255,1,2025-01-25,C01560,P0027,1,20096.97,0.2,Debit Card,Delivered,5,,APP
O002645,1,2025-09-16,C00148,P0065,3,18054.18,0.3,UPI,Delivered,4,,web
O001564,1,2025-10-26,C00768,P0027,1,19306.58,0.2,Wallet,Delivered,2,4,APP
O005672,2,2025-10-05,C00391,P0124,2,13716.6,0.1,UPI,Delivered,9,2,Web
O002596,2,2025-05-06,C00965,P0057,1,4823.32,0.2,COD,Delivered,4,3,Marketplace
O006146,1,2025-07-27,C01402,P0027,1,18927.0,0.15,Wallet,Delivered,3,4,Web
O001194,2,2025-06-26,C00590,P0098,2,12265.62,0,upi,Delivered,4,4,App
O003255,1,2026-04-09,C01819,P0135,1,3512.29,0.15,Wallet,Delivered,4,3,APP
O002326,2,2026-01-26,C00557,P0038,3,326.66,0.15,UPI,Delivered,4,4,Marketplace
O003059,1,2025-02-09,C00508,P0116,1,11733.66,0.3,Wallet,Delivered,3,3,Web
O003882,3,2025-03-09,C01074,P0064,1,4765.35,0.2,UPI,Delivered,1,4,web
O001377,1,2026-02-12,C01555,P0042,1,7142.18,0.3,UPI,Delivered,5,2,APP
O001636,2,2026-04-30,C01824,P0031,1,23347.66,0,Wallet,Delivered,4,3,App
O001278,1,2026-02-21,C01988,P0082,1,15285.96,0.1,upi,Delivered,4,4,Marketplace
O005561,1,2025-09-02,C00240,P0088,1,24758.75,0,UPI,Delivered,6,,APP
O005223,3,2026-05-22,C01964,P0041,1,19911.39,0,Credit Card,Delivered,3,4,Web
O004414,2,2025-01-03,C01150,P0123,1,9153.0,0.1,credit card,Delivered,4,4,Marketplace
O005794,1,2025-05-13,C01472,P0063,1,16707.5,0.3,Credit Card,Returned,6,3,App
O001665,2,2026-08-02,C01581,P0015,1,22277.04,0.15,Wallet,Delivered,4,4,Web
O000370,1,2025-03-25,C00399,P0108,1,22289.67,0.15,Debit Card,Delivered,5,3,Web
O001048,4,2025-09-04,C01750,P0083,2,5708.99,0,Credit Card,Delivered,3,4,APP
O005735,2,2025-08-06,C01600,P0110,4,8672.79,0.15,upi,Delivered,4,4,Web
O004050,2,2025-06-13,C01698,P0086,1,3766.75,0,Wallet,Delivered,4,4,App
O000560,1,2025-10-11,C00359,P0102,1,16160.37,0.15,COD,Delivered,4,3,APP
O000428,1,2025-08-29,C00656,P0052,1,18408.41,0.2,credit card,Cancelled,,,web
O003711,1,2026-05-15,C00103,P0102,1,16625.99,0.65,Debit Card,Delivered,6,3,web
O001081,1,2026-05-07,C01413,P0071,2,11580.17,0.3,Cash on Delivery,Delivered,6,3,web
O005783,2,2025-05-21,C00510,P0126,1,2083.17,0.15,UPI,Delivered,2,4,Marketplace
O005851,1,2025-11-02,C00383,P0021,1,22015.57,0.1,Wallet,Delivered,4,4,web
O002938,1,2026-06-04,C01605,P0033,1,642.24,0,Wallet,Delivered,3,3,App
O004478,1,2026-03-30,C00738,P0129,2,14478.18,0,COD,Delivered,2,4,App
O002633,3,2025-06-15,C01497,P0120,1,12853.44,0.15,Cash on Delivery,Delivered,6,3,APP
O000517,1,2026-01-05,C01258,P0111,1,1911.92,0.2,COD,Delivered,3,4,Web
O000864,3,2025-02-21,C00855,P0092,1,4135.87,0.25,credit card,Delivered,5,3,Marketplace
O002423,2,2025-09-07,C00229,P0007,3,11663.19,0.2,UPI,Delivered,3,4,Web
O004981,1,2026-04-10,C00885,P0115,1,4824.17,0.2,Debit Card,Delivered,6,3,Marketplace
O000781,2,2025-08-23,C01784,P0075,1,10847.97,0.1,Debit Card,Delivered,4,4,Marketplace
O000931,2,2025-09-22,C01406,P0041,2,19710.62,0.2,upi,Delivered,3,,APP
O004466,2,2025-01-03,C00510,P0142,1,11961.44,0.1,credit card,Delivered,3,5,Web
O001426,1,2026-02-23,C00815,P0015,1,22121.33,0.05,credit card,Delivered,6,3,App
O004782,1,2025-10-01,C01405,P0046,2,4123.07,0.1,Cash on Delivery,Delivered,3,4,web
O004093,3,2025-12-18,C01579,P0022,1,5428.86,0.5,Cash on Delivery,Delivered,2,,web
O001779,1,2026-01-08,C00219,P0040,4,13491.91,0.1,Cash on Delivery,Delivered,4,4,Marketplace
O000091,2,2025-06-30,C00887,P0013,3,5657.75,0.15,Wallet,Cancelled,,,Web
O000636,3,2025-08-21,C01478,P0018,2,14627.22,0,credit card,Delivered,4,3,Marketplace
O002667,1,2025-03-23,C00554,P0123,1,8900.88,0.2,upi,Cancelled,,,APP
O005501,2,2025-08-09,C01299,P0118,3,3179.94,0.1,upi,Delivered,5,3,web
O004387,1,2025-11-09,C01680,P0090,1,4798.15,0.15,UPI,Returned,4,4,Web
O005264,1,2026-05-29,C01254,P0032,2,21134.55,0,COD,Delivered,2,5,APP
O001097,3,2026-08-29,C01209,P0107,1,24037.91,0.2,Credit Card,Delivered,1,5,App
O004368,3,2026-02-27,C00567,P0017,2,3135.74,0.2,Cash on Delivery,Delivered,3,4,Web
O005049,1,2025-02-08,C00431,P0001,4,9264.9,0.15,Debit Card,Returned,5,3,Marketplace
O002774,1,2026-03-01,C01906,P0125,4,4538.53,0,COD,Returned,5,3,APP
O006461,1,2026-06-30,C01677,P0004,1,19212.02,0.15,Cash on Delivery,Delivered,5,4,APP
O004746,2,2025-02-06,C01765,P0101,1,8172.85,0,UPI,Delivered,6,3,Marketplace
O002139,1,2025-05-24,C01440,P0045,2,27496.33,0.2,Debit Card,Delivered,6,2,App
O002050,1,2026-06-22,C01347,P0077,1,10664.85,0.2,Cash on Delivery,Delivered,2,,web
O003352,2,2025-04-10,C00056,P0033,1,639.74,0.15,Credit Card,Delivered,3,4,Marketplace
O003968,3,2026-04-07,C01613,P0132,3,18621.28,0.15,Debit Card,Delivered,,,Web
O003141,1,2026-03-26,C00770,P0143,2,4238.46,0.05,Wallet,Delivered,6,3,APP
O000073,1,2026-04-27,C00343,P0013,1,5697.41,0.15,upi,Delivered,4,4,web
O003338,1,2025-03-18,C00505,P0032,1,20039.21,0.1,UPI,Delivered,5,4,App
O001867,1,2026-05-02,C00493,P0139,2,3456.46,0.2,Credit Card,Delivered,4,3,APP
O004391,1,2025-01-20,C01087,P0078,5,25555.12,0.2,Cash on Delivery,Delivered,6,3,Web
O002015,1,2026-02-08,C01860,P0049,2,1406.67,0.1,Credit Card,Delivered,3,4,Web
O005756,3,2026-02-24,C01027,P0010,1,24187.73,0.05,COD,Delivered,4,4,Marketplace
O003982,2,2025-11-06,C01062,P0049,2,1492.53,0.2,Wallet,Delivered,3,5,Web
O000886,2,2026-04-29,C01557,P0109,1,15095.79,0.25,Credit Card,Returned,4,4,APP
O003477,1,2025-02-03,C01841,P0086,1,3766.39,0.15,UPI,Delivered,,,App
O001958,2,2025-01-19,C00944,P0090,1,4779.43,0.2,Wallet,Delivered,2,5,Web
O006485,1,2025-09-26,C00772,P0029,1,4686.11,0.25,Credit Card,Delivered,5,3,Web
O000495,1,2025-11-05,C01054,P0074,1,10430.19,0.1,upi,Returned,3,4,web
O000691,2,2025-02-15,C00497,P0024,1,20656.33,0.05,credit card,Delivered,4,4,APP
O006412,2,2025-01-06,C01011,P0062,1,17935.94,0.05,Cash on Delivery,Delivered,3,3,App
O005441,4,2025-02-07,C00473,P0127,1,13867.9,0,Cash on Delivery,Returned,4,4,Web
O004395,1,2025-11-30,C00112,P0104,1,4879.91,0,Debit Card,Delivered,4,3,Marketplace
O001594,2,2025-05-17,C01167,P0132,4,18799.61,0,Debit Card,Returned,6,3,Web
O000998,1,2025-08-28,C00659,P0063,1,17676.34,0.25,credit card,Delivered,2,,Web
O006145,1,2025-10-02,C00499,P0002,1,10461.38,0.1,Cash on Delivery,Delivered,3,5,Marketplace
O005227,1,2025-07-21,C00357,P0120,1,13333.18,0.05,Cash on Delivery,Delivered,2,5,web
O004966,2,2026-06-27,C00370,P0057,1,4481.85,0.2,Credit Card,Delivered,5,3,Marketplace
O005842,3,2025-12-05,C01600,P0093,1,23148.78,0.05,credit card,Delivered,4,3,App
O000933,3,2026-03-27,C01338,P0103,3,28150.26,0,Wallet,Delivered,7,2,web
O002819,1,2026-05-08,C01828,P0038,3,340.64,0,Credit Card,Cancelled,,,Web
O004093,2,2025-12-18,C01579,P0136,1,13588.12,0.2,Cash on Delivery,Delivered,2,,web
O002813,1,2025-02-04,C00541,P0057,1,4701.08,0.05,Wallet,Delivered,4,4,Marketplace
O000175,1,2025-08-02,C01210,P0114,1,1280.79,0,upi,Delivered,5,3,Marketplace
O001845,2,2026-02-24,C01367,P0003,1,18455.88,0.05,Cash on Delivery,Delivered,4,4,web
O000149,1,2026-08-07,C00107,P0042,1,6799.32,0.1,Wallet,Delivered,7,,App
O000635,3,2026-08-14,C00201,P0030,1,14717.06,0.15,UPI,Delivered,5,4,Web
O003182,2,2025-01-03,C01309,P0114,1,1198.54,0.5,UPI,Delivered,4,4,APP
O005272,1,2026-03-26,C00797,P0010,1,23163.94,0.1,Cash on Delivery,Delivered,7,2,web
O000766,1,2026-01-03,C00931,P0137,1,4634.15,0.25,Wallet,Returned,3,4,web
O002970,2,2026-06-26,C01340,P0003,1,19324.78,0.1,UPI,Delivered,5,3,web
O003725,1,2025-03-23,C00666,P0006,1,20689.7,0.25,COD,Delivered,4,4,Web
O003861,1,2025-05-23,C01509,P0085,1,9702.89,0.3,Credit Card,Returned,4,4,web
O005243,1,2025-06-29,C00354,P0082,1,15214.5,0,COD,Delivered,5,3,App
O000848,1,2025-09-25,C00803,P0109,1,15090.84,0.5,UPI,Delivered,3,4,web
O005332,1,2025-09-14,C01865,P0083,5,5444.0,0.05,Credit Card,Delivered,2,5,App
O004852,1,2026-06-23,C01618,P0100,1,13775.29,0.25,upi,Delivered,5,2,APP
O004710,2,2025-05-20,C00406,P0048,1,966.74,0.25,Cash on Delivery,Delivered,3,4,Marketplace
O005817,1,2025-10-26,C00292,P0003,2,19392.79,0.2,Cash on Delivery,Cancelled,,,APP
O003870,2,2025-07-05,C00550,P0038,1,338.25,0.1,Debit Card,Delivered,6,3,APP
O003220,2,2025-11-15,C01963,P0128,1,13938.64,0.2,Cash on Delivery,Delivered,3,4,Marketplace
O001935,3,2025-08-31,C00487,P0094,2,6262.52,0.1,Credit Card,Delivered,6,3,App
O001774,1,2026-07-05,C01324,P0043,1,15668.66,0.05,Debit Card,Delivered,4,4,Web
O000394,2,2025-08-09,C00249,P0002,1,10348.85,0.15,Credit Card,Delivered,3,3,Marketplace
O003659,1,2026-04-30,C00467,P0143,1,3985.41,0.05,Cash on Delivery,Delivered,6,3,web
O000076,1,2025-05-15,C01894,P0093,4,22869.19,0.15,upi,Delivered,3,3,App
O001444,2,2026-05-21,C01346,P0117,1,3479.17,0,UPI,Delivered,4,3,App
O000198,1,2025-03-13,C01287,P0102,1,16083.39,0.1,COD,Delivered,5,2,Web
O001210,3,2026-03-28,C01279,P0123,4,9075.62,0.25,Credit Card,Delivered,5,,App
O001438,4,2026-05-06,C01290,P0016,1,20572.59,0.15,Credit Card,Delivered,5,3,App
O003036,1,2025-06-25,C01673,P0143,4,3919.58,0.05,Credit Card,Delivered,2,4,web
O003314,1,2026-05-04,C00648,P0086,1,3574.03,0.05,Credit Card,Delivered,4,4,web
O001072,1,2026-02-11,C00086,P0120,1,13220.9,0.1,COD,Delivered,6,3,APP
O006285,2,2025-01-13,C00006,P0010,3,24291.45,0.1,Debit Card,Delivered,5,2,App
O000640,2,2025-03-09,C00322,P0094,2,6011.98,0.1,COD,Delivered,5,3,Web
O005960,1,2026-08-14,C00469,P0112,2,21164.5,0,Cash on Delivery,Delivered,4,4,Marketplace
O003592,1,2025-02-18,C00222,P0058,1,13466.94,0.25,Credit Card,Delivered,5,4,web
O006451,2,2026-08-27,C01343,P0032,1,20250.65,0.1,Wallet,Delivered,3,4,APP
O002322,1,2025-01-12,C00713,P0063,2,17093.55,0.15,credit card,Delivered,3,3,App
O002845,2,2025-05-07,C01228,P0105,1,25473.44,0.15,Cash on Delivery,Delivered,5,4,APP
O004398,1,2025-04-01,C00830,P0128,2,13850.24,0.2,Debit Card,Delivered,3,3,web
O005505,1,2026-05-18,C00209,P0001,1,9401.82,0.05,Cash on Delivery,Delivered,6,2,APP
O003291,1,2026-02-17,C00717,P0023,1,26855.45,0.05,credit card,Cancelled,,,App
O001488,1,2026-03-21,C00357,P0050,1,17668.68,0.15,Wallet,Cancelled,,,App
O004812,2,2026-03-07,C00206,P0043,1,15889.26,0.1,Cash on Delivery,Delivered,5,2,Web
O004943,2,2025-12-31,C00946,P0062,1,18756.3,0.25,Wallet,Delivered,5,2,Web
O005602,1,2025-09-05,C00841,P0144,2,8304.63,0.1,upi,Cancelled,,,APP
O005828,1,2025-02-15,C01036,P0073,2,9422.22,0.65,Credit Card,Delivered,6,3,APP
O000873,2,2025-10-27,C01727,P0019,1,24554.66,0.1,UPI,Delivered,7,2,APP
O001799,1,2026-07-17,C00492,P0128,1,13775.48,0.05,credit card,Returned,2,,Web
O003263,2,2026-03-03,C00008,P0109,1,14582.98,0.25,credit card,Delivered,3,3,APP
O000913,1,2026-08-06,C01365,P0092,1,3987.45,0.1,COD,Delivered,3,3,APP
O000638,1,2025-06-25,C01638,P0113,1,2961.93,0,Wallet,Delivered,4,4,Marketplace
O002499,1,2025-12-21,C00115,P0053,3,7629.97,0.3,credit card,Delivered,6,3,Web
O005550,2,2025-03-19,C01723,P0137,1,4552.87,0.2,Credit Card,Delivered,6,2,web
O006466,1,2025-03-26,C00191,P0123,1,9249.35,0.2,Credit Card,Delivered,1,5,Marketplace
O001070,2,2025-09-10,C01585,P0124,1,14144.96,0.1,Cash on Delivery,Delivered,4,3,App
O003942,1,2025-04-20,C01376,P0129,1,14955.64,0.1,Debit Card,Delivered,4,3,App
O006055,2,2026-07-30,C00994,P0094,2,6174.47,0.25,Wallet,Delivered,5,,App
O001317,2,2025-01-31,C00702,P0066,1,22955.92,0.25,COD,Delivered,4,4,Marketplace
O003835,3,2026-01-09,C00337,P0019,1,25424.67,0.15,Wallet,Delivered,1,4,web
O003353,3,2026-06-07,C00267,P0065,1,16852.55,0.2,Credit Card,Cancelled,,,Web
O000204,1,2025-06-13,C01185,P0028,5,8862.12,0,credit card,Delivered,5,3,Web
O001995,2,2026-05-14,C01378,P0043,1,15817.54,0.25,Credit Card,Delivered,3,4,Marketplace
O005553,1,2025-05-26,C00544,P0142,1,11807.33,0.2,credit card,Delivered,3,4,Marketplace
O000030,1,2026-05-31,C01670,P0138,1,1039.42,0,,Returned,2,5,App
O004917,1,2025-11-12,C01920,P0054,1,12608.69,0.1,Credit Card,Delivered,7,2,Web
O001306,1,2025-10-08,C00569,P0105,2,24801.8,0.05,COD,Delivered,3,4,web
O000907,1,2026-08-22,C00609,P0092,3,4154.15,0.2,Debit Card,Delivered,6,3,Web
O002484,1,2025-02-04,C01192,P0062,1,18120.87,0.15,Wallet,Delivered,6,2,web
O001475,1,2025-08-21,C01854,P0049,1,1434.16,0.05,COD,Cancelled,,,App
O005182,1,2025-08-16,C00522,P0028,1,8510.66,0.2,Cash on Delivery,Delivered,6,2,Marketplace
O001159,3,2026-05-28,C01516,P0030,2,14359.29,0,Cash on Delivery,Delivered,7,2,Marketplace
O000870,3,2025-11-19,C01808,P0075,1,10438.41,0.2,upi,Delivered,4,3,Web
O004695,2,2025-02-08,C01758,P0063,3,17111.28,0.1,Cash on Delivery,Delivered,3,4,Marketplace
O003670,1,2026-05-22,C01534,P0076,5,27519.48,0,Debit Card,Delivered,3,4,APP
O001414,1,2026-05-18,C00288,P0072,4,11986.32,0.25,Debit Card,Delivered,4,3,web
O003609,1,2026-02-01,C01173,P0064,2,4502.42,0.05,COD,Delivered,4,3,web
O004047,1,2025-02-21,C01176,P0142,2,12075.85,0.1,Debit Card,Cancelled,,,App
O004759,1,2025-07-22,C00933,P0117,1,3626.34,0.25,credit card,Delivered,4,3,web
O000750,3,2025-01-24,C01532,P0051,1,4285.73,0.15,Credit Card,Delivered,3,4,web
O003331,2,2026-04-28,C00633,P0088,1,24676.55,0.1,Cash on Delivery,Delivered,3,4,APP
O001465,4,2025-07-27,C01859,P0074,1,10896.65,0.25,Wallet,Delivered,5,3,Marketplace
O002047,1,2025-06-14,C01482,P0072,1,12664.54,0,UPI,Cancelled,,,Web
O005960,2,2026-08-14,C00469,P0133,1,3700.86,0,Cash on Delivery,Delivered,4,4,Marketplace
O001378,1,2026-05-18,C00524,P0003,1,19654.01,0.15,Credit Card,Delivered,,,web
O000475,1,2025-07-19,C00864,P0085,2,10109.58,0.2,credit card,Returned,4,4,App
O002586,2,2026-07-31,C01854,P0014,1,5664.35,0.1,UPI,Delivered,7,2,Web
O006323,2,2025-06-15,C00356,P0026,5,0,0.1,upi,Delivered,2,4,web
O002284,2,2026-07-31,C00824,P0008,4,23197.97,0.3,credit card,Delivered,2,4,Web
O002521,3,2025-02-07,C01528,P0114,1,1204.9,0.05,UPI,Delivered,6,3,Marketplace
O005619,2,2025-10-19,C00480,P0078,3,26732.86,0.25,Wallet,Delivered,2,5,web
O002897,1,2025-01-17,C01822,P0021,1,22099.83,0.05,Debit Card,Delivered,1,4,Marketplace
O005038,1,2025-11-29,C00895,P0114,1,1236.95,0.1,Debit Card,Cancelled,,,web
O004178,1,2026-08-11,C00877,P0071,1,11056.4,0.15,Cash on Delivery,Delivered,4,3,APP
O005386,1,2025-05-08,C00840,P0125,1,4624.36,0.1,upi,Delivered,4,3,App
O000063,1,2025-05-13,C00950,P0094,1,6497.28,0.05,UPI,Delivered,5,3,Web
O000804,3,2025-07-07,C00840,P0111,1,1822.86,0.1,Wallet,Delivered,4,4,App
O002344,3,2026-05-14,C01508,P0063,1,16991.94,0.05,Credit Card,Delivered,1,5,App
O003126,4,2025-09-26,C00652,P0081,1,23273.14,0.2,Cash on Delivery,Delivered,3,3,App
O001746,1,2026-08-09,C01177,P0054,1,13332.07,0.1,upi,Delivered,3,3,web
O004219,3,2025-11-20,C00325,P0053,2,7370.16,0.2,UPI,Delivered,5,,web
O001582,1,2026-01-09,C00028,P0040,1,13227.75,0.05,Cash on Delivery,Delivered,5,3,App
O000990,1,2026-05-05,C01096,P0019,2,24756.89,0.25,Cash on Delivery,Delivered,4,4,APP
O003025,1,2025-03-31,C00113,P0068,3,9645.99,0.1,COD,Delivered,7,3,web
O001471,2,2026-04-11,C00939,P0142,1,12181.49,0.1,COD,Delivered,6,2,APP
O006415,2,2025-03-29,C00450,P0111,3,1882.37,0.1,UPI,Delivered,3,4,App
O005573,1,2025-09-27,C01379,P0117,1,3418.1,0.2,credit card,Delivered,3,3,App
O005157,2,2026-05-01,C01153,P0085,1,10425.96,0.1,Wallet,Delivered,4,4,Web
O004360,2,2026-05-06,C01696,P0076,1,26703.24,0.15,credit card,Delivered,3,3,APP
O000491,2,2025-01-23,C01787,P0022,4,5420.96,0.3,Cash on Delivery,Cancelled,,,Marketplace
O005142,1,2025-07-16,C00288,P0094,1,6008.49,0,Cash on Delivery,Delivered,6,3,web
O006412,1,2025-01-06,C01011,P0060,2,16262.62,0,Cash on Delivery,Delivered,3,3,App
O003078,2,2025-03-03,C01635,P0072,2,12131.43,0,Wallet,Delivered,5,3,Marketplace
O003240,1,2026-05-09,C00146,P0038,2,326.18,0.1,upi,Delivered,5,3,APP
O002205,3,2026-04-13,C00203,P0064,1,4665.23,0.15,Cash on Delivery,Delivered,8,2,APP
O002437,1,2026-01-13,C01081,P0122,5,1171.36,0,upi,Returned,8,2,App
O001253,1,2025-10-21,C01410,P0139,1,3471.16,0,Cash on Delivery,Delivered,6,3,Marketplace
O000520,1,2025-03-30,C01528,P0091,1,243.83,0.15,COD,Delivered,5,2,Marketplace
O001008,1,2025-07-30,C00748,P0087,1,6776.43,0.1,upi,Delivered,4,3,Web
O005231,2,2025-08-14,C01911,P0052,4,19707.43,0,Debit Card,Cancelled,,,Marketplace
O000847,2,2025-09-21,C01481,P0091,2,262.94,0.25,Cash on Delivery,Delivered,7,3,Web
O003893,1,2025-01-01,C01495,P0048,2,967.34,0.3,Wallet,Delivered,4,3,APP
O005696,1,2025-12-20,C01794,P0059,1,17263.48,0.1,Wallet,Delivered,3,3,Web
O002934,1,2025-11-28,C01249,P0039,5,12675.86,0.2,upi,Delivered,1,5,Marketplace
O003192,1,2025-11-15,C00028,P0033,1,633.05,0.3,COD,Delivered,4,4,App
O002541,3,2025-09-12,C00963,P0124,1,13884.52,0.05,Debit Card,Delivered,6,3,Web
O003931,2,2025-10-11,C01509,P0026,2,14231.93,0.3,upi,Delivered,1,,Web
O000849,1,2026-07-29,C00894,P0057,1,4688.07,0.2,UPI,Delivered,2,4,App
O004640,1,2025-03-12,C01805,P0066,1,22418.21,0.25,upi,Returned,4,4,Web
O001500,1,2026-08-22,C01250,P0130,3,17160.51,0.1,Wallet,Returned,1,5,web
O003249,3,2025-06-26,C00300,P0049,1,1470.21,0.1,credit card,Delivered,6,3,APP
O000089,1,2025-04-30,C00617,P0106,1,2537.02,0.15,Debit Card,Delivered,5,4,APP
O000205,2,2025-10-06,C01663,P0141,2,12304.17,0.1,UPI,Delivered,5,3,Web
O004763,2,2026-07-31,C00696,P0022,2,5225.64,0.25,Credit Card,Delivered,3,4,Marketplace
O003587,1,2026-04-17,C00866,P0041,1,20144.9,0.15,Cash on Delivery,Delivered,6,3,APP
O000690,2,2025-01-30,C00339,P0139,1,3552.24,0,Credit Card,Delivered,4,4,Web
O001239,1,2026-01-02,C00651,P0021,2,22903.76,0,credit card,Delivered,5,3,Web
O001617,2,2025-02-23,C01760,P0061,4,22596.0,0.2,Debit Card,Delivered,6,2,Marketplace
O004148,1,2026-08-24,C00256,P0130,1,17424.3,0.05,credit card,Delivered,,,Marketplace
O003627,1,2025-11-03,C00816,P0088,1,24609.33,0,COD,Delivered,4,3,APP
O001383,1,2026-08-26,C01951,P0030,1,14332.08,0,Cash on Delivery,Delivered,7,2,web
O003912,1,2026-02-08,C01374,P0094,2,6043.93,0.15,credit card,Delivered,2,4,Web
O003850,1,2026-07-04,C00505,P0124,1,13846.94,0.15,UPI,Delivered,5,4,web
O002173,2,2025-09-01,C01757,P0067,2,10836.61,0.65,COD,Delivered,1,4,App
O004034,1,2026-07-04,C00440,P0028,2,8803.41,0.15,Wallet,Returned,4,3,web
O004047,4,2025-02-21,C01176,P0102,1,16525.14,0,Debit Card,Cancelled,,,App
O005529,1,2025-01-12,C01861,P0053,2,7324.79,0.25,UPI,Delivered,7,3,web
O000058,2,2026-08-26,C01123,P0078,1,25559.09,0.1,Debit Card,Delivered,6,3,Web
O004351,1,2026-04-27,C01890,P0021,1,22578.07,0,Cash on Delivery,Delivered,1,4,Web
O000768,1,2025-11-12,C01223,P0106,1,2567.32,0,Debit Card,Delivered,4,3,web
O003428,2,2025-06-30,C01832,P0138,1,1028.65,0.25,Wallet,Returned,,,web
O004677,2,2025-12-02,C00965,P0001,1,9244.54,0.1,credit card,Delivered,3,4,APP
O005868,1,2026-03-13,C01218,P0101,2,8090.4,0.15,upi,Delivered,,,web
O001582,3,2026-01-09,C00028,P0010,1,22866.94,0.1,Cash on Delivery,Delivered,5,3,App
O001181,2,2026-01-12,C00965,P0090,2,4763.37,0.2,COD,Delivered,7,2,APP
O004583,2,2026-05-06,C01528,P0010,1,23283.15,0.2,upi,Delivered,4,4,APP
O002022,2,2025-12-06,C01450,P0069,1,11358.36,0.25,Cash on Delivery,Delivered,3,3,APP
O005725,2,2025-11-09,C01612,P0096,3,2952.56,0.05,COD,Delivered,,,Marketplace
O005081,1,2025-03-23,C00425,P0103,3,26561.93,0.1,upi,Delivered,3,4,Web
O003532,1,2025-02-18,C00631,P0082,4,15517.57,0,Wallet,Delivered,3,4,Marketplace
O001271,1,2026-06-21,C00130,P0042,1,6988.89,0.05,Credit Card,Cancelled,,,web
O003461,3,2025-12-09,C01334,P0017,1,3137.91,0.15,Cash on Delivery,Delivered,7,2,Marketplace
O003647,1,2026-01-22,C00171,P0129,3,15511.51,0.05,credit card,Delivered,3,4,Web
O000646,3,2025-11-08,C00482,P0104,2,5128.76,0.1,Debit Card,Delivered,2,4,App
O003280,2,2026-06-06,C00628,P0111,1,1894.28,0.25,Credit Card,Returned,4,3,Web
O003678,3,2026-01-20,C00731,P0040,1,13203.08,0.1,COD,Delivered,6,3,Marketplace
O003300,1,2026-05-08,C00601,P0130,2,18038.29,0.1,credit card,Delivered,3,3,APP
O002542,3,2026-07-31,C00158,P0031,1,22900.96,0.1,credit card,Delivered,6,2,web
O001602,2,2026-08-16,C00222,P0101,2,8598.9,0.05,Wallet,Cancelled,,,web
O002711,2,2026-01-14,C00440,P0141,3,12470.92,0.15,Debit Card,Delivered,3,4,web
O005555,1,2026-02-13,C00195,P0029,1,4992.95,0.15,Wallet,Delivered,4,3,Marketplace
O000886,1,2026-04-29,C01557,P0092,2,4127.45,0.2,Credit Card,Returned,4,4,APP
O004087,1,2025-12-19,C00970,P0115,3,4888.16,0.15,Debit Card,Delivered,3,,web
O002433,1,2025-02-12,C00400,P0025,1,3895.94,0,Wallet,Delivered,3,4,APP
O003665,2,2025-12-08,C00088,P0091,1,252.85,0.05,UPI,Delivered,4,4,App
O004678,3,2025-04-01,C00168,P0103,1,27931.42,0.1,Credit Card,Delivered,,,App
O001739,1,2025-05-24,C00795,P0121,2,22150.03,0,credit card,Delivered,3,4,APP
O006184,1,2026-02-10,C01737,P0115,1,4727.98,0.05,Cash on Delivery,Delivered,1,4,web
O004736,1,2025-03-19,C00679,P0016,1,19877.66,0.1,Credit Card,Delivered,5,3,Marketplace
O004821,1,2026-06-09,C00232,P0045,1,29176.46,0.1,upi,Delivered,1,4,APP
O001101,1,2025-11-27,C01752,P0057,2,4726.69,0.1,credit card,Delivered,2,5,Web
O004452,1,2025-05-11,C01095,P0106,2,2601.15,0,COD,Delivered,6,3,App
O005248,4,2025-06-02,C01457,P0142,1,11475.28,0.65,Wallet,Delivered,7,2,App
O001663,1,2025-11-22,C00574,P0067,2,11190.51,0.1,Debit Card,Delivered,7,2,App
O001882,2,2025-04-19,C00971,P0016,2,20078.41,0.15,upi,Delivered,5,2,Marketplace
O000196,1,2025-10-23,C01983,P0018,1,14544.0,0.1,Cash on Delivery,Delivered,3,4,APP
O000978,3,2026-03-14,C01834,P0008,1,23338.67,0.1,Cash on Delivery,Delivered,4,3,Marketplace
O002532,1,2026-04-18,C00301,P0035,1,17954.76,0.05,Wallet,Delivered,3,3,Marketplace
O000408,1,2025-04-26,C00138,P0133,2,3913.94,0.05,Credit Card,Returned,6,2,App
O000688,2,2026-04-06,C01302,P0126,1,1995.03,0.15,credit card,Returned,2,4,APP
O002165,1,2025-03-24,C01381,P0028,4,8758.43,0.05,COD,Returned,5,3,APP
O004721,1,2026-05-27,C00647,P0050,1,17759.43,0.1,credit card,Delivered,3,3,web
O002568,1,2026-02-16,C01843,P0048,2,1016.03,0.05,COD,Delivered,4,3,APP
O004686,1,2025-10-19,C01849,P0066,1,22670.44,0.2,upi,Delivered,5,,Web
O005050,1,2025-04-04,C01311,P0109,4,14924.04,0.15,upi,Delivered,5,4,Web
O001441,3,2026-03-22,C00168,P0054,1,13037.85,0,UPI,Delivered,7,1,Web
O000894,2,2026-05-25,C00122,P0129,1,15375.03,0,Cash on Delivery,Delivered,4,4,web
O002223,2,2025-08-26,C01365,P0053,3,7372.67,0.2,Debit Card,Returned,,,Marketplace
O003476,2,2025-12-02,C00274,P0050,3,17664.5,0.3,UPI,Delivered,5,,App
O004766,1,2026-06-04,C00526,P0025,1,3853.91,0,UPI,Delivered,3,4,Marketplace
O003294,2,2025-04-22,C00340,P0100,1,13491.4,0.1,UPI,Delivered,7,2,Marketplace
O002334,1,2025-11-25,C00693,P0052,3,19844.95,0.2,UPI,Delivered,4,4,App
O005854,1,2026-08-07,C01768,P0048,5,954.99,0.1,COD,Returned,4,3,APP
O002237,1,2026-04-23,C01559,P0119,1,19891.56,0.1,upi,Delivered,2,4,Marketplace
O004875,2,2026-06-09,C01599,P0092,2,4167.75,0.1,Wallet,Delivered,4,4,Web
O004259,2,2025-05-26,C00461,P0048,1,1019.7,0.15,credit card,Returned,3,4,Web
O004080,2,2026-08-08,C00691,P0010,1,23359.17,0.05,upi,Delivered,5,2,web
O000156,1,2025-10-30,C00230,P0118,1,3074.25,0.05,Wallet,Delivered,5,3,App
O004277,1,2025-07-03,C00095,P0131,1,18563.75,0.05,COD,Delivered,3,4,Marketplace
O001965,1,2026-07-06,C00316,P0128,2,14141.72,0.05,Wallet,Delivered,5,3,App
O005560,1,2026-08-26,C00682,P0106,1,2618.78,0,Credit Card,Delivered,4,4,App
O003940,1,2025-01-09,C00344,P0095,1,15531.03,0.15,UPI,Delivered,3,4,web
O004246,1,2025-10-16,C00013,P0107,1,22846.68,0.2,Wallet,Delivered,2,4,Marketplace
O002964,1,2025-10-19,C00356,P0120,2,13187.06,0.15,upi,Delivered,4,4,Marketplace
O003597,1,2026-07-13,C01548,P0027,3,19218.48,0.25,UPI,Delivered,1,5,App
O003795,2,2026-02-18,C00465,P0008,1,23298.64,0.15,credit card,Returned,7,2,Web
O006467,2,2025-04-11,C01277,P0133,1,3886.16,0.15,Wallet,Delivered,3,4,web
O005247,1,2026-04-18,C00134,P0125,2,4469.37,0.15,credit card,Cancelled,,,App
O005891,2,2025-06-20,C00835,P0067,2,10854.11,0.2,Wallet,Returned,3,3,APP
O004394,1,2025-06-21,C00495,P0041,2,20734.81,0.25,Cash on Delivery,Delivered,7,3,web
O004450,4,2025-02-26,C00030,P0090,1,4704.56,0,upi,Delivered,3,4,web
O004633,2,2026-03-22,C00062,P0140,2,13282.36,0.25,COD,Delivered,4,3,web
O003817,1,2026-03-18,C01368,P0103,1,27756.37,0,COD,Delivered,4,4,Marketplace
O003709,1,2025-08-24,C01227,P0140,1,13491.34,0.15,Wallet,Delivered,4,3,APP
O002777,1,2025-03-30,C00596,P0012,1,7936.63,0.25,Cash on Delivery,Returned,4,3,Marketplace
O003834,3,2025-06-11,C00548,P0048,2,997.84,0,upi,Delivered,5,4,APP
O001288,1,2026-07-29,C01011,P0089,1,18413.8,0.25,Credit Card,Returned,5,2,App
O000197,1,2026-02-26,C00639,P0076,2,25923.58,0,credit card,Delivered,6,3,Web
O003084,1,2026-05-10,C01042,P0087,1,6581.94,0.2,upi,Delivered,4,3,web
O004805,2,2025-03-09,C01490,P0075,1,10954.52,0.05,Debit Card,Delivered,3,4,web
O004552,1,2026-04-20,C00558,P0143,1,4245.06,0,Debit Card,Delivered,3,4,Marketplace
O005745,1,2025-09-30,C00969,P0074,1,11181.59,0,Credit Card,Delivered,4,4,Web
O003229,1,2026-06-20,C00930,P0068,4,9461.73,0,credit card,Delivered,2,4,web
O006484,1,2025-02-08,C00013,P0052,4,19045.14,0.2,UPI,Returned,3,4,Marketplace
O003209,1,2025-01-18,C00720,P0033,2,618.54,0.3,Debit Card,Cancelled,,,web
O001791,2,2026-07-04,C01955,P0136,1,13243.88,0.15,Debit Card,Delivered,2,5,Web
O006195,3,2025-01-11,C01887,P0058,1,0,0.15,upi,Delivered,3,3,Marketplace
O001207,4,2025-08-07,C01568,P0086,4,3666.6,0.15,upi,Cancelled,,,App
O006017,2,2026-03-12,C00777,P0102,2,16053.86,0.05,Debit Card,Cancelled,,,Marketplace
O005080,2,2025-08-01,C00313,P0037,2,17871.37,0.25,Credit Card,Delivered,3,4,Web
O002681,2,2025-01-17,C01187,P0075,2,11028.77,0.15,credit card,Delivered,4,4,App
O003271,2,2026-06-09,C01578,P0074,1,10540.71,0.3,Credit Card,Delivered,2,4,web
O005635,1,2025-05-03,C00267,P0131,1,19137.02,0.2,UPI,Delivered,3,4,Marketplace
O005558,1,2026-08-02,C01019,P0054,1,12996.07,0.05,Credit Card,Delivered,5,3,APP
O002658,1,2025-10-28,C01618,P0125,1,4450.44,0.05,Credit Card,Delivered,1,5,App
O003790,2,2025-04-04,C01617,P0140,1,13164.18,0.1,COD,Returned,3,4,Web
O004311,1,2026-06-29,C00338,P0030,4,14969.91,0.15,credit card,Cancelled,,,APP
O005452,1,2025-05-10,C00910,P0120,1,12827.06,0.05,UPI,Delivered,4,3,App
O005139,1,2025-10-10,C01333,P0059,1,17739.83,0.05,UPI,Returned,2,5,APP
O001527,2,2026-01-23,C01910,P0017,1,3325.09,0,upi,Delivered,7,2,APP
O000437,2,2025-07-05,C01071,P0005,2,5239.9,0.15,Wallet,Returned,,,Web
O002737,2,2025-11-01,C00333,P0089,3,18029.83,0.65,Wallet,Delivered,4,4,APP
O004908,2,2025-01-06,C00553,P0138,1,1016.71,0.15,COD,Delivered,3,3,web
O005208,3,2025-09-03,C00090,P0127,1,14505.66,0,credit card,Delivered,1,5,Web
O002774,2,2026-03-01,C01906,P0080,2,21956.35,0.15,COD,Returned,5,3,APP
O002781,2,2025-07-06,C00110,P0030,1,14971.14,0.05,upi,Delivered,3,4,App
O003190,1,2025-05-25,C01476,P0085,3,9728.49,0.5,Credit Card,Delivered,5,2,Web
O001476,1,2025-03-23,C01498,P0069,1,11605.41,0.15,UPI,Cancelled,,,Web
O005476,2,2025-01-17,C00300,P0015,3,22193.46,0.1,credit card,Delivered,4,4,Marketplace
O005554,3,2025-05-11,C01164,P0049,1,1412.53,0,COD,Delivered,4,3,web
O004872,1,2025-02-08,C00530,P0111,2,1866.14,0,UPI,Delivered,6,2,web
O002376,1,2025-12-15,C01881,P0005,1,5278.75,0.1,upi,Delivered,5,2,Marketplace
O005314,2,2025-06-16,C01335,P0108,1,21043.38,0.05,,Delivered,5,3,APP
O005685,1,2026-06-10,C00101,P0027,1,20300.72,0.05,credit card,Delivered,4,4,Marketplace
O003527,1,2025-12-06,C00455,P0134,3,17753.19,0.2,Credit Card,Delivered,4,4,App
O003722,1,2025-01-17,C00461,P0138,5,1018.58,0.3,COD,Delivered,4,4,App
O003891,1,2026-08-05,C01610,P0119,1,19179.96,0.25,Cash on Delivery,Delivered,5,3,Web
O004978,2,2025-12-27,C01372,P0002,1,10768.77,0,Wallet,Delivered,4,3,APP
O000081,1,2025-09-18,C00616,P0079,2,7525.87,0.1,Wallet,Delivered,3,,web
O003294,1,2025-04-22,C00340,P0139,1,3501.84,0,UPI,Delivered,7,2,Marketplace
O004032,2,2026-07-15,C01041,P0111,1,1865.6,0.05,credit card,Cancelled,,,Web
O003845,1,2026-02-09,C00979,P0079,1,7537.14,0.2,COD,Delivered,6,2,web
O001093,1,2026-05-20,C00867,P0023,1,27145.41,0.25,upi,Delivered,3,4,APP
O003671,2,2025-09-06,C01408,P0100,1,14017.75,0.2,UPI,Delivered,3,4,APP
O003334,3,2025-03-28,C00247,P0118,1,3155.67,0.1,UPI,Delivered,4,4,web
O004382,1,2026-08-03,C01183,P0009,1,14814.8,0,upi,Delivered,3,4,web
O006415,1,2025-03-29,C00450,P0094,2,6220.1,0.05,UPI,Delivered,3,4,App
O004606,1,2025-02-16,C00915,P0117,1,3653.71,0.1,Credit Card,Delivered,2,4,Web
O005858,1,2025-11-01,C01217,P0073,5,9348.4,0.2,Credit Card,Delivered,5,3,Marketplace
O001365,1,2025-05-13,C00577,P0111,3,1916.17,0.1,Cash on Delivery,Delivered,4,3,APP
O006470,1,2026-06-18,C01615,P0012,2,7921.11,0.15,Debit Card,Delivered,6,3,web
O005777,1,2025-01-21,C01220,P0128,1,13852.2,0.2,Credit Card,Delivered,6,3,web
O004580,1,2025-10-04,C00802,P0121,1,21460.79,0.15,UPI,Delivered,5,4,APP
O002551,1,2025-03-05,C01757,P0021,1,22420.86,0.5,credit card,Delivered,3,4,web
O004013,2,2026-05-08,C01718,P0075,2,10502.95,0.2,upi,Delivered,5,4,web
O005215,2,2026-08-09,C00242,P0135,1,3479.54,0.15,upi,Delivered,7,2,App
O003334,2,2025-03-28,C00247,P0113,1,3047.43,0.05,UPI,Delivered,4,4,web
O006490,3,2025-08-17,C00286,P0129,5,15296.4,0.1,COD,Cancelled,,,APP
O006222,1,2025-03-22,C00023,P0079,3,7362.08,0.3,UPI,Delivered,5,4,Web
O001888,1,2025-03-25,C01993,P0086,1,3708.59,0.1,credit card,Delivered,2,4,APP
O004354,1,2025-08-20,C00361,P0014,1,5889.56,0.2,Credit Card,Delivered,3,5,APP
O005383,1,2025-01-05,C01423,P0099,4,20207.96,0.15,upi,Delivered,5,3,App
O000719,3,2026-05-27,C00926,P0072,1,12240.65,0,Debit Card,Delivered,6,3,App
O004714,2,2025-06-03,C00478,P0135,1,3316.48,0.05,credit card,Delivered,4,4,Marketplace
O005976,3,2025-09-19,C00770,P0100,3,0,0.15,credit card,Delivered,5,3,APP
O002344,1,2026-05-14,C01508,P0131,1,17697.24,0.2,Credit Card,Delivered,1,5,App
O000507,1,2025-05-31,C01451,P0096,2,2836.23,0.2,COD,Delivered,,,APP
O000561,2,2025-01-26,C01128,P0060,1,16226.33,0.1,Wallet,Delivered,1,5,Web
O000626,1,2025-11-06,C00821,P0084,2,16697.05,0.2,Wallet,Delivered,4,4,App
O004989,1,2025-12-05,C00558,P0018,2,13773.42,0.1,UPI,Delivered,6,2,web
O005340,1,2025-02-12,C00504,P0031,2,23239.63,0.3,COD,Delivered,3,5,Web
O001636,1,2026-04-30,C01824,P0023,1,26081.23,0.05,Wallet,Delivered,4,3,App
O001397,1,2025-07-22,C01648,P0080,1,23326.58,0,credit card,Delivered,3,4,Web
O002273,2,2026-04-21,C00577,P0062,3,18972.55,0.1,Wallet,Delivered,3,4,App
O004768,2,2025-03-07,C00908,P0095,1,15443.64,0.15,upi,Delivered,7,2,App
O000106,1,2025-07-12,C00064,P0041,2,20497.89,0.1,COD,Returned,3,3,APP
O003999,1,2025-10-09,C01922,P0092,2,4241.38,0.2,Debit Card,Delivered,5,2,App
O001753,3,2025-11-12,C00999,P0084,3,17090.35,0.05,Wallet,Delivered,5,3,APP
O005859,2,2025-03-19,C01013,P0143,1,4007.49,0.15,Credit Card,Delivered,8,1,App
O004518,1,2025-01-31,C00390,P0103,3,27334.46,0.15,credit card,Returned,2,4,Marketplace
O003933,1,2025-09-22,C00104,P0031,1,23266.1,0.1,Debit Card,Delivered,6,2,Marketplace
O002862,1,2026-07-01,C01737,P0051,2,4229.22,0.2,credit card,Returned,5,3,APP
O003745,1,2025-10-12,C01309,P0068,1,9649.88,0.25,UPI,Delivered,4,3,web
O002701,1,2025-11-28,C01528,P0039,2,12425.92,0.3,credit card,Delivered,6,2,web
O002716,1,2025-01-20,C00180,P0066,2,23063.97,0.25,COD,Cancelled,,,Web
O004799,3,2026-04-16,C01961,P0079,2,7494.72,0.15,Wallet,Delivered,2,,web
O002059,1,2025-12-03,C01746,P0061,1,21415.67,0.15,credit card,Delivered,3,3,web
O004609,1,2026-06-11,C01637,P0096,2,2853.49,0.15,Credit Card,Delivered,2,5,Web
O001661,2,2025-06-20,C01549,P0038,4,344.33,0,Credit Card,Delivered,3,4,App
O004343,1,2025-04-22,C01672,P0028,1,8782.88,0.3,UPI,Delivered,2,4,APP
O000546,2,2025-02-12,C01062,P0032,1,21080.26,0.3,Wallet,Delivered,3,3,Web
O002137,1,2026-06-30,C01958,P0057,1,4830.41,0.2,upi,Cancelled,,,Web
O004709,1,2025-07-22,C00487,P0008,1,22485.2,0,COD,Delivered,7,2,web
O005248,2,2025-06-02,C01457,P0037,1,17902.82,0,Wallet,Delivered,7,2,App
O004969,1,2026-08-10,C00067,P0066,1,21858.92,0.15,Wallet,Delivered,3,3,web
O001094,1,2025-09-12,C00310,P0011,1,16668.39,0.15,Credit Card,Delivered,8,2,Web
O002285,1,2026-05-04,C01628,P0031,2,22198.32,0.15,Credit Card,Delivered,5,3,Marketplace
O005435,3,2025-05-08,C00048,P0125,2,4715.59,0.15,Wallet,Delivered,3,4,App
O003497,3,2025-01-10,C00872,P0116,2,12375.39,0,credit card,Delivered,3,4,APP
O001398,3,2025-03-08,C00029,P0047,2,28121.79,0.5,Debit Card,Delivered,3,4,App
O003244,2,2025-02-05,C00489,P0012,2,8047.4,0.05,upi,Delivered,4,3,APP
O001737,1,2025-07-21,C01904,P0090,1,4643.19,0,Debit Card,Delivered,3,4,APP
O004951,1,2025-11-25,C00199,P0080,2,22727.88,0.05,credit card,Delivered,5,4,Web
O004266,1,2025-08-18,C01549,P0127,1,14516.62,0.3,upi,Delivered,4,4,APP
O000759,3,2025-06-01,C01224,P0126,4,2109.87,0.05,Credit Card,Delivered,7,1,Marketplace
O005978,3,2025-05-21,C01183,P0097,1,3444.76,0.15,COD,Delivered,3,4,App
O003431,1,2026-06-10,C01242,P0093,2,23467.97,0.25,Credit Card,Delivered,6,2,Web
O002770,1,2026-02-10,C01256,P0045,4,28279.56,0.3,UPI,Delivered,5,3,APP
O004835,1,2026-04-25,C01635,P0080,1,21767.76,0.25,Wallet,Delivered,2,4,APP
O002119,1,2026-02-27,C00941,P0020,1,26491.57,0.25,Debit Card,Delivered,4,4,web
O006249,1,2025-09-16,C00662,P0089,2,17561.26,0.2,upi,Delivered,4,,Web
O000148,1,2025-04-19,C01134,P0095,1,16170.01,0.15,credit card,Delivered,5,3,App
O004925,1,2026-01-31,C01112,P0005,1,5355.33,0.5,Credit Card,Delivered,4,3,Marketplace
O002644,2,2025-04-13,C00751,P0108,2,22226.86,0.15,credit card,Delivered,6,2,Web
O000980,1,2026-02-21,C01024,P0087,1,6576.25,0.05,Cash on Delivery,Delivered,2,4,web
O001856,2,2025-02-26,C01530,P0088,4,25260.54,0.1,COD,Delivered,2,4,Marketplace
O001935,1,2025-08-31,C00487,P0107,1,23931.6,0.05,Credit Card,Delivered,6,3,App
O002957,3,2026-02-28,C01624,P0034,3,8719.09,0,credit card,Delivered,6,3,Marketplace
O002669,1,2025-05-04,C00803,P0052,3,19004.91,0.15,Cash on Delivery,Delivered,6,3,App
O004806,1,2026-04-05,C01682,P0071,1,10915.14,0.15,Cash on Delivery,Delivered,7,3,App
O006143,1,2025-06-30,C01907,P0008,1,22634.91,0.05,Credit Card,Delivered,6,2,Web
O000217,1,2025-05-31,C00207,P0141,3,12915.71,0.05,upi,Delivered,7,3,web
O004142,3,2025-04-12,C00807,P0046,1,4091.61,0.1,Credit Card,Delivered,4,3,APP
O002439,1,2026-05-28,C00135,P0144,1,8135.48,0.1,Wallet,Delivered,7,1,Marketplace
O001226,1,2025-09-05,C01696,P0086,1,3796.67,0.1,,Delivered,5,3,APP
O005525,4,2026-06-11,C01729,P0067,2,10986.04,0.25,Debit Card,Delivered,5,3,Web
O000409,2,2026-02-20,C01022,P0074,1,11135.8,0,upi,Delivered,,,APP
O004931,1,2026-01-07,C01207,P0054,1,12757.56,0.2,Cash on Delivery,Delivered,3,,App
O001318,1,2025-09-28,C01322,P0130,1,16917.95,0,Debit Card,Returned,2,4,Marketplace
O004923,1,2026-03-23,C01118,P0092,2,4179.01,0.2,Credit Card,Delivered,5,3,APP
O001956,3,2025-01-01,C00316,P0014,2,5630.5,0.1,Debit Card,Delivered,7,3,Web
O005443,1,2026-03-24,C01873,P0027,1,19419.75,0.1,COD,Delivered,4,3,App
O001823,1,2026-03-10,C01688,P0140,2,13517.49,0.05,Cash on Delivery,Delivered,3,4,APP
O005030,2,2026-04-28,C01004,P0058,4,12826.1,0.15,Cash on Delivery,Delivered,3,3,Marketplace
O004718,1,2026-04-09,C00846,P0008,2,23165.34,0.1,upi,Delivered,3,5,App
O002219,3,2026-08-12,C00082,P0021,3,22890.96,0.2,COD,Delivered,5,2,Web
O003842,1,2025-06-04,C00550,P0067,1,10885.32,0.3,credit card,Returned,3,4,App
O004461,1,2025-09-07,C00856,P0128,1,14670.19,0.05,UPI,Cancelled,,,APP
O006115,1,2025-07-05,C01993,P0046,1,4062.47,0.1,COD,Delivered,,,Web
O006183,2,2026-03-15,C01709,P0130,1,18230.38,0.2,UPI,Delivered,5,3,web
O003996,1,2025-01-01,C00827,P0004,1,18125.13,0,Wallet,Delivered,4,3,APP
O005911,2,2026-05-20,C01283,P0070,5,4348.05,0.15,COD,Delivered,2,4,APP
O001964,1,2025-03-25,C01325,P0081,2,23099.54,0.05,Debit Card,Delivered,4,3,web
O001676,1,2025-11-05,C01612,P0071,2,10974.63,0.1,Cash on Delivery,Delivered,2,5,Web
O004824,2,2026-06-10,C01104,P0063,3,17503.68,0,COD,Delivered,4,3,Web
O002246,3,2026-04-08,C01421,P0043,1,16301.31,0.25,UPI,Delivered,3,4,App
O000539,2,2025-04-13,C00880,P0087,1,6521.77,0.25,Credit Card,Cancelled,,,Marketplace
O004575,1,2026-01-24,C01922,P0056,2,10587.03,0,Debit Card,Cancelled,,,Marketplace
O000494,2,2025-09-28,C01846,P0085,2,10020.63,0.2,Cash on Delivery,Delivered,4,4,App
O004238,2,2025-02-14,C01339,P0027,2,19952.63,0.2,UPI,Delivered,5,3,web
O002020,2,2025-10-24,C01988,P0002,2,10695.46,0,upi,Delivered,1,5,Web
O002333,1,2026-06-04,C01190,P0009,1,13817.99,0.15,credit card,Delivered,3,5,App
O005227,2,2025-07-21,C00357,P0104,1,5151.24,0.1,Cash on Delivery,Delivered,2,5,web
O000331,1,2026-03-07,C01017,P0140,1,13308.8,0.15,credit card,Delivered,1,5,Marketplace
O001764,1,2025-03-31,C01374,P0079,4,7809.35,0,Cash on Delivery,Delivered,5,4,Web
O004314,1,2026-06-20,C01147,P0091,2,255.82,0.2,credit card,Delivered,5,3,Marketplace
O003639,1,2026-02-12,C01126,P0104,1,5027.85,0.15,UPI,Delivered,5,3,Marketplace
O000588,1,2025-03-28,C01471,P0062,1,18092.86,0.05,UPI,Returned,7,2,App
O006346,1,2026-06-20,C00463,P0008,1,23374.47,0,UPI,Delivered,4,4,Web
O000261,3,2025-11-27,C01738,P0068,1,9525.84,0.15,Debit Card,Delivered,4,4,Marketplace
O000975,2,2025-01-13,C00740,P0088,3,25425.79,0.05,upi,Delivered,4,3,Marketplace
O000765,2,2026-08-28,C01393,P0068,1,9148.84,0.15,COD,Delivered,2,4,Marketplace
O005950,1,2026-03-18,C00584,P0067,1,11210.22,0.2,upi,Delivered,6,2,APP
O003304,1,2025-11-11,C01680,P0135,1,3299.34,0.25,Cash on Delivery,Delivered,4,3,App
O005353,1,2025-12-30,C01881,P0005,1,5215.04,0.05,upi,Returned,4,3,web
O004040,3,2025-07-12,C01284,P0083,1,5651.34,0.25,Credit Card,Delivered,4,4,Marketplace
O005239,1,2025-05-22,C00062,P0069,1,11780.36,0.1,UPI,Delivered,1,5,web
O004723,1,2025-08-29,C00968,P0110,1,8270.86,0.15,Cash on Delivery,Delivered,2,4,Marketplace
O000060,2,2025-11-29,C00220,P0026,2,13973.55,0.1,Debit Card,Delivered,10,1,App
O005552,2,2026-07-16,C00779,P0047,5,28291.18,0,Wallet,Returned,3,4,web
O003286,3,2026-01-10,C00897,P0008,1,22905.85,0.05,Cash on Delivery,Delivered,4,4,APP
O002232,2,2026-07-29,C01079,P0038,1,321.77,0.1,UPI,Delivered,5,3,Marketplace
O004306,1,2025-02-02,C00276,P0105,1,24710.08,0.1,Cash on Delivery,Delivered,7,2,APP
O004271,1,2026-01-28,C01920,P0090,4,4844.86,0.15,UPI,Delivered,2,4,Marketplace
O006370,1,2025-03-07,C00468,P0049,1,1485.45,0.05,upi,Delivered,2,4,web
O003682,1,2025-04-27,C01879,P0049,2,1453.89,0.1,COD,Delivered,6,3,App
O005001,1,2026-05-14,C01640,P0126,1,2082.68,0.25,UPI,Delivered,4,3,Marketplace
O004016,2,2026-02-14,C00959,P0033,3,614.23,0,Credit Card,Delivered,2,,Web
O006481,2,2026-03-10,C01340,P0008,2,23014.98,0,UPI,Delivered,5,3,Marketplace
O004379,2,2025-07-30,C01974,P0072,2,11809.8,0.05,UPI,Delivered,4,3,App
O003282,1,2025-06-02,C01808,P0106,4,2490.97,0,Debit Card,Delivered,2,5,web
O002048,1,2026-07-13,C00981,P0092,1,4031.33,0.1,Debit Card,Delivered,3,4,Web
O006245,2,2026-04-03,C01678,P0127,1,14296.59,0.1,credit card,Delivered,4,4,web
O001718,2,2026-01-20,C01207,P0025,1,3973.49,0.1,Credit Card,Delivered,8,2,APP
O000294,1,2025-01-09,C01278,P0031,1,22323.18,0.15,upi,Delivered,7,2,App
O000423,1,2025-01-14,C00940,P0030,1,14813.71,0,Debit Card,Delivered,3,3,web
O002061,1,2026-03-22,C00896,P0092,1,4015.29,0.15,UPI,Delivered,1,5,Web
O001706,1,2025-05-29,C00977,P0144,1,8525.01,0.3,upi,Delivered,6,2,Marketplace
O004737,2,2025-12-16,C01073,P0065,2,17641.08,0.3,Credit Card,Delivered,4,4,web
O001055,1,2025-10-24,C00810,P0063,1,16981.23,0,credit card,Delivered,,,web
O004725,2,2025-05-05,C00345,P0024,2,20557.31,0.1,COD,Delivered,8,2,App
O002748,1,2026-04-07,C01281,P0004,2,18156.1,0,Cash on Delivery,Returned,4,4,APP
O005243,2,2025-06-29,C00354,P0054,2,12763.51,0,COD,Delivered,5,3,App
O005003,1,2025-04-15,C01038,P0039,2,11951.38,0.05,UPI,Delivered,3,4,Marketplace
O001305,4,2026-01-29,C00361,P0020,1,26640.3,0.1,credit card,Delivered,5,3,Marketplace
O000289,1,2025-05-29,C01661,P0087,1,6701.18,0,upi,Delivered,3,4,App
O005606,1,2025-09-22,C01950,P0123,1,9366.75,0.1,upi,Delivered,5,3,App
O002067,2,2026-02-11,C00229,P0101,1,8305.11,0.1,Wallet,Delivered,,,Web
O002253,1,2025-07-04,C01498,P0018,1,14052.32,0.25,UPI,Delivered,5,2,web
O004505,2,2026-03-27,C01230,P0038,1,345.93,0.25,upi,Delivered,4,3,APP
O006079,1,2025-09-10,C01197,P0036,1,18341.69,0.3,Wallet,Delivered,3,4,web
O004938,1,2025-07-01,C00428,P0081,2,21806.46,0.2,Credit Card,Delivered,4,3,web
O003466,3,2026-02-11,C00507,P0122,1,1152.65,0.2,Wallet,Delivered,3,4,Web
O004741,2,2026-05-29,C00578,P0065,1,17136.36,0.2,UPI,Delivered,5,3,App
O002107,1,2025-12-11,C01778,P0107,2,23001.78,0.1,upi,Delivered,5,3,Web
O006445,1,2025-06-26,C00421,P0070,1,4293.32,0.1,credit card,Returned,5,3,Marketplace
O001675,1,2026-03-12,C00470,P0066,1,21805.97,0,Credit Card,Delivered,7,2,APP
O003921,2,2025-04-04,C00617,P0052,1,19231.13,0.15,credit card,Delivered,7,2,Web
O004832,4,2025-01-30,C01086,P0084,1,17153.46,0.2,upi,Delivered,4,4,Web
O000652,1,2025-04-30,C01532,P0033,2,610.44,0.1,Wallet,Delivered,2,5,Marketplace
O001134,1,2025-01-28,C01279,P0125,2,4482.84,0,Cash on Delivery,Delivered,1,4,APP
O000602,2,2026-02-14,C01554,P0123,1,8913.87,0.05,Credit Card,Delivered,7,1,web
O005721,1,2025-03-08,C00072,P0020,1,25650.37,0.1,upi,Delivered,4,3,web
O003459,1,2025-03-04,C00226,P0120,2,13317.42,0.15,Cash on Delivery,Delivered,6,2,App
O000640,1,2025-03-09,C00322,P0005,1,5128.88,0.1,COD,Delivered,5,3,Web
O004689,1,2025-02-27,C01874,P0017,2,3159.88,0,Credit Card,Delivered,5,3,Marketplace
O001286,1,2025-08-07,C01371,P0105,1,25632.58,0.1,UPI,Cancelled,,,APP
O004607,1,2025-01-08,C00553,P0065,1,17124.96,0,Credit Card,Delivered,2,4,App
O002327,1,2025-11-05,C00950,P0028,2,8269.97,0,credit card,Delivered,6,2,web
O001461,1,2025-10-31,C00561,P0097,1,3522.28,0.3,,Delivered,4,4,web
O006230,2,2026-03-16,C00129,P0122,2,1199.38,0.1,Credit Card,Delivered,,,Marketplace
O001815,2,2025-04-13,C01590,P0088,1,24904.34,0.2,Credit Card,Delivered,7,2,Marketplace
O000690,3,2025-01-30,C00339,P0098,1,12466.03,0.25,Credit Card,Delivered,4,4,Web
O002427,3,2026-07-22,C00517,P0043,1,16089.72,0.15,credit card,Delivered,6,2,App
O006381,2,2025-03-01,C00395,P0105,2,26569.65,0.15,Debit Card,Delivered,4,3,Marketplace
O003385,2,2025-10-09,C01006,P0068,2,9387.06,0.25,Cash on Delivery,Delivered,6,2,APP
O004881,1,2025-06-28,C01679,P0022,1,5304.3,0,Cash on Delivery,Delivered,5,4,web
O002134,1,2025-08-06,C00162,P0142,1,11339.04,0.65,upi,Delivered,2,5,Web
O001356,2,2025-02-13,C01742,P0139,1,3619.33,0.15,credit card,Cancelled,,,App
O000811,1,2025-12-28,C00564,P0042,1,6805.43,0.15,UPI,Delivered,5,2,APP
O004477,1,2026-01-14,C00327,P0069,1,11971.83,0.05,COD,Delivered,3,3,APP
O000489,3,2026-06-20,C01653,P0064,1,4701.4,0.15,COD,Delivered,5,3,Marketplace
O002909,2,2026-05-22,C00887,P0064,2,4846.26,0.1,Credit Card,Delivered,3,4,App
O002675,1,2026-06-20,C00044,P0115,1,4845.87,0,credit card,Delivered,4,3,Web
O001724,2,2025-03-18,C01556,P0037,2,18683.4,0.25,Wallet,Delivered,7,1,Marketplace
O000465,1,2025-04-30,C01410,P0091,2,261.59,0.1,Cash on Delivery,Delivered,6,2,APP
O006264,1,2025-05-19,C01710,P0034,2,8366.87,0.1,UPI,Delivered,5,3,web
O001345,1,2026-06-19,C01122,P0029,5,4901.66,0,UPI,Returned,5,4,web
O000628,1,2025-02-26,C00171,P0118,1,2964.71,0.05,Cash on Delivery,Delivered,4,4,App
O002213,1,2026-08-30,C00737,P0064,1,4842.35,0.05,COD,Delivered,5,3,APP
O004526,1,2026-07-08,C00907,P0110,4,8745.71,0.3,credit card,Delivered,6,3,Marketplace
O006156,1,2025-01-17,C00824,P0010,1,24230.45,0.05,UPI,Delivered,4,4,Marketplace
O006469,1,2025-06-19,C00671,P0049,1,1420.94,0.1,COD,Delivered,2,5,APP
O003499,1,2025-09-11,C01721,P0019,5,25540.63,0.25,UPI,Delivered,4,,Marketplace
O005766,1,2025-05-01,C01018,P0086,2,3739.14,0,COD,Delivered,6,3,Marketplace
O006385,1,2026-04-18,C01147,P0098,2,12516.25,0.15,Debit Card,Cancelled,,,Marketplace
O005064,2,2025-06-04,C00288,P0058,1,13352.95,0.05,Debit Card,Delivered,4,3,App
O002686,1,2026-01-03,C01663,P0046,2,4277.4,0.1,Cash on Delivery,Delivered,6,3,web
O004340,1,2026-03-04,C00533,P0135,1,3301.39,0.3,Credit Card,Delivered,3,4,web
O001632,2,2026-04-04,C01555,P0008,1,23295.29,0.15,UPI,Delivered,7,2,web
O002796,1,2025-10-24,C00103,P0133,1,3682.72,0.05,UPI,Delivered,4,3,APP
O005641,3,2026-03-04,C01582,P0011,2,17316.46,0.1,COD,Delivered,4,3,App
O006118,1,2026-04-03,C00899,P0113,1,2967.33,0.05,Credit Card,Delivered,6,2,Marketplace
O004122,1,2025-01-06,C01587,P0104,2,4900.06,0,Cash on Delivery,Delivered,5,3,web
O002923,1,2025-11-03,C01579,P0060,1,16243.53,0.15,Wallet,Delivered,3,4,web
O000453,2,2026-04-28,C00741,P0029,2,4928.36,0.05,Wallet,Delivered,,,web
O002246,2,2026-04-08,C01421,P0001,2,9649.7,0.1,UPI,Delivered,3,4,App
O001986,2,2025-08-18,C00034,P0041,1,21120.06,0.15,Wallet,Delivered,3,4,APP
O003361,3,2025-12-23,C01913,P0124,1,13416.83,0,COD,Returned,4,4,APP
O006453,1,2025-02-04,C01535,P0039,2,12391.42,0,Credit Card,Delivered,8,2,APP
O003851,1,2025-09-06,C00895,P0034,1,8319.5,0.2,Debit Card,Delivered,5,3,Web
O000877,1,2025-09-21,C01132,P0095,2,15314.97,0,COD,Delivered,4,3,Web
O004606,3,2025-02-16,C00915,P0026,1,14134.38,0.2,Credit Card,Delivered,2,4,Web
O000200,1,2026-06-30,C01465,P0067,1,10727.13,0,Wallet,Delivered,8,2,web
O000242,1,2025-03-06,C00725,P0054,1,12635.73,0.2,,Delivered,4,3,Web
O000736,3,2026-02-11,C01253,P0089,2,18338.75,0.05,credit card,Returned,8,2,App
O001296,1,2025-09-26,C01574,P0125,2,4599.8,0.3,credit card,Delivered,7,2,web
O001577,1,2025-09-29,C00407,P0009,2,14004.3,0.3,UPI,Delivered,6,2,APP
O001824,3,2025-02-22,C01653,P0041,4,21049.3,0,Wallet,Delivered,5,3,App
O003381,1,2025-05-23,C00113,P0074,1,10568.11,0.15,Credit Card,Delivered,5,2,Marketplace
O005280,3,2026-07-21,C01334,P0143,2,4062.25,0.25,UPI,Delivered,3,4,web
O005220,3,2026-08-19,C00454,P0144,3,8411.66,0,Credit Card,Delivered,5,4,Marketplace
O005596,1,2026-05-02,C01289,P0078,2,25740.08,0.2,UPI,Delivered,5,3,Web
O003126,1,2025-09-26,C00652,P0099,2,19486.14,0,Cash on Delivery,Delivered,3,3,App
O000097,1,2026-05-25,C01614,P0126,1,2129.9,0.15,Credit Card,Returned,5,4,APP
O006491,1,2025-12-09,C01676,P0118,1,3082.43,0.1,UPI,Delivered,5,2,APP
O000410,1,2025-02-21,C01690,P0101,2,8536.88,0.15,UPI,Delivered,3,4,App
O005465,2,2026-07-02,C01741,P0133,1,3913.22,0,credit card,Delivered,5,2,Marketplace
O003287,1,2025-06-28,C00125,P0029,2,4784.75,0,UPI,Delivered,2,4,APP
O004119,4,2025-12-16,C00341,P0039,1,12459.96,0.05,Credit Card,Delivered,7,3,App
O002224,1,2025-12-20,C00195,P0024,1,0,0.2,upi,Delivered,4,3,web
O000717,1,2025-08-08,C01440,P0027,3,18978.48,0.1,upi,Delivered,6,3,App
O001960,1,2025-06-14,C00275,P0017,2,3343.83,0.15,credit card,Delivered,5,,web
O002933,4,2025-02-04,C00966,P0085,3,10341.06,0.1,Debit Card,Delivered,4,3,APP
O001657,2,2025-08-31,C01124,P0129,1,14919.54,0.5,Wallet,Delivered,4,3,App
O001425,1,2025-12-19,C01407,P0075,2,10814.23,0.25,credit card,Delivered,5,4,APP
O002202,1,2025-08-17,C01683,P0002,1,10691.63,0.15,Cash on Delivery,Returned,4,4,web
O000754,3,2025-08-26,C00734,P0092,1,4051.59,0.05,Cash on Delivery,Delivered,5,2,Marketplace
O004425,2,2025-02-10,C00806,P0056,1,11102.78,0.15,Debit Card,Delivered,6,3,Marketplace
O002323,1,2026-01-15,C01488,P0133,1,3822.79,0.25,Credit Card,Delivered,1,,App
O001703,4,2025-07-11,C01695,P0092,1,4055.42,0,COD,Cancelled,,,App
O000046,1,2025-03-31,C00272,P0144,5,8341.86,0.3,COD,Delivered,3,4,web
O002164,1,2026-02-17,C00442,P0073,1,9075.45,0.15,upi,Delivered,3,4,web
O002367,1,2026-02-18,C01162,P0114,1,1279.06,0.1,upi,Delivered,1,4,Web
O000591,2,2025-03-26,C00723,P0078,1,26324.12,0.15,UPI,Delivered,2,5,APP
O004163,1,2025-04-28,C01793,P0057,3,4796.09,0.15,Cash on Delivery,Delivered,3,5,Marketplace
O006195,1,2025-01-11,C01887,P0036,2,18168.42,0.5,upi,Delivered,3,3,Marketplace
O004119,1,2025-12-16,C00341,P0020,1,25191.68,0.2,Credit Card,Delivered,7,3,App
O004149,2,2025-10-18,C01603,P0089,2,18570.8,0.1,COD,Delivered,3,4,Web
O002920,2,2025-06-04,C01770,P0042,1,6791.18,0.15,Wallet,Delivered,7,2,Marketplace
O001119,1,2026-02-01,C01906,P0115,4,4870.6,0.2,COD,Returned,4,,APP
O003269,2,2026-04-28,C01435,P0057,1,4724.65,0.2,Credit Card,Delivered,5,4,Web
O003922,3,2025-11-21,C00443,P0112,1,22771.76,0.15,UPI,Returned,4,3,Marketplace
O001099,1,2026-02-05,C00726,P0089,1,17428.45,0.05,upi,Delivered,6,3,APP
O000799,1,2025-07-23,C01494,P0031,1,23122.54,0.1,Cash on Delivery,Delivered,3,4,Marketplace
O003632,1,2026-01-31,C01706,P0082,1,14644.97,0.05,UPI,Delivered,7,1,Marketplace
O000374,2,2025-01-17,C00278,P0023,2,27300.79,0.15,Wallet,Delivered,6,2,App
O004672,1,2026-08-21,C00341,P0099,2,20268.21,0.05,Credit Card,Delivered,3,4,Marketplace
O004983,1,2025-05-28,C01727,P0134,1,18058.0,0.1,Wallet,Delivered,1,5,Web
O000808,1,2025-05-13,C00982,P0116,5,11747.71,0.3,,Delivered,1,5,Marketplace
O001472,1,2025-07-22,C00880,P0140,2,13159.62,0.05,Credit Card,Delivered,4,4,Web
O004195,1,2025-08-31,C00663,P0134,1,17990.51,0.2,Credit Card,Delivered,4,4,App
O001635,1,2026-01-28,C01196,P0050,1,17619.69,0.25,Wallet,Delivered,3,4,APP
O002948,1,2026-07-31,C01447,P0003,1,18697.38,0.15,Debit Card,Delivered,5,3,web
O006448,1,2026-03-02,C00717,P0053,1,7425.28,0,UPI,Delivered,3,4,APP
O000525,2,2025-09-01,C00152,P0006,1,20892.03,0.25,UPI,Delivered,4,4,web
O004597,2,2025-03-28,C01617,P0065,1,17004.21,0.05,Debit Card,Delivered,7,2,Web
O001412,1,2025-01-26,C01114,P0099,1,19296.98,0.2,credit card,Delivered,7,1,App
O005211,2,2026-07-07,C01932,P0081,1,21740.72,0.1,credit card,Delivered,3,4,Web
O005809,3,2026-08-17,C01805,P0072,2,12353.68,0.1,Wallet,Delivered,5,4,APP
O001211,1,2026-04-03,C01524,P0009,3,14576.98,0.1,upi,Delivered,6,3,web
O005211,1,2026-07-07,C01932,P0102,1,16416.56,0.05,credit card,Delivered,3,4,Web
O003565,2,2025-03-04,C00527,P0051,2,4167.3,0.2,upi,Delivered,4,4,App
O001584,2,2026-08-27,C01638,P0005,1,5279.0,0.15,UPI,Delivered,1,4,Marketplace
O002898,1,2025-05-24,C01167,P0006,1,19827.56,0.65,credit card,Delivered,6,3,APP
O004332,1,2026-08-28,C01656,P0041,1,20826.16,0.5,COD,Delivered,2,5,Web
O003335,1,2025-06-28,C00217,P0119,2,20213.34,0.05,upi,Delivered,3,3,web
O005481,1,2025-07-31,C00083,P0035,1,17421.26,0.15,Wallet,Delivered,3,3,Web
O006500,3,2025-04-27,C00501,P0047,1,29307.08,0.1,Wallet,Delivered,5,3,APP
O002368,1,2026-02-11,C00436,P0030,1,15027.44,0.05,COD,Delivered,6,2,Web
O005254,1,2025-08-12,C01067,P0098,1,12211.94,0.05,upi,Delivered,3,3,web
O003957,1,2026-02-09,C00365,P0116,5,12181.57,0.1,UPI,Delivered,5,3,Marketplace
O005419,3,2025-01-01,C01999,P0096,1,2926.33,0.05,credit card,Delivered,2,4,App
O004663,1,2025-12-26,C00782,P0016,1,20664.26,0.25,Wallet,Delivered,8,1,APP
O003549,1,2025-01-22,C01412,P0090,1,4757.62,0.2,Wallet,Delivered,4,4,APP
O004914,1,2025-09-25,C00324,P0018,2,13933.25,0.1,COD,Delivered,3,3,Web
O000257,2,2025-08-28,C00828,P0133,1,3682.9,0.2,upi,Delivered,6,3,Web
O004840,2,2025-09-30,C01941,P0076,2,26199.67,0.2,credit card,Delivered,4,4,web
O004105,1,2025-02-08,C00935,P0040,1,12911.18,0,credit card,Delivered,3,4,Web
O002492,1,2026-03-11,C01359,P0097,1,3588.96,0.15,Cash on Delivery,Returned,6,3,App
O002412,3,2025-11-06,C00867,P0056,1,10921.74,0.2,upi,Delivered,5,4,App
O000935,2,2025-08-26,C01322,P0079,1,7350.77,0.15,Debit Card,Delivered,4,4,App
O000961,1,2025-12-31,C01855,P0110,1,8709.66,0.2,COD,Delivered,5,3,Web
O003600,1,2025-04-01,C00969,P0015,1,22579.46,0.2,Credit Card,Delivered,5,3,web
O001758,2,2025-04-27,C01957,P0065,1,17298.51,0.15,Cash on Delivery,Delivered,5,,web
O005654,3,2025-05-01,C00535,P0028,1,8502.53,0.2,upi,Cancelled,,,web
O003227,4,2025-08-29,C00045,P0031,1,22795.38,0.1,credit card,Delivered,1,5,Marketplace
O000437,3,2025-07-05,C01071,P0037,1,18481.76,0,Wallet,Returned,,,Web
O006171,3,2026-02-27,C01723,P0089,1,17898.48,0.15,Debit Card,Cancelled,,,Marketplace
O004093,1,2025-12-18,C01579,P0098,1,12521.81,0,Cash on Delivery,Delivered,2,,web
O000268,2,2025-07-08,C01314,P0029,1,4882.96,0.2,Debit Card,Delivered,5,4,App
O002156,1,2025-12-11,C01079,P0126,2,1989.55,0.2,credit card,Delivered,5,3,APP
O000604,2,2026-05-08,C00540,P0096,1,2914.82,0.65,Cash on Delivery,Delivered,6,3,web
O006165,1,2025-07-02,C01090,P0018,1,14025.85,0.15,COD,Returned,3,3,APP
O002075,1,2025-10-03,C00513,P0077,1,10557.66,0,credit card,Delivered,6,2,web
O004399,2,2025-10-29,C01656,P0101,1,8534.38,0.15,UPI,Delivered,5,2,Marketplace
O005378,2,2025-03-04,C00679,P0136,4,13153.13,0,Debit Card,Delivered,4,4,Web
O000267,2,2025-02-01,C01051,P0117,2,3396.91,0.25,UPI,Delivered,2,4,Marketplace
O005760,1,2025-12-01,C00167,P0090,1,4855.12,0.1,COD,Delivered,1,5,Web
O006033,1,2025-04-25,C01656,P0096,1,3035.42,0.3,Credit Card,Delivered,7,2,APP
O003806,1,2026-07-20,C00916,P0053,2,7163.69,0.1,Credit Card,Delivered,7,2,Marketplace
O003685,1,2025-03-06,C01073,P0084,1,16529.39,0.2,Credit Card,Delivered,3,4,Marketplace
O005312,4,2026-06-21,C01242,P0048,1,990.76,0,Credit Card,Delivered,3,,App
O003331,3,2026-04-28,C00633,P0040,2,12923.36,0.25,Cash on Delivery,Delivered,3,4,APP
O006182,1,2026-07-03,C00028,P0030,1,14796.4,0.25,Credit Card,Delivered,2,4,Web
O005549,3,2026-02-01,C01927,P0137,1,4653.85,0,Wallet,Delivered,6,3,web
O002674,2,2025-05-08,C00106,P0097,1,3645.01,0.15,upi,Delivered,,,App
O001202,3,2026-05-07,C00025,P0044,1,13001.57,0.1,COD,Returned,7,3,Marketplace
O001845,1,2026-02-24,C01367,P0045,2,28310.38,0.3,Cash on Delivery,Delivered,4,4,web
O006167,2,2026-03-04,C01193,P0028,1,8294.6,0.2,credit card,Delivered,1,5,APP
O003193,1,2026-04-17,C01798,P0129,1,14501.67,0.1,Debit Card,Delivered,7,2,Marketplace
O003436,2,2025-04-25,C00968,P0035,3,17977.29,0.15,credit card,Delivered,5,3,web
O004669,1,2026-08-25,C01166,P0068,1,9255.31,0.1,Wallet,Delivered,6,3,Marketplace
O001331,1,2025-11-23,C00345,P0133,3,3789.46,0.05,UPI,Delivered,2,4,Marketplace
O001816,2,2026-06-07,C01213,P0087,3,6646.44,0.05,Debit Card,Delivered,4,,App
O000635,1,2026-08-14,C00201,P0120,1,12408.44,0,UPI,Delivered,5,4,Web
O005821,3,2025-09-15,C01552,P0142,2,11418.43,0.15,COD,Delivered,4,3,web
O004675,1,2025-11-16,C00813,P0024,1,21233.52,0.15,UPI,Delivered,4,3,Marketplace
O004282,1,2025-05-17,C00320,P0043,2,16151.12,0.15,credit card,Delivered,1,,App
O001863,1,2025-10-26,C00870,P0024,2,21300.72,0.25,Wallet,Delivered,5,4,App
O004654,2,2025-04-08,C00042,P0136,1,14079.08,0.15,credit card,Delivered,4,4,Marketplace
O003170,1,2025-03-21,C01516,P0129,1,14725.84,0.1,Wallet,Delivered,5,4,Marketplace
O003986,1,2025-05-13,C00588,P0014,1,5809.37,0.05,Wallet,Delivered,7,3,Marketplace
O004189,2,2026-06-24,C00937,P0086,1,3661.66,0,COD,Cancelled,,,Marketplace
O001964,2,2025-03-25,C01325,P0122,1,1136.91,0.05,Debit Card,Delivered,4,3,web
O002536,1,2025-01-23,C01108,P0126,2,2059.34,0.2,upi,Delivered,3,5,Web
O002020,1,2025-10-24,C01988,P0019,1,24954.33,0.15,upi,Delivered,1,5,Web
O000345,1,2026-01-22,C00851,P0101,2,8029.37,0.15,upi,Delivered,5,4,App
O002371,3,2025-04-13,C00877,P0028,2,8214.61,0.25,COD,Delivered,4,3,Web
O004120,1,2025-07-06,C00437,P0141,2,12766.06,0.05,credit card,Delivered,5,,APP
O001831,1,2026-01-02,C01751,P0068,2,8982.81,0,Wallet,Delivered,5,2,Marketplace
O005844,2,2026-07-15,C01531,P0077,1,10835.45,0.1,UPI,Delivered,5,3,Web
O005326,1,2025-05-19,C00564,P0003,2,19208.52,0.1,Debit Card,Delivered,2,4,APP
O002591,2,2026-07-04,C00466,P0016,1,20986.36,0.3,UPI,Delivered,,,Marketplace
O005104,1,2026-08-21,C00096,P0082,1,15772.85,0.15,UPI,Delivered,3,3,APP
O001497,1,2025-01-21,C01136,P0123,3,8923.83,0.2,credit card,Delivered,5,3,Marketplace
O006137,1,2025-08-09,C00367,P0006,1,21152.43,0.15,Wallet,Delivered,5,3,APP
O005098,1,2025-12-07,C00688,P0135,1,3391.59,0.05,UPI,Delivered,9,1,App
O004562,1,2025-06-13,C00666,P0118,2,2986.14,0.05,upi,Delivered,6,3,Web
O004227,1,2026-03-18,C00442,P0045,5,28015.44,0,UPI,Delivered,3,,APP
O001290,2,2025-10-13,C00604,P0080,2,22443.57,0.1,Debit Card,Delivered,3,5,APP
O002843,2,2025-04-06,C00228,P0065,4,17668.16,0.15,UPI,Delivered,7,3,Marketplace
O004081,2,2025-12-20,C00543,P0144,2,8251.4,0.05,COD,Delivered,6,2,APP
O005438,1,2026-04-17,C01223,P0012,1,7630.77,0.2,COD,Delivered,5,2,APP
O005510,1,2026-01-07,C00828,P0131,1,18121.36,0.15,upi,Delivered,5,3,APP
O002649,2,2025-07-11,C01512,P0134,3,18919.26,0.05,UPI,Delivered,2,4,Marketplace
O004155,4,2025-06-23,C01270,P0062,1,19127.88,0.25,Wallet,Delivered,5,2,Marketplace
O005086,1,2025-06-14,C01120,P0074,1,10773.14,0.1,Wallet,Returned,4,3,web
O006193,1,2025-06-23,C01126,P0142,1,11605.59,0.5,Credit Card,Delivered,6,2,Marketplace
O000874,2,2025-03-08,C00895,P0060,3,17096.62,0.5,credit card,Delivered,4,3,Marketplace
O001833,1,2026-01-30,C00906,P0029,1,4715.72,0.05,COD,Delivered,2,5,App
O002421,1,2025-03-03,C01188,P0061,1,21783.29,0.65,Credit Card,Delivered,4,4,Web
O000377,3,2025-12-12,C00343,P0094,4,6116.09,0,Credit Card,Returned,4,4,web
O001352,1,2025-04-16,C00054,P0091,2,250.64,0.1,Credit Card,Delivered,9,1,Marketplace
O004085,4,2026-01-09,C01251,P0114,2,1244.65,0.15,COD,Delivered,8,2,APP
O003533,1,2026-04-02,C00735,P0044,2,13661.0,0.15,Cash on Delivery,Delivered,4,3,Marketplace
O001600,2,2026-01-23,C00977,P0076,1,26383.82,0.1,COD,Delivered,5,3,web
O004174,3,2025-06-26,C01835,P0089,1,18269.7,0.05,credit card,Delivered,4,3,web
O005444,1,2025-03-03,C01998,P0114,1,1247.18,0.15,Cash on Delivery,Delivered,6,2,web
O005365,2,2026-05-07,C00313,P0061,2,23107.51,0.05,credit card,Returned,2,4,Marketplace
O004371,1,2026-01-09,C00818,P0139,1,3527.27,0.1,Cash on Delivery,Delivered,6,3,APP
O001900,3,2026-07-29,C00201,P0055,1,9439.43,0,Credit Card,Delivered,6,3,App
O005079,1,2026-03-31,C01958,P0068,1,8956.68,0.15,COD,Delivered,3,4,Web
O001432,2,2025-12-29,C01650,P0107,2,22927.91,0.1,Debit Card,Cancelled,,,Web
O001243,1,2025-10-05,C00512,P0143,1,4022.13,0.05,UPI,Delivered,4,4,Web
O004643,2,2026-08-11,C01679,P0031,2,22539.01,0.2,Cash on Delivery,Delivered,2,4,Web
O006265,1,2025-05-06,C00810,P0054,1,12502.89,0.2,Wallet,Delivered,7,3,web
O003618,2,2026-05-10,C00680,P0057,2,4604.66,0.05,UPI,Delivered,2,,App
O005824,2,2025-05-01,C00513,P0084,1,16629.12,0.1,credit card,Delivered,4,3,App
O004856,3,2026-06-12,C01610,P0014,1,5751.64,0,Wallet,Delivered,7,2,App
O001597,2,2026-01-19,C01973,P0001,1,9014.16,0.1,upi,Delivered,4,3,APP
O001557,2,2026-01-16,C00688,P0033,3,634.19,0.1,Credit Card,Delivered,5,3,APP
O000042,1,2026-07-18,C01314,P0081,2,22235.8,0.05,COD,Delivered,,,Web
O004386,1,2025-11-21,C00776,P0069,2,11501.44,0.05,Wallet,Delivered,,,Marketplace
O002097,1,2026-06-12,C01097,P0037,1,17831.46,0.2,UPI,Delivered,3,3,web
O002548,1,2026-06-14,C00420,P0092,1,4214.29,0.1,COD,Returned,4,,Marketplace
O005864,1,2025-01-10,C00544,P0104,1,4891.65,0,COD,Delivered,3,3,APP
O000901,2,2025-03-29,C01094,P0138,2,1046.92,0.05,COD,Delivered,6,3,Web
O004373,1,2026-07-27,C01549,P0056,1,10772.56,0.25,COD,Delivered,7,3,Web
O006225,2,2025-01-03,C00292,P0008,1,23256.68,0.3,Debit Card,Delivered,4,3,web
O001362,2,2025-07-17,C00589,P0037,1,18535.25,0.05,COD,Delivered,4,3,web
O003088,1,2025-12-15,C01255,P0085,1,10021.55,0.5,UPI,Returned,7,1,App
O004725,1,2025-05-05,C00345,P0104,1,5157.39,0.15,COD,Delivered,8,2,App
O004104,3,2025-05-17,C01398,P0086,1,3589.18,0.1,credit card,Delivered,4,4,Marketplace
O002947,1,2025-10-31,C00073,P0043,1,16141.33,0,upi,Delivered,4,4,APP
O002084,2,2025-10-14,C00451,P0039,1,12649.51,0.05,Debit Card,Delivered,6,2,Marketplace
O004288,1,2025-11-17,C00880,P0058,5,12954.04,0.15,Credit Card,Delivered,4,3,App
O000397,1,2025-10-22,C01716,P0091,1,244.07,0,UPI,Delivered,6,2,App
O002240,1,2025-03-24,C00780,P0015,1,22062.67,0.15,Wallet,Delivered,3,4,Marketplace
O005238,1,2025-07-18,C01057,P0003,1,18888.77,0.15,credit card,Delivered,5,3,Marketplace
O000449,1,2025-11-22,C01701,P0026,2,13970.06,0,Cash on Delivery,Delivered,5,3,APP
O003848,2,2025-02-10,C00044,P0074,1,10519.91,0.1,UPI,Delivered,2,5,Marketplace
O004811,1,2025-01-11,C01369,P0080,1,21757.81,0.3,UPI,Delivered,4,3,Marketplace
O005285,3,2025-06-09,C01594,P0136,1,13193.72,0.2,Credit Card,Delivered,1,4,APP
O001836,1,2025-04-15,C00998,P0001,1,9425.72,0.5,credit card,Delivered,3,3,App
O000373,1,2025-11-23,C00405,P0125,2,4689.08,0.2,UPI,Delivered,5,3,web
O000439,3,2025-05-23,C00532,P0084,1,17024.86,0.15,Wallet,Delivered,5,3,Web
O003265,1,2025-03-28,C01064,P0014,2,5489.59,0.2,upi,Delivered,4,4,web
O005459,1,2025-04-02,C01974,P0011,1,17113.52,0.15,Cash on Delivery,Delivered,4,4,APP
O005221,1,2026-05-12,C01829,P0098,1,12926.29,0.05,COD,Delivered,4,3,APP
O003305,2,2025-09-14,C00019,P0141,1,12355.16,0.15,Cash on Delivery,Delivered,6,2,APP
O000763,3,2026-08-20,C01442,P0092,3,4219.84,0.05,upi,Delivered,5,2,Marketplace
O001984,2,2025-03-07,C01745,P0011,2,16861.13,0,upi,Delivered,4,3,Marketplace
O003370,2,2025-09-24,C00809,P0082,1,15755.37,0.2,Wallet,Delivered,5,3,Web
O006158,1,2025-02-05,C00470,P0130,1,17620.1,0.05,Cash on Delivery,Delivered,4,4,App
O001814,1,2025-12-09,C01231,P0137,2,4641.86,0.2,COD,Delivered,2,4,APP
O000121,2,2025-06-27,C00570,P0143,4,4180.11,0.2,credit card,Delivered,5,3,App
O001074,1,2026-01-30,C00193,P0088,3,26003.32,0,UPI,Delivered,4,4,APP
O001342,2,2025-06-03,C00601,P0108,1,21030.82,0.05,Wallet,Returned,4,4,Web
O004561,1,2026-03-23,C00442,P0098,2,12242.28,0.1,credit card,Delivered,4,4,Marketplace
O004380,2,2026-03-05,C00730,P0121,2,21461.59,0.1,Cash on Delivery,Delivered,4,4,APP
O001930,2,2025-02-19,C00937,P0077,2,10787.28,0.15,Cash on Delivery,Cancelled,,,web
O004698,2,2026-07-01,C00906,P0129,1,14640.25,0.1,Credit Card,Delivered,7,2,App
O002687,2,2025-02-09,C01637,P0006,1,20102.79,0.1,upi,Delivered,7,2,App
O003261,1,2025-02-25,C01201,P0017,1,3170.81,0.2,Wallet,Delivered,3,4,Marketplace
O003951,1,2025-05-27,C01880,P0071,1,11364.72,0.05,upi,Delivered,2,5,App
O006004,1,2025-07-05,C01125,P0094,1,6379.64,0.2,COD,Delivered,3,4,Marketplace
O000347,1,2026-04-09,C01259,P0071,1,11500.92,0.25,Credit Card,Delivered,4,4,Web
O004985,2,2025-08-02,C01051,P0137,2,4704.73,0.1,upi,Delivered,6,3,App
O001135,1,2026-03-26,C01539,P0113,2,3086.13,0.15,credit card,Delivered,6,3,web
O002105,2,2025-12-03,C01087,P0101,1,8206.67,0.1,UPI,Delivered,4,3,Web
O005699,1,2026-01-10,C01623,P0082,1,15514.4,0.25,Credit Card,Delivered,3,3,Marketplace
O006189,3,2025-03-12,C01554,P0066,3,22467.49,0.15,Debit Card,Delivered,7,2,Marketplace
O003700,1,2025-02-21,C01977,P0054,2,13333.8,0,Cash on Delivery,Delivered,6,2,APP
O006075,1,2025-08-12,C00287,P0142,1,12181.6,0.2,Wallet,Delivered,5,3,APP
O005979,2,2026-07-11,C01161,P0107,1,23924.69,0.25,Wallet,Delivered,7,2,web
O000670,3,2026-08-05,C00854,P0066,2,22799.19,0.05,UPI,Delivered,5,4,web
O004855,2,2026-01-14,C00110,P0037,2,18761.09,0,upi,Delivered,4,3,Web
O000684,1,2026-07-15,C01882,P0118,1,3139.56,0.15,Wallet,Delivered,2,,APP
O000568,2,2025-10-31,C01039,P0098,2,12588.97,0.05,UPI,Delivered,3,4,APP
O003049,1,2025-07-05,C00876,P0109,4,15253.65,0,Debit Card,Delivered,5,4,APP
O000613,1,2025-05-05,C01238,P0117,1,3598.57,0.2,Cash on Delivery,Delivered,1,5,App
O001865,2,2025-02-24,C00315,P0033,1,640.08,0.2,COD,Delivered,5,3,App
O003924,1,2025-08-11,C01618,P0093,2,23801.67,0.2,Cash on Delivery,Delivered,5,2,Web
O004336,2,2026-03-07,C01612,P0050,3,17633.12,0.2,Cash on Delivery,Delivered,4,4,web
O000714,2,2025-01-25,C01974,P0110,1,8182.85,0.15,Debit Card,Delivered,2,5,Marketplace
O000569,1,2026-02-24,C01602,P0113,1,3122.73,0.15,UPI,Delivered,4,3,Marketplace
O000983,2,2026-08-13,C01031,P0099,1,20306.59,0,Cash on Delivery,Delivered,4,3,APP
O000681,1,2026-06-15,C00762,P0131,1,18539.56,0,upi,Delivered,3,4,Marketplace
O001921,2,2025-11-18,C00165,P0084,1,16552.17,0.15,upi,Delivered,6,2,Marketplace
O004481,1,2025-11-14,C01501,P0023,1,25891.02,0.25,COD,Returned,5,3,Web
O000708,4,2025-02-06,C01051,P0039,2,12316.4,0,credit card,Delivered,4,,APP
O001858,1,2025-07-10,C01724,P0121,1,21754.31,0.1,Debit Card,Delivered,5,3,Web
O000594,2,2025-07-22,C00509,P0071,1,10965.79,0.15,upi,Delivered,4,3,APP
O001536,3,2025-01-28,C00773,P0036,1,18549.4,0.25,UPI,Delivered,7,2,Web
O001567,2,2025-06-16,C00669,P0111,1,1870.37,0,upi,Delivered,4,4,web
O002158,2,2026-01-10,C00529,P0081,1,22347.03,0.05,credit card,Delivered,4,3,web
O004108,1,2025-08-21,C01377,P0073,1,9318.29,0,upi,Delivered,2,5,web
O002342,1,2025-12-14,C01931,P0018,2,14235.14,0.1,Debit Card,Delivered,6,3,App
O002004,1,2026-08-31,C00480,P0131,1,19109.62,0.1,upi,Returned,5,3,App
O002154,3,2025-02-01,C00820,P0100,1,13906.11,0.1,credit card,Delivered,3,4,Marketplace
O003583,2,2025-02-23,C00596,P0028,1,8837.97,0.25,Wallet,Delivered,3,4,Web
O003397,3,2025-04-25,C01057,P0109,2,15277.29,0,COD,Returned,4,3,App
O005864,2,2025-01-10,C00544,P0063,3,17247.41,0.2,COD,Delivered,3,3,APP
O000709,3,2025-01-31,C00230,P0068,1,9484.4,0.15,credit card,Delivered,6,2,APP
O000981,1,2025-12-25,C01961,P0035,1,17725.66,0.15,Wallet,Delivered,3,3,Marketplace
O001327,1,2025-06-30,C01443,P0116,1,11788.42,0,credit card,Delivered,5,3,Marketplace
O001628,1,2025-10-28,C01169,P0090,2,4859.87,0.05,upi,Delivered,6,2,web
O005572,1,2025-04-10,C01397,P0128,1,14620.62,0.1,COD,Delivered,3,4,Marketplace
O005392,3,2025-09-13,C00995,P0120,1,13092.81,0.2,upi,Returned,4,4,Marketplace
O005951,2,2026-08-24,C01605,P0067,2,10632.89,0.1,credit card,Delivered,8,2,Web
O005045,1,2025-03-30,C00321,P0017,3,3335.11,0.1,Wallet,Delivered,3,,APP
O004058,1,2026-07-21,C01723,P0109,1,14288.57,0.25,COD,Cancelled,,,Marketplace
O001862,1,2025-02-15,C01968,P0061,1,22727.28,0.1,Credit Card,Delivered,5,3,APP
O000062,3,2025-11-18,C01608,P0082,4,15200.9,0.2,,Delivered,5,3,App
O004086,1,2026-01-15,C01053,P0021,1,22128.13,0.1,Debit Card,Delivered,2,4,Marketplace
O004392,1,2025-12-29,C01874,P0075,2,10856.16,0.3,Debit Card,Delivered,6,,Marketplace
O005060,1,2026-06-11,C00293,P0054,1,12986.84,0.05,UPI,Delivered,4,3,Web
O005428,3,2026-07-01,C00348,P0072,2,11915.57,0.3,Cash on Delivery,Cancelled,,,Marketplace
O002005,1,2026-05-14,C00768,P0017,3,3143.31,0.25,upi,Delivered,6,2,web
O000779,1,2025-09-06,C01817,P0120,1,13004.13,0.1,Wallet,Delivered,5,3,APP
O001479,1,2025-12-07,C01677,P0029,1,4794.46,0,COD,Delivered,4,3,Web
O001936,3,2025-06-09,C01781,P0095,1,16186.77,0.25,COD,Returned,5,4,Web
O000136,2,2026-06-08,C01879,P0105,1,26030.3,0.1,upi,Cancelled,,,App
O001317,1,2025-01-31,C00702,P0003,5,18400.54,0,COD,Delivered,4,4,Marketplace
O004899,1,2026-08-07,C01832,P0058,1,13201.02,0.1,credit card,Delivered,3,3,web
O003474,1,2026-07-17,C01035,P0053,1,7294.82,0.15,Cash on Delivery,Delivered,6,2,App
O004592,1,2026-04-28,C00733,P0101,2,8323.74,0,COD,Delivered,4,3,Marketplace
O001232,1,2026-01-12,C01235,P0056,1,10510.54,0.1,Cash on Delivery,Returned,4,4,web
O005775,2,2025-11-07,C01786,P0068,1,9478.29,0.25,Wallet,Delivered,5,,APP
O004615,1,2025-01-09,C00093,P0139,1,3671.3,0.1,credit card,Delivered,5,3,App
O004541,2,2025-07-23,C00628,P0032,5,20405.57,0.1,Wallet,Delivered,6,3,Marketplace
O002698,1,2025-10-04,C01075,P0077,4,10560.92,0.25,Credit Card,Delivered,4,3,Web
O006473,2,2026-02-23,C01896,P0097,1,3563.38,0,upi,Returned,6,3,APP
O003776,1,2025-12-10,C01748,P0140,1,13109.68,0.25,Credit Card,Delivered,2,4,App
O001061,1,2025-01-15,C00944,P0133,2,3905.07,0.1,upi,Delivered,5,4,App
O003667,1,2026-06-09,C01262,P0112,1,21499.02,0.05,upi,Returned,2,4,web
O001360,1,2025-03-22,C01170,P0028,2,8354.67,0.3,UPI,Delivered,5,4,Web
O005891,1,2025-06-20,C00835,P0104,2,5058.16,0.15,Wallet,Returned,3,3,APP
O005662,1,2026-08-27,C00894,P0098,2,12599.91,0.1,Cash on Delivery,Delivered,2,4,APP
O002673,1,2026-02-22,C00894,P0078,2,26937.95,0.25,upi,Delivered,5,3,web
O005337,2,2025-06-02,C00671,P0045,1,27954.18,0.05,UPI,Delivered,4,3,APP
O003497,4,2025-01-10,C00872,P0068,1,9029.76,0.15,credit card,Delivered,3,4,APP
O002909,1,2026-05-22,C00887,P0103,1,26638.18,0.15,Credit Card,Delivered,3,4,App
O001146,1,2025-02-16,C00838,P0028,2,8762.66,0.05,Wallet,Delivered,4,4,APP
O001750,1,2026-03-15,C00724,P0128,1,14256.39,0.05,Wallet,Returned,2,5,App
O004368,2,2026-02-27,C00567,P0113,2,3017.97,0.1,Cash on Delivery,Delivered,3,4,Web
O002854,2,2025-05-18,C00065,P0087,1,6405.21,0.05,upi,Delivered,5,3,App
O000922,1,2026-03-24,C00938,P0061,1,22386.63,0.25,Cash on Delivery,Delivered,1,5,Web
O003921,1,2025-04-04,C00617,P0116,4,12280.42,0.05,credit card,Delivered,7,2,Web
O000882,1,2025-09-02,C00216,P0111,2,1844.8,0.5,Cash on Delivery,Cancelled,,,APP
O004165,1,2026-07-14,C01340,P0024,1,19942.67,0,COD,Delivered,3,3,Marketplace
O006350,1,2025-12-11,C01668,P0018,2,14519.08,0.2,credit card,Delivered,3,4,Web
O001517,1,2025-08-14,C00804,P0047,1,29376.19,0.2,credit card,Delivered,3,4,APP
O006301,1,2025-05-31,C00817,P0074,1,11031.41,0.05,UPI,Delivered,7,3,web
O000124,2,2026-07-01,C00578,P0020,1,25306.85,0.15,Credit Card,Delivered,6,2,APP
O003732,3,2026-08-30,C01445,P0013,1,5400.86,0.15,UPI,Delivered,4,3,Marketplace
O006382,1,2026-02-14,C01744,P0111,1,1830.31,0.1,credit card,Delivered,4,4,Marketplace
O005251,1,2025-05-16,C00203,P0071,1,11617.72,0.3,credit card,Returned,5,4,Web
O003743,1,2026-08-20,C01081,P0138,3,1018.74,0.1,upi,Delivered,,,Marketplace
O000952,3,2026-04-02,C01888,P0096,1,2907.18,0.1,Wallet,Delivered,4,4,App
O001386,2,2026-05-10,C01955,P0033,1,605.34,0,Wallet,Delivered,4,3,Marketplace
O006246,2,2025-06-03,C01021,P0107,2,23970.73,0.05,UPI,Delivered,2,5,App
O004390,2,2025-01-29,C01336,P0061,2,22687.74,0.1,Cash on Delivery,Delivered,2,4,Web
O005317,2,2025-11-11,C00983,P0003,1,19858.71,0.5,Credit Card,Delivered,2,4,web
O006324,1,2025-01-31,C01358,P0052,1,18999.43,0.15,Cash on Delivery,Delivered,7,2,Marketplace
O006182,3,2026-07-03,C00028,P0111,3,1836.43,0,Credit Card,Delivered,2,4,Web
O001588,1,2026-04-10,C00318,P0103,3,27074.6,0.15,upi,Delivered,5,4,Marketplace
O005261,2,2026-05-08,C01708,P0030,3,14602.42,0,Debit Card,Delivered,6,2,Marketplace
O003437,1,2026-06-24,C01156,P0097,1,3480.78,0.25,Wallet,Delivered,2,5,APP
O004983,3,2025-05-28,C01727,P0132,1,19164.76,0.05,Wallet,Delivered,1,5,Web
O005315,2,2025-03-26,C00563,P0044,1,13803.53,0.1,credit card,Delivered,3,5,Marketplace
O002699,1,2026-08-16,C01581,P0054,2,13181.2,0.1,Debit Card,Delivered,4,3,Web
O006350,2,2025-12-11,C01668,P0101,1,8307.29,0.2,credit card,Delivered,3,4,Web
O005068,2,2026-08-14,C01384,P0040,2,13286.32,0.05,COD,Delivered,1,4,Web
O003832,1,2025-08-05,C01808,P0006,1,19824.27,0.1,UPI,Delivered,2,4,App
O002261,1,2025-11-27,C01220,P0118,5,2996.33,0.05,credit card,Delivered,3,3,web
O000306,1,2026-02-07,C01616,P0111,1,1825.27,0,credit card,Delivered,7,2,APP
O005914,2,2025-07-28,C01943,P0089,1,17817.69,0.2,Wallet,Delivered,6,3,web
O002620,1,2025-07-28,C01088,P0055,1,9080.85,0.15,Wallet,Delivered,3,4,App
O002076,1,2025-07-14,C00168,P0024,2,21158.72,0.1,upi,Delivered,,,Web
O001095,3,2025-09-15,C00505,P0103,2,28112.16,0.1,Debit Card,Delivered,7,2,Marketplace
O001721,2,2026-08-05,C00919,P0086,2,3798.42,0.25,Cash on Delivery,Delivered,9,1,APP
O003367,1,2026-05-19,C01836,P0012,1,8194.53,0.2,COD,Delivered,6,3,web
O001180,3,2026-03-19,C00489,P0135,1,3365.71,0.15,Debit Card,Delivered,5,3,App
O002784,3,2026-07-03,C00910,P0104,1,4847.55,0.25,Cash on Delivery,Delivered,1,5,Marketplace
O006292,1,2025-02-17,C01648,P0109,1,14468.11,0.25,Debit Card,Delivered,4,,web
O004796,1,2025-12-11,C00399,P0061,1,22478.02,0.25,Debit Card,Delivered,8,2,App
O005382,1,2026-07-06,C00159,P0062,1,17871.48,0,COD,Delivered,5,2,App
O002731,1,2025-03-16,C00436,P0112,1,21795.55,0.05,Wallet,Delivered,3,4,APP
O004358,1,2026-02-28,C00402,P0115,2,4930.32,0.15,Debit Card,Delivered,2,,APP
O005731,1,2025-11-10,C00723,P0029,1,4831.32,0.3,upi,Delivered,4,3,web
O003098,1,2025-11-12,C01610,P0132,2,19016.18,0.1,Credit Card,Delivered,4,4,APP
O001780,1,2025-05-17,C00845,P0122,1,1211.72,0.1,Credit Card,Delivered,6,2,App
O002515,2,2026-06-11,C00568,P0138,1,1048.86,0.1,upi,Delivered,2,4,APP
O000321,2,2025-06-27,C00093,P0008,1,22945.89,0.25,COD,Delivered,7,1,App
O003054,1,2025-12-26,C01590,P0001,4,9329.71,0.25,UPI,Delivered,2,5,Marketplace
O001648,1,2026-05-04,C00101,P0143,1,3950.66,0,UPI,Returned,3,4,web
O006378,2,2025-10-17,C00216,P0033,1,629.35,0,upi,Delivered,7,1,Marketplace
O005339,1,2025-04-22,C00874,P0067,1,0,0.15,upi,Cancelled,,,APP
O003324,1,2026-07-27,C01648,P0121,2,20852.25,0,Credit Card,Delivered,1,4,APP
O005312,3,2026-06-21,C01242,P0134,1,18353.47,0.1,Credit Card,Delivered,3,,App
O000327,1,2025-10-14,C00340,P0114,4,1289.32,0,Wallet,Delivered,4,4,Web
O000634,1,2026-07-10,C00891,P0057,1,4653.44,0.2,upi,Delivered,,,App
O002834,1,2026-07-01,C01935,P0066,1,22529.05,0.3,upi,Cancelled,,,Marketplace
O002241,1,2026-01-25,C01171,P0052,1,19263.97,0.1,UPI,Delivered,4,4,APP
O002657,1,2026-04-16,C01704,P0091,1,245.59,0,Wallet,Delivered,3,3,App
O002606,1,2025-01-28,C00633,P0017,2,3289.69,0.1,upi,Delivered,6,,App
O003084,2,2026-05-10,C01042,P0047,1,29711.96,0,upi,Delivered,4,3,web
O003296,1,2026-08-23,C01939,P0069,1,11218.23,0.15,Cash on Delivery,Delivered,3,4,Marketplace
O004147,1,2026-02-24,C01279,P0070,1,4094.84,0.15,Credit Card,Returned,4,4,Marketplace
O002201,1,2026-03-18,C01387,P0009,1,14081.62,0,UPI,Delivered,3,4,web
O002405,1,2025-10-16,C01299,P0131,3,17953.33,0.1,COD,Delivered,3,4,Web
O000784,2,2026-02-16,C00822,P0025,3,3986.88,0,Cash on Delivery,Delivered,5,3,App
O001384,2,2025-05-22,C01643,P0043,1,15696.15,0.65,upi,Delivered,2,4,Marketplace
O003033,1,2025-07-01,C01990,P0078,1,26695.49,0.05,UPI,Delivered,4,4,web
O000025,1,2025-08-21,C01706,P0033,1,618.36,0,Cash on Delivery,Delivered,4,4,APP
O001155,3,2026-07-18,C01778,P0003,4,19742.41,0,Cash on Delivery,Delivered,4,3,web
O002804,3,2025-11-20,C01636,P0115,1,4885.4,0,Wallet,Delivered,3,3,Marketplace
O002615,2,2026-01-12,C00767,P0060,1,16956.94,0,Credit Card,Delivered,5,3,App
O002226,1,2025-11-11,C01120,P0008,1,22100.97,0.1,upi,Delivered,6,2,Marketplace
O006039,1,2026-02-16,C00745,P0108,1,21191.65,0.05,Wallet,Cancelled,,,web
O005293,1,2025-02-08,C00701,P0045,1,28168.15,0.2,Credit Card,Delivered,2,5,Marketplace
O005674,2,2026-05-09,C01947,P0025,1,3901.43,0.15,Debit Card,Delivered,6,3,APP
O000085,1,2026-01-18,C01473,P0069,1,11874.92,0.25,Wallet,Delivered,3,4,web
O002519,2,2026-04-01,C00651,P0025,3,3969.31,0.15,COD,Delivered,4,4,Web
O004380,1,2026-03-05,C00730,P0089,2,17946.01,0,Cash on Delivery,Delivered,4,4,APP
O000844,2,2025-02-24,C00006,P0116,2,12109.08,0.15,Debit Card,Delivered,4,3,App
O006391,3,2026-03-26,C00368,P0144,3,8209.48,0.1,Wallet,Delivered,7,1,APP
O004569,1,2025-08-15,C00097,P0100,2,13667.78,0,COD,Delivered,9,1,web
O002711,1,2026-01-14,C00440,P0068,1,9158.18,0.1,Debit Card,Delivered,3,4,web
O003695,1,2025-09-22,C01607,P0046,1,4250.23,0.3,upi,Delivered,7,2,App
O002838,1,2026-04-07,C00591,P0032,1,21085.19,0,upi,Delivered,4,3,web
O004500,1,2025-05-02,C01886,P0074,2,10734.77,0.1,credit card,Delivered,3,4,web
O005536,1,2025-06-09,C01295,P0088,1,25101.71,0.1,COD,Delivered,5,3,web
O004022,1,2026-01-30,C01202,P0094,1,6351.86,0.1,Cash on Delivery,Delivered,5,3,Web
O003112,2,2026-05-31,C01897,P0052,2,19441.51,0,upi,Returned,6,,web
O000816,3,2025-05-20,C01341,P0106,1,2585.97,0.05,Cash on Delivery,Delivered,3,4,Web
O002534,1,2025-10-25,C00640,P0096,3,3050.16,0.2,upi,Returned,6,2,APP
O002670,2,2025-12-01,C00837,P0022,1,5302.76,0.1,Cash on Delivery,Cancelled,,,APP
O006369,1,2026-03-12,C01895,P0128,2,14465.74,0.2,Credit Card,Cancelled,,,Marketplace
O001797,2,2025-12-31,C01682,P0128,1,13884.21,0.2,COD,Delivered,7,2,APP
O000420,1,2025-10-13,C00289,P0014,2,5893.34,0,Debit Card,Delivered,2,4,web
O002204,1,2026-06-12,C01079,P0071,2,11603.51,0.2,Debit Card,Delivered,4,4,APP
O002605,2,2026-03-28,C00901,P0017,5,3192.17,0.15,COD,Delivered,6,3,APP
O000170,1,2026-02-07,C01959,P0121,1,22169.86,0.1,UPI,Delivered,2,5,APP
O001384,1,2025-05-22,C01643,P0015,1,21779.08,0.3,upi,Delivered,2,4,Marketplace
O001132,1,2026-03-17,C01884,P0047,1,28144.06,0.15,upi,Cancelled,,,Marketplace
O005926,2,2026-02-13,C01629,P0088,1,24531.14,0,COD,Delivered,7,2,Web
O004442,1,2025-11-16,C01628,P0087,2,6399.44,0.1,credit card,Cancelled,,,Marketplace
O004517,1,2026-03-31,C01067,P0075,2,10348.91,0,Credit Card,Delivered,2,5,APP
O001699,2,2025-05-12,C01501,P0021,2,21778.09,0.3,Cash on Delivery,Delivered,5,3,Marketplace
O004844,2,2026-02-23,C00207,P0113,1,2992.49,0.25,Debit Card,Delivered,4,3,web
O006119,1,2025-03-08,C00946,P0009,1,13956.76,0.15,Credit Card,Delivered,2,5,web
O002918,2,2025-03-29,C00290,P0062,1,18102.68,0.5,credit card,Delivered,7,2,APP
O001895,2,2026-08-25,C00154,P0050,1,17572.71,0.25,Debit Card,Delivered,5,3,Marketplace
O002854,1,2025-05-18,C00065,P0111,1,1796.59,0.05,upi,Delivered,5,3,App
O001312,2,2025-02-06,C01168,P0005,1,5427.59,0.1,upi,Delivered,5,3,Web
O002183,1,2025-03-15,C01837,P0059,1,17038.55,0.1,upi,Cancelled,,,web
O002202,3,2025-08-17,C01683,P0058,1,12513.21,0.15,Cash on Delivery,Returned,4,4,web
O000614,1,2025-05-09,C01503,P0125,1,4396.0,0,Cash on Delivery,Delivered,2,4,Marketplace
O005590,1,2025-10-22,C01526,P0106,3,2605.14,0.5,upi,Delivered,5,,Web
O000247,2,2025-12-28,C01494,P0045,1,27862.84,0.05,Cash on Delivery,Delivered,4,4,APP
O002998,2,2026-03-17,C00029,P0061,2,22514.41,0.05,upi,Delivered,5,,App
O001373,1,2026-07-16,C00915,P0140,2,13824.45,0.1,COD,Delivered,4,3,web
O005624,2,2025-05-18,C01955,P0082,2,15625.79,0.25,Credit Card,Cancelled,,,App
O005232,2,2025-11-06,C01096,P0075,5,10794.44,0.15,,Cancelled,,,Marketplace
O000719,3,2026-05-27,C00926,P0072,1,12240.65,0,Debit Card,Delivered,6,3,App
O000615,1,2026-06-13,C00213,P0022,1,5248.73,0,,Delivered,5,3,Web
O002070,1,2025-05-13,C01268,P0074,1,10863.4,0.05,UPI,Delivered,3,4,App
O001315,1,2026-07-14,C00133,P0144,4,8069.07,0.2,credit card,Delivered,4,4,Marketplace
O006248,2,2026-04-08,C00179,P0038,1,331.71,0.15,COD,Delivered,2,5,Web
O005977,1,2026-01-22,C00474,P0087,2,6713.41,0.05,Debit Card,Delivered,3,4,APP
O000251,2,2025-07-22,C01611,P0077,1,10526.14,0.1,UPI,Delivered,5,3,Marketplace
O003823,1,2025-09-21,C01333,P0085,2,9848.06,0.1,Cash on Delivery,Cancelled,,,App
O002222,1,2026-06-14,C01232,P0082,1,15231.23,0,Wallet,Delivered,2,5,APP
O001774,2,2026-07-05,C01324,P0040,1,12898.16,0,Debit Card,Delivered,4,4,Web
O005750,1,2026-01-22,C00660,P0132,4,18997.58,0.1,upi,Delivered,6,3,APP
O005411,1,2025-09-08,C01470,P0108,1,21482.49,0.2,credit card,Delivered,7,2,APP
O002013,1,2025-09-20,C00632,P0127,2,14735.49,0,upi,Delivered,3,3,web
O001922,2,2025-07-29,C00059,P0009,3,14951.97,0.05,Debit Card,Returned,5,3,Marketplace
O000017,3,2026-07-21,C01144,P0075,1,10497.83,0,Cash on Delivery,Delivered,3,4,Web
O006052,4,2026-01-31,C01970,P0067,1,11239.89,0.15,Cash on Delivery,Delivered,5,3,Web
O001991,1,2026-01-14,C00543,P0042,1,7129.71,0.2,COD,Delivered,7,2,Web
O006374,1,2025-03-30,C01085,P0013,1,5571.26,0.1,credit card,Delivered,3,3,web
O002935,1,2026-06-22,C00882,P0031,1,21771.82,0.2,Debit Card,Delivered,4,,web
O004728,3,2025-09-24,C00087,P0101,1,8140.65,0.2,Wallet,Delivered,5,,Web
O004099,1,2025-03-03,C01039,P0026,1,14240.66,0.05,Wallet,Delivered,5,3,Marketplace
O002566,3,2026-03-12,C01924,P0121,1,22556.35,0.2,UPI,Delivered,6,3,Marketplace
O000756,2,2026-07-31,C01850,P0056,1,11074.3,0,UPI,Delivered,4,4,Web
O001198,3,2025-10-22,C00294,P0001,1,9286.14,0.05,COD,Delivered,6,3,Marketplace
O002630,1,2025-09-16,C00182,P0090,2,4849.74,0.5,COD,Returned,2,4,Marketplace
O006055,3,2026-07-30,C00994,P0052,1,19679.35,0,Wallet,Delivered,5,,App
O002455,1,2026-03-30,C00547,P0127,2,14179.42,0.15,Wallet,Delivered,5,2,APP
O002517,1,2026-04-21,C00496,P0009,2,14525.13,0,upi,Returned,4,3,Marketplace
O004368,1,2026-02-27,C00567,P0015,3,22253.93,0.3,Cash on Delivery,Delivered,3,4,Web
O001169,3,2026-05-22,C01131,P0038,1,335.14,0.25,Credit Card,Delivered,7,1,APP
O000557,1,2026-01-18,C00006,P0025,2,3933.67,0,Wallet,Delivered,5,2,App
O000759,1,2025-06-01,C01224,P0094,1,6412.3,0,Credit Card,Delivered,7,1,Marketplace
O000324,2,2025-02-15,C01642,P0086,1,3653.21,0.1,upi,Delivered,3,4,Web
O002245,1,2025-02-22,C00570,P0115,3,4744.54,0.3,Cash on Delivery,Returned,6,3,web
O005805,1,2025-09-17,C01261,P0086,2,3571.44,0.05,upi,Delivered,3,4,Marketplace
O002177,1,2025-02-03,C00180,P0123,1,9447.19,0.05,COD,Returned,4,4,Marketplace
O005833,1,2025-06-12,C00779,P0030,2,14760.21,0,Wallet,Delivered,4,,Web
O005624,1,2025-05-18,C01955,P0116,3,11905.41,0,Credit Card,Cancelled,,,App
O004751,1,2026-04-04,C00154,P0101,2,8421.46,0.05,Wallet,Delivered,3,4,Web
O003689,2,2025-10-18,C00082,P0094,1,6479.96,0.05,Debit Card,Delivered,4,4,Web
O003418,1,2026-01-28,C00401,P0074,3,10898.12,0.05,,Delivered,1,4,Web
O001810,1,2025-05-07,C01204,P0132,1,19665.61,0.25,Wallet,Delivered,5,3,APP
O000434,3,2025-03-29,C01945,P0119,1,19308.52,0.15,COD,Delivered,4,4,APP
O002158,1,2026-01-10,C00529,P0018,1,14373.05,0.2,credit card,Delivered,4,3,web
O004579,2,2025-05-20,C00734,P0075,2,10738.78,0.15,Credit Card,Delivered,4,4,App
O005777,2,2025-01-21,C01220,P0040,1,12530.63,0.3,Credit Card,Delivered,6,3,web
O000817,1,2026-04-08,C01286,P0095,1,15814.87,0.2,Wallet,Delivered,3,4,Web
O005015,3,2025-08-24,C00276,P0073,2,9387.52,0.1,Debit Card,Delivered,5,3,APP
O005490,3,2025-11-13,C01818,P0085,1,9646.82,0.3,upi,Delivered,3,5,App
O003787,1,2025-02-01,C00101,P0143,1,4003.99,0.2,upi,Delivered,2,4,Web
O004262,2,2025-06-13,C01236,P0098,2,12838.06,0.2,Debit Card,Delivered,4,4,APP
O002382,2,2026-03-11,C00468,P0106,1,2500.17,0.15,UPI,Delivered,5,3,Web
O000547,2,2025-10-04,C01177,P0026,2,14510.44,0.1,Cash on Delivery,Delivered,4,4,Marketplace
O000727,2,2025-05-22,C00850,P0025,1,3974.9,0.5,Cash on Delivery,Cancelled,,,Web
O005822,1,2026-01-09,C01887,P0130,1,17298.82,0.05,COD,Cancelled,,,Web
O002025,3,2026-02-09,C01562,P0136,1,13198.23,0.15,Credit Card,Delivered,5,3,Web
O000848,2,2025-09-25,C00803,P0038,2,340.62,0.2,UPI,Delivered,3,4,web
O000371,2,2025-04-04,C00213,P0007,3,11648.51,0.15,Debit Card,Delivered,6,2,Marketplace
O006191,3,2025-03-17,C00728,P0005,1,5243.85,0.1,credit card,Delivered,5,3,App
O002407,1,2026-05-03,C01369,P0042,1,6705.47,0.15,Debit Card,Delivered,4,3,Web
O001187,2,2025-06-26,C00621,P0075,2,10910.67,0.1,upi,Returned,6,2,App
O004038,1,2026-04-03,C01882,P0066,2,23117.15,0.05,Wallet,Cancelled,,,App
O004958,1,2025-12-07,C00886,P0124,1,14131.6,0.1,COD,Cancelled,,,App
O004643,3,2026-08-11,C01679,P0082,1,15234.43,0.15,Cash on Delivery,Delivered,2,4,Web
O004308,4,2026-04-11,C00294,P0111,1,1873.02,0.05,credit card,Delivered,3,4,Marketplace
O006160,1,2026-06-19,C01835,P0136,1,13585.03,0.15,credit card,Delivered,8,1,App
O001042,1,2026-03-01,C00116,P0035,1,18628.57,0.1,Wallet,Delivered,3,3,web
O004868,1,2026-03-24,C00501,P0063,1,17476.02,0.15,Cash on Delivery,Delivered,3,4,APP
O001988,1,2026-03-27,C00587,P0067,4,11258.82,0.15,UPI,Cancelled,,,Marketplace
O000457,1,2025-01-11,C01657,P0134,3,18707.41,0.05,UPI,Returned,6,3,APP
O004728,2,2025-09-24,C00087,P0081,1,22461.93,0.2,Wallet,Delivered,5,,Web
O006459,2,2026-06-20,C00472,P0048,1,1008.41,0.1,UPI,Delivered,5,2,Web
O004636,1,2026-05-04,C00963,P0144,1,8499.15,0,Credit Card,Delivered,5,3,App
O000145,1,2026-08-08,C00583,P0130,1,18190.99,0.1,upi,Delivered,4,3,Marketplace
O000269,2,2025-05-03,C00935,P0072,1,11929.26,0.2,Credit Card,Delivered,5,3,web
O004898,2,2026-08-27,C00105,P0012,2,7665.71,0.1,Cash on Delivery,Delivered,4,4,App
O004241,1,2025-08-08,C01819,P0034,2,8123.71,0.2,Debit Card,Delivered,4,3,Marketplace
O004686,1,2025-10-19,C01849,P0066,1,22670.44,0.2,upi,Delivered,5,,Web
O003105,1,2025-08-13,C01635,P0005,1,5176.69,0.15,UPI,Delivered,4,4,APP
O004266,2,2025-08-18,C01549,P0139,2,3664.76,0.15,upi,Delivered,4,4,APP
O001816,1,2026-06-07,C01213,P0063,1,16994.39,0.15,Debit Card,Delivered,4,,App
O001934,2,2026-04-10,C00193,P0104,1,4998.59,0.15,COD,Delivered,4,3,APP
O002148,2,2025-03-01,C00609,P0097,3,3619.38,0.5,upi,Delivered,5,3,Web
O003864,2,2025-01-03,C00608,P0046,1,4146.68,0.25,UPI,Delivered,7,1,Marketplace
O001951,2,2025-04-02,C00257,P0129,1,15286.84,0,Credit Card,Delivered,3,3,App
O004608,1,2026-04-29,C00524,P0112,1,22051.52,0.2,Debit Card,Delivered,5,4,web
O004834,1,2026-06-24,C00544,P0133,1,3809.74,0,credit card,Delivered,6,2,web
O001133,1,2025-09-08,C00591,P0075,3,10234.81,0.1,UPI,Returned,,,Web
O000866,1,2026-03-26,C01325,P0085,1,10096.36,0,COD,Delivered,5,3,web
O006495,1,2026-01-02,C01405,P0140,1,13231.11,0.2,COD,Delivered,5,2,Web
O000710,1,2025-03-19,C01691,P0128,2,14461.15,0.1,credit card,Delivered,8,,App
O002143,2,2026-03-12,C00877,P0052,1,18449.91,0.15,COD,Delivered,3,4,web
O000315,1,2025-03-11,C00795,P0066,1,23105.77,0.05,Cash on Delivery,Delivered,3,4,App
O004774,1,2026-08-01,C00586,P0027,1,20362.82,0.05,Debit Card,Delivered,4,3,Web
O000476,1,2026-07-16,C01554,P0056,2,10391.67,0.15,Credit Card,Delivered,4,4,web
O004572,1,2026-08-28,C00693,P0036,2,19078.79,0.2,Credit Card,Cancelled,,,Marketplace
O002643,1,2026-08-11,C00420,P0077,2,10734.61,0,upi,Delivered,,,Marketplace
O002995,1,2025-12-19,C00334,P0115,4,4742.86,0.5,Wallet,Delivered,7,2,web
O000763,1,2026-08-20,C01442,P0013,2,5731.76,0.2,upi,Delivered,5,2,Marketplace
O004843,1,2025-05-26,C00524,P0124,2,13660.94,0.05,Credit Card,Delivered,,,web
O002109,1,2026-02-01,C01206,P0118,1,3041.53,0,Wallet,Delivered,2,4,Marketplace
O004318,1,2025-11-12,C01269,P0115,1,4918.51,0.25,UPI,Returned,6,2,App
O000536,1,2025-11-03,C01279,P0090,2,4749.31,0,upi,Delivered,6,3,Marketplace
O004463,2,2026-03-11,C00296,P0094,1,6309.49,0.1,UPI,Delivered,7,2,Marketplace
O000096,1,2025-08-16,C01602,P0090,1,4984.26,0,Credit Card,Delivered,4,3,APP
O002408,2,2025-12-28,C00831,P0010,1,24332.75,0.1,Debit Card,Delivered,4,4,APP
O000944,1,2025-03-04,C00290,P0125,1,4372.7,0.3,Debit Card,Cancelled,,,APP
O002000,1,2025-05-12,C01863,P0048,1,944.21,0.15,credit card,Delivered,2,4,App
O003155,1,2025-11-20,C01646,P0104,1,4850.81,0.1,Credit Card,Cancelled,,,App
O001445,1,2025-05-12,C00677,P0141,1,12997.72,0.15,COD,Delivered,,,web
O001518,2,2025-06-03,C01262,P0068,1,9245.07,0.05,Cash on Delivery,Delivered,3,3,App
O004183,1,2025-10-15,C01305,P0003,2,19679.59,0.2,UPI,Delivered,3,4,web
O006237,1,2025-11-22,C01833,P0009,1,14887.29,0.2,Credit Card,Returned,2,5,Web
O001437,1,2026-01-30,C00656,P0094,1,6129.37,0,Cash on Delivery,Delivered,8,2,App
O000531,2,2026-01-31,C01401,P0127,2,13753.54,0.1,Credit Card,Cancelled,,,web
O005325,1,2026-04-30,C01040,P0099,1,19722.83,0.05,Cash on Delivery,Returned,4,3,Web
O004786,2,2025-11-10,C01506,P0021,1,22600.93,0.15,Cash on Delivery,Cancelled,,,APP
O005825,3,2026-01-24,C01403,P0106,1,2563.49,0.15,Credit Card,Delivered,4,,APP
O003920,2,2026-04-13,C01404,P0113,4,3105.97,0.05,Wallet,Delivered,5,3,App
O001038,1,2025-07-25,C01965,P0065,1,17194.36,0.05,Debit Card,Delivered,4,4,APP
O001180,2,2026-03-19,C00489,P0048,1,956.45,0.05,Debit Card,Delivered,5,3,App
O001590,1,2026-08-11,C01625,P0069,1,11340.72,0.1,upi,Delivered,5,3,Web
O000994,1,2025-10-07,C00936,P0126,2,2081.65,0.1,Wallet,Returned,5,3,web
O003000,1,2025-07-12,C01380,P0083,1,5353.74,0,upi,Returned,,,APP
O002950,1,2026-01-15,C00156,P0013,1,5397.63,0.05,UPI,Delivered,2,5,Marketplace
O005300,2,2025-05-20,C00212,P0095,1,15721.07,0.2,Debit Card,Delivered,4,3,APP
O000051,1,2025-02-24,C00941,P0046,1,3988.66,0.1,Credit Card,Delivered,1,5,Web
O001603,2,2025-07-20,C00863,P0095,1,15500.87,0.2,Wallet,Delivered,6,2,App
O000091,1,2025-06-30,C00887,P0128,1,13895.89,0.3,Wallet,Cancelled,,,Web
O002147,2,2026-02-21,C01265,P0025,1,3909.96,0.1,Credit Card,Delivered,6,2,web
O004656,1,2025-11-13,C00363,P0016,3,21261.86,0.2,COD,Delivered,7,3,App
O001786,1,2025-07-31,C01612,P0052,1,18403.56,0.15,Cash on Delivery,Delivered,6,,Web
O003449,2,2025-05-08,C01870,P0142,1,12156.48,0.25,Cash on Delivery,Delivered,5,4,APP
O002005,3,2026-05-14,C00768,P0139,1,3561.88,0.15,upi,Delivered,6,2,web
O001480,2,2026-02-22,C00913,P0103,1,27689.84,0,UPI,Delivered,4,3,Marketplace
O001253,2,2025-10-21,C01410,P0008,1,21929.29,0.1,Cash on Delivery,Delivered,6,3,Marketplace
O002486,2,2026-01-17,C00081,P0057,5,4478.24,0.5,Debit Card,Delivered,6,3,Web
O000269,1,2025-05-03,C00935,P0068,1,9345.9,0.2,Credit Card,Delivered,5,3,web
O003318,2,2025-11-27,C00210,P0110,1,8256.94,0.15,upi,Delivered,5,3,APP
O005273,3,2025-07-09,C01758,P0118,1,3075.5,0,UPI,Returned,4,4,Web
O003369,1,2025-08-14,C01591,P0123,3,9487.32,0.05,Credit Card,Delivered,1,4,Marketplace
O005132,1,2026-03-13,C01884,P0040,1,13145.84,0.5,,Delivered,4,3,APP
O005427,2,2026-06-25,C01082,P0069,3,11337.11,0.05,Debit Card,Returned,3,4,web
O005678,1,2025-09-29,C01088,P0064,1,4684.84,0.2,Cash on Delivery,Delivered,,,Marketplace
O006002,1,2025-06-23,C01409,P0054,2,13209.34,0.5,Debit Card,Delivered,5,3,APP
O003268,2,2026-07-04,C00084,P0053,1,7440.49,0.1,Credit Card,Delivered,2,4,web
O001355,1,2025-12-08,C00289,P0031,1,22341.14,0.1,Credit Card,Delivered,1,5,Marketplace
O000568,1,2025-10-31,C01039,P0067,1,11096.88,0.25,UPI,Delivered,3,4,APP
O003153,1,2025-01-31,C00123,P0040,2,13327.07,0.05,Cash on Delivery,Delivered,5,,Marketplace
O002324,3,2025-03-06,C00386,P0042,1,7241.07,0.2,upi,Delivered,2,5,Marketplace
O004142,2,2025-04-12,C00807,P0012,2,8000.27,0.1,Credit Card,Delivered,4,3,APP
O005191,2,2025-12-28,C00334,P0094,1,6165.31,0.15,Cash on Delivery,Delivered,3,4,Marketplace
O001910,1,2025-07-06,C00351,P0071,1,11244.47,0.05,Credit Card,Returned,3,3,Web
O002012,1,2026-03-16,C00891,P0023,2,27643.15,0,Debit Card,Delivered,,,web
O003926,2,2025-05-06,C01990,P0123,1,8833.14,0.1,Cash on Delivery,Delivered,7,3,APP
O005934,1,2026-02-26,C00949,P0100,2,13726.34,0.25,Debit Card,Returned,3,4,App
O005105,1,2025-04-09,C00398,P0140,1,13108.46,0.5,Credit Card,Delivered,6,2,Marketplace
O002804,2,2025-11-20,C01636,P0016,2,19661.72,0,Wallet,Delivered,3,3,Marketplace
O004082,1,2026-07-15,C00918,P0129,1,14464.8,0.05,UPI,Delivered,5,2,web
O002053,1,2026-03-09,C01733,P0055,1,9583.48,0.2,COD,Delivered,1,4,Marketplace
O001292,1,2025-10-26,C00356,P0067,1,11424.7,0,Credit Card,Delivered,5,3,Marketplace
O005905,2,2025-03-01,C01879,P0020,2,26143.09,0.2,upi,Delivered,6,,App
O005557,2,2025-10-25,C00342,P0017,2,3224.58,0.15,Cash on Delivery,Delivered,2,,APP
O006102,2,2026-06-03,C01098,P0042,1,6812.24,0.1,COD,Delivered,1,5,Web
O003846,1,2025-12-28,C01940,P0120,1,12603.51,0.2,UPI,Delivered,4,4,Marketplace
O003609,4,2026-02-01,C01173,P0129,2,15114.76,0.3,COD,Delivered,4,3,web
O004716,1,2025-04-19,C00418,P0087,1,6483.08,0.1,credit card,Delivered,2,4,APP
O000131,1,2025-06-07,C01323,P0086,2,3623.73,0.05,Debit Card,Delivered,4,,APP
O006366,1,2025-11-14,C00544,P0106,1,2525.6,0.3,COD,Delivered,2,4,APP
O004036,1,2025-08-17,C00555,P0076,2,27580.99,0.1,upi,Delivered,5,3,APP
O003622,2,2025-03-21,C00287,P0015,1,23154.25,0,Debit Card,Returned,3,5,Marketplace
O004016,1,2026-02-14,C00959,P0059,3,17625.97,0.05,Credit Card,Delivered,2,,Web
O001815,3,2025-04-13,C01590,P0031,1,23130.91,0.5,Credit Card,Delivered,7,2,Marketplace
O004298,1,2026-02-27,C00350,P0038,1,341.42,0.15,COD,Delivered,4,,Marketplace
O004959,1,2025-04-21,C00935,P0080,1,22246.13,0.1,Wallet,Delivered,5,4,Web
O003353,1,2026-06-07,C00267,P0129,1,15229.27,0.2,Credit Card,Cancelled,,,Web
O006383,2,2025-08-21,C00365,P0070,3,4088.28,0.25,credit card,Delivered,6,3,web
O005603,1,2025-07-30,C00621,P0072,1,12497.1,0.1,Credit Card,Delivered,3,4,App
O001605,3,2025-11-14,C01480,P0037,1,18389.74,0.65,UPI,Cancelled,,,Marketplace
O001749,1,2026-07-28,C01917,P0014,1,5870.78,0,upi,Delivered,4,3,Marketplace
O003899,2,2026-05-05,C00877,P0061,2,22693.9,0.05,UPI,Delivered,3,4,Marketplace
O003686,4,2025-07-27,C00311,P0129,1,15347.16,0.5,UPI,Delivered,5,3,APP
O001171,1,2025-06-17,C00233,P0135,1,3289.69,0.25,Wallet,Delivered,3,4,APP
O005769,1,2025-08-14,C01984,P0014,2,5742.58,0.1,Cash on Delivery,Delivered,,,Marketplace
O005368,1,2026-05-12,C00449,P0114,3,1209.72,0.25,Debit Card,Delivered,7,,Marketplace
O001754,1,2025-08-22,C00345,P0107,1,23899.32,0.15,upi,Delivered,4,3,Marketplace
O005542,1,2026-08-16,C01636,P0035,1,17878.73,0,Debit Card,Delivered,,,web
O004002,1,2026-05-18,C00844,P0007,1,11530.34,0.1,UPI,Delivered,3,4,App
O001053,2,2026-07-14,C01949,P0036,1,18764.88,0.05,Wallet,Delivered,5,3,App
O003103,2,2025-10-29,C01134,P0048,1,994.52,0.3,Debit Card,Delivered,3,4,Web
O004727,2,2026-07-23,C00413,P0068,1,9488.32,0.1,Credit Card,Delivered,7,3,APP
O000251,1,2025-07-22,C01611,P0112,1,22617.56,0.05,UPI,Delivered,5,3,Marketplace
O001304,2,2025-12-23,C00335,P0114,2,1209.48,0.15,credit card,Delivered,2,4,Marketplace
O001164,1,2025-10-27,C01562,P0039,1,12326.12,0.15,Wallet,Delivered,5,3,web
O006051,2,2026-05-29,C00473,P0068,1,9050.6,0.15,Cash on Delivery,Delivered,4,3,App
O000403,1,2026-01-10,C01378,P0136,1,13911.95,0.2,Cash on Delivery,Delivered,3,3,Marketplace
O003377,2,2025-03-27,C00914,P0139,1,3511.09,0.15,Credit Card,Returned,3,4,APP
O002904,1,2026-05-24,C00025,P0087,1,6840.68,0.15,COD,Delivered,5,3,Web
O002012,2,2026-03-16,C00891,P0009,3,14670.81,0.1,Debit Card,Delivered,,,web
O005107,2,2026-08-25,C00839,P0074,1,10525.29,0.05,upi,Delivered,4,3,Web
O005421,2,2026-02-20,C00772,P0083,2,5481.43,0.2,upi,Delivered,6,2,Marketplace
O002027,2,2026-07-07,C00110,P0006,1,20756.76,0,credit card,Delivered,5,3,Web
O001740,1,2026-06-20,C00662,P0077,2,11056.31,0,Wallet,Delivered,6,3,APP
O004932,2,2025-08-10,C01093,P0026,1,14387.11,0,Credit Card,Cancelled,,,Web
O004799,1,2026-04-16,C01961,P0119,1,20376.25,0.2,Wallet,Delivered,2,,web
O003107,1,2025-07-17,C01432,P0015,1,21818.55,0.2,Cash on Delivery,Cancelled,,,App
O004023,1,2026-01-18,C00285,P0068,2,9191.1,0.15,UPI,Cancelled,,,APP
O005786,1,2026-07-28,C01855,P0109,1,15038.58,0.1,Debit Card,Delivered,3,3,web
O001919,2,2025-12-13,C01254,P0086,1,3815.07,0.2,upi,Delivered,5,3,Marketplace
O000244,1,2025-11-26,C01435,P0002,4,10903.25,0.2,upi,Returned,4,3,Marketplace
O004762,3,2026-04-11,C00150,P0010,1,23775.87,0.05,COD,Cancelled,,,Marketplace
O002179,3,2025-09-27,C00057,P0033,1,610.39,0.2,Cash on Delivery,Delivered,7,2,web
O001407,1,2026-08-26,C01756,P0005,2,5361.47,0.1,Debit Card,Delivered,2,4,web
O005930,1,2025-09-18,C01166,P0088,2,25781.47,0.2,Cash on Delivery,Delivered,2,5,Web
O003319,2,2026-06-28,C00168,P0112,1,22088.27,0.3,COD,Delivered,5,3,Web
O000959,1,2025-11-09,C01163,P0111,1,1875.34,0.05,Credit Card,Delivered,3,,Marketplace
O004975,2,2026-07-09,C00314,P0013,1,5587.9,0.2,Credit Card,Delivered,2,4,Marketplace
O001738,2,2026-05-09,C00155,P0068,1,8988.38,0.1,upi,Delivered,5,3,Marketplace
O004395,1,2025-11-30,C00112,P0104,1,4879.91,0,Debit Card,Delivered,4,3,Marketplace
O001136,3,2026-01-06,C00928,P0017,1,3358.33,0,upi,Delivered,5,3,Marketplace
O004062,1,2026-02-09,C00125,P0062,3,18092.32,0,UPI,Delivered,6,2,web
O001685,2,2025-06-15,C00272,P0039,1,12625.52,0,Cash on Delivery,Delivered,2,5,Web
O004054,1,2025-05-29,C01971,P0003,5,19533.73,0.05,upi,Delivered,6,2,Web
O005137,2,2026-07-06,C01269,P0035,2,17260.07,0,COD,Cancelled,,,APP
O002397,1,2026-08-09,C00355,P0134,2,17710.37,0.3,credit card,Delivered,5,3,App
O006500,1,2025-04-27,C00501,P0002,1,10422.68,0.5,Wallet,Delivered,5,3,APP
O003242,2,2026-01-24,C00175,P0109,1,14539.76,0,Wallet,Returned,6,3,Web
O004485,1,2025-07-17,C00054,P0141,3,12290.53,0.15,upi,Delivered,8,2,web
O003307,3,2025-07-11,C00520,P0130,1,17686.32,0.15,credit card,Delivered,2,4,web
O003226,2,2025-11-18,C00408,P0074,1,10428.64,0,upi,Delivered,4,3,Marketplace
O000138,3,2025-08-29,C01127,P0116,1,11881.69,0.2,COD,Delivered,5,3,Marketplace
O001274,4,2025-05-19,C00793,P0077,1,10481.23,0.2,upi,Delivered,8,2,APP
O006264,3,2025-05-19,C01710,P0120,2,12780.03,0.1,UPI,Delivered,5,3,web
O004083,1,2025-03-02,C00927,P0135,2,3378.39,0.25,upi,Delivered,7,2,Web
O001998,1,2026-07-31,C01259,P0040,1,13051.09,0,upi,Delivered,7,2,Marketplace
O004949,1,2025-03-06,C00295,P0140,1,13150.75,0.1,UPI,Returned,4,4,Marketplace
O004251,1,2026-02-27,C00608,P0039,1,12448.17,0.2,Cash on Delivery,Delivered,2,5,APP
O001017,2,2025-02-14,C01159,P0095,1,15243.06,0.25,credit card,Delivered,4,4,web
O004164,3,2026-08-18,C00470,P0086,2,3688.72,0.2,credit card,Delivered,5,3,App
O005290,2,2025-10-24,C00525,P0138,1,974.39,0.15,UPI,Delivered,3,4,web
O003289,3,2025-12-11,C00700,P0115,4,4809.76,0.25,Credit Card,Delivered,6,3,APP
O002656,1,2026-06-27,C01252,P0044,1,12946.75,0.1,upi,Delivered,1,5,Marketplace
O001373,3,2026-07-16,C00915,P0109,2,14949.56,0.15,COD,Delivered,4,3,web
O002131,1,2025-08-10,C01328,P0050,1,18286.55,0.15,Cash on Delivery,Returned,2,4,App
O005897,1,2026-05-11,C00605,P0057,2,4689.87,0.15,Debit Card,Delivered,5,3,Web
O004004,2,2026-03-29,C00099,P0109,1,14531.05,0,upi,Delivered,6,3,Web
O005880,2,2025-01-02,C01777,P0074,1,10661.58,0.2,credit card,Delivered,7,2,App
O000535,2,2025-08-13,C00899,P0027,1,20203.77,0.3,COD,Delivered,,,Marketplace
O001463,1,2026-07-03,C00745,P0086,2,3787.28,0,UPI,Delivered,5,4,APP
O004844,1,2026-02-23,C00207,P0003,1,18416.2,0.1,Debit Card,Delivered,4,3,web
O000812,1,2025-01-05,C00046,P0010,2,22657.27,0.05,credit card,Delivered,5,3,App
O001568,1,2025-07-09,C00261,P0104,1,4906.5,0.1,upi,Delivered,5,4,App
O003259,2,2026-06-26,C00025,P0079,3,7509.17,0.25,Wallet,Delivered,4,4,APP
O004632,1,2025-01-16,C00365,P0042,1,6925.05,0.2,UPI,Delivered,6,3,Marketplace
O005922,2,2025-02-26,C01311,P0002,1,10280.38,0.1,Wallet,Delivered,4,4,APP
O002157,1,2025-07-06,C01075,P0090,3,4835.75,0.25,upi,Cancelled,,,Web
O002409,3,2025-02-18,C00138,P0136,2,13578.4,0,COD,Delivered,7,2,Web
O001797,1,2025-12-31,C01682,P0111,3,1824.07,0,COD,Delivered,7,2,APP
O003927,1,2025-03-23,C01345,P0125,2,4554.52,0.2,Cash on Delivery,Delivered,5,3,App
O004673,2,2025-04-08,C00149,P0030,1,14745.98,0.2,Debit Card,Delivered,4,4,Web
O003271,1,2026-06-09,C01578,P0094,2,6454.79,0.05,Credit Card,Delivered,2,4,web
O006304,1,2026-01-11,C01219,P0046,1,4121.12,0.05,upi,Delivered,5,3,App
O005643,2,2025-04-04,C01414,P0086,1,3816.69,0.2,Wallet,Delivered,5,3,APP
O004361,2,2026-07-22,C01573,P0002,1,10831.87,0.2,UPI,Delivered,,,App
O001756,3,2025-09-28,C01297,P0106,1,2495.22,0.2,COD,Delivered,6,3,web
O002889,2,2025-06-24,C01144,P0003,1,18974.77,0.3,COD,Delivered,4,4,APP
O002408,1,2025-12-28,C00831,P0040,3,13435.58,0.3,Debit Card,Delivered,4,4,APP
O002069,3,2025-07-07,C00199,P0008,1,22759.99,0.1,Wallet,Delivered,3,4,Marketplace
O001813,2,2025-12-05,C01770,P0126,1,2061.0,0.25,Cash on Delivery,Delivered,,,APP
O004134,1,2025-09-15,C00974,P0098,1,12891.05,0.05,credit card,Delivered,6,3,web
O006473,1,2026-02-23,C01896,P0106,1,2558.2,0.1,upi,Returned,6,3,APP
O004712,1,2026-06-23,C00865,P0087,1,6454.09,0.1,Credit Card,Delivered,3,4,web
O005986,2,2025-04-14,C00071,P0069,1,11583.74,0.15,upi,Returned,4,4,Web
O002600,2,2025-05-01,C01403,P0096,1,3053.74,0.65,UPI,Delivered,3,4,APP
O002217,2,2026-05-18,C01386,P0062,2,18593.77,0.15,Debit Card,Delivered,3,4,APP
O000247,1,2025-12-28,C01494,P0115,2,4615.36,0.3,Cash on Delivery,Delivered,4,4,APP
O003220,3,2025-11-15,C01963,P0021,3,22361.25,0.2,Cash on Delivery,Delivered,3,4,Marketplace
O002148,1,2025-03-01,C00609,P0081,1,22800.26,0.1,upi,Delivered,5,3,Web
O005122,1,2026-06-14,C00727,P0060,1,17482.23,0.2,Debit Card,Delivered,5,,Web
O006378,3,2025-10-17,C00216,P0083,1,5404.75,0.1,upi,Delivered,7,1,Marketplace
O003908,2,2026-02-23,C01230,P0026,1,14353.82,0.1,Debit Card,Returned,4,4,APP
O002277,2,2026-08-25,C00540,P0042,1,6784.17,0.05,credit card,Delivered,3,4,web
O003410,1,2025-03-25,C00718,P0035,2,17382.18,0,COD,Delivered,6,2,web
O004457,2,2026-01-27,C01881,P0025,1,3843.4,0.1,Wallet,Delivered,5,3,Marketplace
O005934,2,2026-02-26,C00949,P0081,5,21976.74,0.15,Debit Card,Returned,3,4,App
O005358,3,2025-03-11,C00769,P0001,1,9583.91,0.1,Wallet,Delivered,5,3,Marketplace
O001413,1,2025-03-13,C01654,P0097,1,3524.79,0.15,Cash on Delivery,Delivered,,,Web
O003031,1,2026-08-19,C00045,P0048,1,955.95,0.2,Debit Card,Delivered,3,4,Web
O005540,2,2026-06-10,C01668,P0014,1,5586.95,0.15,upi,Delivered,4,3,Marketplace
O004294,1,2025-06-03,C01619,P0008,2,22279.73,0.1,Cash on Delivery,Delivered,3,,APP
O000582,1,2025-05-13,C00718,P0141,2,12875.66,0.25,Credit Card,Delivered,5,3,App
O003714,1,2025-11-20,C00904,P0024,1,20257.01,0.3,Cash on Delivery,Delivered,6,,web
O000604,1,2026-05-08,C00540,P0116,1,11925.57,0.1,Cash on Delivery,Delivered,6,3,web
O000605,1,2025-04-02,C01032,P0009,1,14683.37,0.05,Wallet,Delivered,5,3,APP
O005400,1,2025-09-09,C00181,P0059,1,17281.17,0.05,upi,Delivered,4,3,APP
O005292,1,2025-03-06,C00001,P0140,2,13213.34,0.2,credit card,Delivered,3,4,App
O005690,2,2026-04-16,C00939,P0108,1,22535.53,0.2,Debit Card,Delivered,3,4,Web
O004942,1,2025-11-20,C01684,P0096,1,2828.09,0.1,credit card,Delivered,4,4,Marketplace
O006391,1,2026-03-26,C00368,P0086,1,3755.89,0.1,Wallet,Delivered,7,1,APP
O004843,4,2025-05-26,C00524,P0051,1,3987.59,0.15,Credit Card,Delivered,,,web
O005685,2,2026-06-10,C00101,P0017,1,3177.68,0.1,credit card,Delivered,4,4,Marketplace
O002685,1,2026-06-02,C00277,P0096,4,2891.14,0.15,credit card,Cancelled,,,web
O005301,1,2025-08-18,C01574,P0022,1,5358.07,0.15,upi,Delivered,4,4,web
O000788,1,2025-08-03,C00740,P0023,1,27701.19,0.15,Cash on Delivery,Delivered,4,3,App
O001850,1,2025-03-26,C01530,P0066,1,21955.04,0.15,UPI,Delivered,3,4,App
O001430,1,2026-04-22,C00806,P0114,2,1282.83,0,,Returned,5,4,Web
O005278,2,2025-11-25,C01472,P0023,1,26241.39,0.1,Credit Card,Delivered,4,4,APP
O003049,2,2025-07-05,C00876,P0101,1,8484.47,0.1,Debit Card,Delivered,5,4,APP
O004507,1,2026-06-17,C01808,P0040,2,12785.8,0,Debit Card,Delivered,3,3,App
O000390,3,2025-01-10,C01089,P0078,1,25817.18,0.2,Credit Card,Delivered,4,4,APP
O001506,1,2026-02-13,C01470,P0114,1,1262.7,0.25,Credit Card,Delivered,,,APP
O000451,1,2025-12-04,C01477,P0108,2,22293.6,0.1,Credit Card,Delivered,5,4,APP
O005664,1,2026-07-06,C00939,P0078,1,26601.9,0.2,Cash on Delivery,Delivered,6,3,App
O001148,3,2025-08-09,C00069,P0109,1,15272.89,0.2,Debit Card,Delivered,8,1,Marketplace
O000549,1,2025-08-25,C01641,P0049,1,1467.0,0.5,upi,Delivered,2,4,APP
O004326,1,2025-04-05,C01945,P0083,1,5538.43,0.2,COD,Delivered,4,4,Web
O002071,2,2026-04-29,C01446,P0035,1,17238.62,0,upi,Delivered,6,3,App
O002685,2,2026-06-02,C00277,P0063,1,17006.91,0,credit card,Cancelled,,,web
O000253,1,2026-08-02,C00387,P0057,2,4537.59,0.05,Credit Card,Delivered,8,1,App
O005050,3,2025-04-04,C01311,P0079,2,7438.58,0.15,upi,Delivered,5,4,Web
O001175,1,2026-08-11,C00356,P0134,1,18834.83,0.1,Debit Card,Delivered,4,4,web
O000275,1,2025-09-18,C01076,P0052,1,18555.8,0,Debit Card,Delivered,4,4,Marketplace
O000492,1,2025-01-01,C01337,P0075,4,10545.19,0.25,Cash on Delivery,Delivered,4,3,App
O005568,1,2026-06-27,C01959,P0007,1,11367.62,0.1,credit card,Delivered,2,5,web
O002842,1,2025-09-20,C00108,P0135,1,3367.04,0,upi,Delivered,3,4,web
O002363,1,2025-09-21,C01432,P0078,4,25046.98,0.2,COD,Delivered,5,3,App
O005947,2,2025-05-23,C00703,P0126,1,2066.07,0.15,upi,Delivered,5,3,APP
O005167,2,2025-03-27,C01322,P0053,1,7273.59,0.25,UPI,Delivered,5,3,APP
O002503,1,2025-02-14,C01068,P0060,2,17406.25,0,UPI,Delivered,5,3,web
O001861,3,2025-11-11,C01166,P0104,3,5147.88,0.5,UPI,Returned,4,4,web
O003712,1,2026-01-29,C01641,P0111,2,1924.5,0,Debit Card,Delivered,2,4,Web
O002426,2,2026-05-18,C01496,P0048,1,1008.25,0,upi,Delivered,4,,Marketplace
O003838,1,2026-05-20,C01896,P0050,1,17635.59,0,upi,Cancelled,,,Marketplace
O004455,2,2026-06-13,C00743,P0103,1,26896.43,0,credit card,Delivered,5,4,App
O000142,1,2026-05-31,C01423,P0139,1,3613.24,0.2,Cash on Delivery,Delivered,3,4,Marketplace
O003172,1,2025-01-21,C00946,P0012,1,7907.37,0.05,Credit Card,Delivered,1,4,Web
O002997,2,2026-01-01,C00707,P0065,1,18042.04,0.2,COD,Delivered,3,4,App
O003851,3,2025-09-06,C00895,P0140,3,13011.36,0,Debit Card,Delivered,5,3,Web
O006198,2,2025-03-01,C00515,P0103,1,26932.17,0.15,credit card,Delivered,7,3,Marketplace
O002628,1,2026-08-02,C00959,P0115,1,4646.92,0.2,COD,Delivered,,,web
O005450,2,2025-02-08,C00652,P0114,1,1294.03,0.1,upi,Delivered,5,3,Marketplace
O003807,2,2026-05-20,C01659,P0096,2,2909.02,0.1,Debit Card,Delivered,4,3,App
O005231,1,2025-08-14,C01911,P0009,4,14793.78,0.05,Debit Card,Cancelled,,,Marketplace
O000743,1,2025-07-29,C00539,P0010,2,24220.11,0.15,Credit Card,Delivered,5,3,Marketplace
O002928,2,2026-02-14,C01373,P0075,1,10368.09,0.2,Debit Card,Delivered,5,4,APP
O001193,1,2026-01-03,C00347,P0040,1,12931.54,0,COD,Delivered,6,3,Web
O005234,3,2025-05-21,C00483,P0037,1,17450.66,0.15,Wallet,Cancelled,,,APP
O005089,2,2025-04-25,C01869,P0014,1,5852.69,0.1,COD,Delivered,3,4,web
O004897,1,2026-01-12,C00329,P0094,1,6127.69,0.2,credit card,Delivered,6,2,APP
O003559,3,2026-01-20,C00493,P0002,2,10870.72,0.1,COD,Delivered,4,4,App
O001658,2,2025-05-18,C00677,P0053,1,7690.23,0.15,upi,Delivered,7,2,APP
O002810,1,2025-04-28,C01802,P0066,3,21595.84,0.1,COD,Delivered,2,4,Marketplace
O005842,1,2025-12-05,C01600,P0011,1,17146.8,0.1,credit card,Delivered,4,3,App
O006485,2,2025-09-26,C00772,P0135,1,3505.08,0.25,Credit Card,Delivered,5,3,Web
O000751,2,2026-07-27,C00221,P0112,1,22002.45,0,COD,Delivered,2,5,web
O006371,1,2025-07-11,C00819,P0093,1,22423.55,0,Credit Card,Delivered,2,5,Web
O000283,1,2025-03-15,C01611,P0023,1,26061.03,0.05,UPI,Delivered,5,3,Marketplace
O001822,2,2025-07-20,C01332,P0002,1,10210.74,0,Credit Card,Returned,8,2,App
O002169,2,2026-03-18,C01311,P0013,3,5742.1,0.5,Cash on Delivery,Delivered,6,3,Web
O002468,1,2025-08-11,C00370,P0091,1,252.13,0,Wallet,Delivered,7,2,Web
O004758,1,2026-07-28,C00597,P0128,3,14297.03,0.05,credit card,Delivered,3,3,web
O006338,1,2026-01-30,C00720,P0051,1,4179.65,0.1,upi,Delivered,3,4,web
O005835,2,2025-10-03,C01635,P0007,1,12081.6,0.05,Wallet,Delivered,5,3,Web
O000599,1,2025-05-18,C01732,P0001,1,8988.56,0.15,COD,Delivered,4,4,web
O000229,3,2025-03-21,C00125,P0021,1,22724.16,0.25,UPI,Delivered,3,3,App
O001905,1,2025-01-08,C00569,P0070,1,4152.85,0.2,Debit Card,Delivered,4,3,App
O002451,4,2025-07-07,C01816,P0116,1,0,0.05,COD,Delivered,5,3,Web
O000526,2,2025-05-05,C01557,P0063,1,17053.96,0.15,Debit Card,Delivered,6,3,Marketplace
O006032,1,2026-02-23,C01107,P0079,1,7807.11,0.1,Debit Card,Cancelled,,,Web
O000611,1,2026-07-19,C01660,P0041,1,20592.99,0.1,Debit Card,Delivered,5,3,Web
O004070,1,2026-08-04,C01470,P0011,1,17053.12,0.05,Wallet,Delivered,4,3,App
O002496,3,2025-11-13,C00128,P0125,2,4525.0,0.15,COD,Delivered,5,2,Web
O005464,1,2025-01-09,C00581,P0101,4,8071.96,0.25,COD,Cancelled,,,APP
O002228,1,2025-06-02,C00160,P0122,1,1179.98,0.05,Debit Card,Returned,6,3,App
O001694,2,2025-02-03,C01528,P0047,1,28308.89,0.2,Credit Card,Delivered,5,3,Web
O001343,1,2025-05-26,C01397,P0133,1,3901.98,0,COD,Delivered,5,2,App
O000179,1,2026-08-12,C00834,P0077,1,10457.86,0.1,Credit Card,Delivered,4,4,Web
O000591,1,2025-03-26,C00723,P0042,1,7086.61,0,UPI,Delivered,2,5,APP
O005085,1,2025-10-14,C00346,P0026,1,13917.73,0.15,UPI,Delivered,4,3,App
O001483,1,2025-08-27,C00076,P0018,1,14335.14,0.05,UPI,Delivered,5,3,web
O001241,2,2026-04-01,C00437,P0022,1,5183.18,0.25,credit card,Delivered,6,3,Marketplace
O006024,1,2025-08-19,C01234,P0047,1,29674.76,0.3,Debit Card,Delivered,7,3,web
O001865,3,2025-02-24,C00315,P0119,1,20432.32,0.1,COD,Delivered,5,3,App
O004249,1,2026-02-23,C01022,P0082,1,15520.48,0.15,COD,Delivered,3,3,Marketplace
O001436,1,2025-01-15,C01869,P0138,1,1000.22,0.15,credit card,Delivered,4,3,App
O000246,1,2026-02-12,C00988,P0082,1,15028.17,0.2,Credit Card,Delivered,4,3,Web
O000822,1,2026-03-07,C00074,P0096,1,2830.57,0.1,COD,Delivered,5,2,App
O002934,2,2025-11-28,C01249,P0031,1,22671.07,0.05,upi,Delivered,1,5,Marketplace
O004568,1,2025-07-21,C01294,P0071,1,11232.81,0.25,UPI,Delivered,6,2,web
O001150,2,2025-11-24,C01651,P0093,1,22463.61,0.1,Wallet,Delivered,5,,APP
O003683,1,2026-03-18,C01931,P0032,1,0,0.2,credit card,Delivered,4,4,App
O000130,1,2026-07-10,C00172,P0041,1,19768.6,0.15,Credit Card,Delivered,3,4,App
O002330,1,2026-01-29,C00239,P0087,1,6538.45,0.1,UPI,Delivered,4,4,APP
O006393,1,2026-06-27,C01319,P0077,4,11142.17,0.25,UPI,Delivered,6,2,Web
O002295,2,2025-08-09,C01799,P0027,1,19586.31,0.15,COD,Delivered,5,3,web
O001886,1,2025-01-28,C01383,P0076,4,26979.78,0.25,Cash on Delivery,Delivered,6,3,web
O003456,2,2025-08-20,C01887,P0023,2,27117.31,0.2,UPI,Delivered,3,4,web
O006471,1,2025-07-11,C00895,P0069,1,11841.51,0.25,Credit Card,Returned,5,3,App
O006138,1,2025-08-13,C01532,P0036,1,18340.46,0.15,UPI,Delivered,4,4,web
O003758,1,2025-10-20,C00786,P0049,1,1416.97,0.2,credit card,Delivered,6,3,Marketplace
O001233,2,2025-10-21,C01816,P0079,2,7344.9,0.1,Debit Card,Delivered,3,,web
O005634,4,2025-05-04,C00565,P0143,3,4029.65,0.1,UPI,Delivered,5,3,Marketplace
O004892,1,2025-05-06,C01370,P0003,1,18623.66,0.2,credit card,Delivered,5,3,Marketplace
O004606,2,2025-02-16,C00915,P0101,1,8362.61,0.25,Credit Card,Delivered,2,4,Web
O005205,1,2025-03-27,C01884,P0113,1,3163.19,0.15,Wallet,Delivered,6,3,web
O006044,2,2026-08-25,C01242,P0134,1,17741.19,0.1,UPI,Delivered,6,3,Marketplace
O001640,1,2026-04-30,C01176,P0089,1,17765.84,0,upi,Delivered,3,,web
O003829,3,2026-05-04,C01946,P0011,1,16612.51,0,credit card,Returned,1,4,App
O001248,3,2025-01-20,C01086,P0132,2,18329.41,0,COD,Delivered,5,4,App
O005793,1,2026-07-02,C01046,P0105,2,26164.44,0,upi,Delivered,5,3,Web
O002269,4,2025-04-22,C01888,P0017,2,3146.39,0.05,credit card,Delivered,6,2,Web
O005497,1,2026-03-30,C01403,P0057,4,4513.01,0.2,credit card,Delivered,6,3,APP
O002010,2,2025-09-18,C00816,P0011,1,17174.38,0.05,upi,Delivered,3,4,web
O005546,1,2026-01-21,C01504,P0104,1,5070.92,0.2,Wallet,Returned,4,4,App
O003646,1,2025-10-29,C00566,P0075,1,10528.07,0.3,,Delivered,4,4,web
O000924,2,2025-03-11,C01643,P0036,1,18145.44,0.1,Wallet,Delivered,3,4,Web
O003213,1,2026-04-08,C01499,P0010,1,23143.81,0,Credit Card,Returned,3,4,web
O002145,1,2025-04-02,C00625,P0131,1,18609.37,0.2,Cash on Delivery,Returned,2,4,Web
O003715,4,2025-03-27,C01926,P0103,3,27836.76,0.2,Credit Card,Delivered,2,,Web
O004205,1,2026-03-10,C01839,P0081,1,22469.12,0,Wallet,Delivered,2,5,App
O000761,1,2026-03-01,C01616,P0100,1,13852.41,0,Credit Card,Returned,3,4,App
O002615,1,2026-01-12,C00767,P0083,1,5419.34,0.25,Credit Card,Delivered,5,3,App
O002931,1,2025-09-21,C00600,P0052,1,19767.48,0.1,Cash on Delivery,Cancelled,,,Marketplace
O004187,1,2025-08-28,C01712,P0035,1,18476.17,0.25,UPI,Cancelled,,,Web
O003805,2,2026-07-18,C00342,P0017,1,3328.56,0.2,credit card,Delivered,7,2,Web
O002507,2,2026-02-24,C01000,P0047,2,28498.41,0.15,Cash on Delivery,Delivered,6,3,Web
O003545,1,2026-07-03,C00767,P0109,3,14981.34,0.15,credit card,Delivered,3,4,web
O004370,2,2025-04-02,C00686,P0112,1,21545.97,0.15,COD,Delivered,6,3,Marketplace
O004347,2,2025-08-02,C01427,P0077,2,11189.07,0.65,Credit Card,Delivered,5,3,APP
O003981,2,2026-06-02,C00365,P0103,2,26458.96,0.15,COD,Returned,3,4,App
O000203,2,2026-06-06,C00803,P0034,2,8260.32,0.1,Cash on Delivery,Delivered,4,4,Web
O005405,1,2026-02-09,C01052,P0124,1,13880.64,0.05,credit card,Delivered,4,4,Web
O005775,2,2025-11-07,C01786,P0068,1,9478.29,0.25,Wallet,Delivered,5,,APP
O002072,1,2025-09-13,C01152,P0051,1,4112.26,0.15,credit card,Delivered,9,2,web
O004020,2,2025-06-28,C01453,P0029,1,4796.0,0.05,COD,Returned,3,4,Web
O004963,1,2025-07-28,C00618,P0052,1,19837.78,0.05,Debit Card,Delivered,4,3,web
O000800,1,2026-01-31,C00448,P0037,1,18231.35,0.05,Debit Card,Delivered,5,3,App
O000844,3,2025-02-24,C00006,P0115,2,4910.05,0.25,Debit Card,Delivered,4,3,App
O001689,2,2026-02-27,C01288,P0101,3,8527.17,0.1,UPI,Delivered,3,3,Marketplace
O000686,1,2025-08-30,C00569,P0107,1,23415.89,0.05,Credit Card,Delivered,5,2,Marketplace
O002293,2,2025-07-14,C01513,P0041,1,19918.32,0.2,Debit Card,Delivered,4,4,web
O004451,2,2025-01-19,C00760,P0086,1,3688.44,0.1,Cash on Delivery,Delivered,7,2,APP
O004765,2,2025-09-21,C01741,P0081,1,22407.14,0.65,UPI,Delivered,5,2,Web
O001446,1,2025-10-20,C01608,P0030,2,14905.84,0,UPI,Delivered,5,3,App
O001499,1,2025-12-26,C02000,P0074,1,10990.48,0.15,Cash on Delivery,Returned,5,3,Web
O004073,4,2026-03-02,C00185,P0096,1,2933.24,0.1,UPI,Delivered,4,4,web
O001025,2,2025-08-03,C01306,P0123,1,8919.64,0.15,Cash on Delivery,Delivered,2,4,web
O005900,2,2025-01-13,C00640,P0124,1,13937.02,0.15,COD,Delivered,4,3,App
O002254,1,2025-10-20,C00304,P0071,1,11178.17,0.1,Cash on Delivery,Returned,5,3,App
O001081,2,2026-05-07,C01413,P0115,2,4928.06,0.25,Cash on Delivery,Delivered,6,3,web
O003430,1,2026-01-18,C00744,P0139,1,3651.16,0.1,Cash on Delivery,Delivered,7,2,App
O002452,1,2025-05-06,C00271,P0035,1,18193.19,0.05,Credit Card,Returned,5,3,Marketplace
O004840,4,2025-09-30,C01941,P0052,1,18703.23,0.1,credit card,Delivered,4,4,web
O005755,3,2026-04-01,C01818,P0082,3,15388.48,0.15,,Delivered,2,4,Web
O000236,1,2025-03-02,C00233,P0009,2,14138.33,0.2,credit card,Delivered,5,3,Web
O005307,1,2025-09-19,C00288,P0083,1,5324.55,0,Wallet,Delivered,2,4,APP
O004322,1,2026-08-23,C00412,P0087,1,6473.69,0,Credit Card,Delivered,2,4,web
O001707,1,2026-06-17,C00883,P0023,1,25878.85,0.2,COD,Delivered,4,4,APP
O003563,2,2026-08-22,C00877,P0131,3,18179.88,0.15,Wallet,Delivered,6,2,App
O003693,1,2025-03-17,C01188,P0001,1,9423.92,0.2,Debit Card,Delivered,5,3,APP
O000984,1,2025-03-21,C01133,P0040,3,13495.66,0.15,Cash on Delivery,Delivered,4,4,web
O002947,2,2025-10-31,C00073,P0097,1,3482.79,0.05,upi,Delivered,4,4,APP
O006443,1,2026-05-25,C01786,P0119,2,20004.79,0.15,UPI,Delivered,6,,APP
O002555,1,2025-02-02,C01202,P0017,1,3158.49,0.5,upi,Delivered,6,2,Marketplace
O001651,1,2025-07-12,C00582,P0004,2,18199.54,0.05,Wallet,Delivered,7,3,App
O003485,1,2025-06-21,C00937,P0102,2,17333.76,0.25,Debit Card,Delivered,7,3,Marketplace
O004467,3,2025-03-26,C01009,P0073,1,8898.9,0.2,Credit Card,Returned,6,3,web
O005140,2,2026-02-16,C01251,P0066,2,22038.94,0.05,Wallet,Delivered,2,,web
O000009,1,2025-08-18,C01328,P0107,1,23112.07,0.05,Wallet,Delivered,3,4,Marketplace
O001673,1,2025-12-13,C01611,P0006,2,20574.82,0.05,,Delivered,7,2,App
O005592,2,2025-03-10,C00762,P0128,1,14599.64,0.15,credit card,Delivered,5,3,App
O001458,1,2026-06-17,C01424,P0061,2,22596.78,0,COD,Delivered,5,3,Marketplace
O002243,1,2025-07-27,C00906,P0093,1,24162.2,0.1,upi,Delivered,5,3,App
O005245,1,2025-08-17,C00216,P0035,2,17894.88,0,UPI,Delivered,5,2,APP
O002969,2,2026-02-01,C01294,P0122,2,1215.33,0,UPI,Delivered,4,3,web
O005570,1,2026-05-22,C00796,P0052,1,19500.78,0.05,credit card,Delivered,3,4,Web
O004160,2,2026-06-23,C01140,P0060,1,16785.48,0,Wallet,Delivered,4,3,APP
O005199,1,2025-06-04,C00332,P0031,1,22637.63,0.25,UPI,Delivered,8,1,Marketplace
O002552,2,2025-05-18,C00620,P0078,1,25081.13,0.1,Debit Card,Delivered,1,5,App
O001762,3,2025-06-14,C01805,P0031,1,22846.93,0,COD,Delivered,4,4,Marketplace
O006015,1,2026-06-21,C00701,P0121,2,22413.99,0.25,Credit Card,Delivered,5,3,App
O001568,3,2025-07-09,C00261,P0118,1,3001.72,0,upi,Delivered,5,4,App
O004316,1,2026-01-09,C01417,P0122,2,1169.99,0.1,Wallet,Delivered,4,4,App
O005147,1,2025-09-20,C01964,P0088,1,26209.35,0,COD,Delivered,4,4,Web
O005873,3,2025-04-09,C00732,P0069,1,11200.8,0.1,Debit Card,Delivered,4,3,Web
O004269,1,2025-05-03,C00523,P0102,3,16908.85,0.15,UPI,Delivered,5,3,Marketplace
O003429,3,2025-10-02,C00447,P0090,4,4779.88,0,UPI,Returned,4,3,Web
O004301,2,2025-06-04,C00538,P0011,1,17049.12,0.2,COD,Delivered,1,5,Marketplace
O002405,3,2025-10-16,C01299,P0141,1,12860.5,0,COD,Delivered,3,4,Web
O000622,1,2025-01-28,C01677,P0015,1,22511.96,0.5,credit card,Delivered,6,3,Web
O003209,2,2025-01-18,C00720,P0097,4,3609.41,0.15,Debit Card,Cancelled,,,web
O005765,1,2026-08-10,C00825,P0050,1,17655.47,0.15,credit card,Delivered,8,1,web
O005933,1,2026-07-09,C00268,P0060,3,16871.37,0.05,upi,Delivered,5,3,APP
O000313,2,2025-03-18,C01353,P0059,1,17763.03,0.25,upi,Cancelled,,,Web
O000064,1,2026-08-16,C00243,P0110,1,8224.51,0.05,COD,Delivered,1,4,APP
O003052,1,2025-01-10,C00890,P0090,1,4980.17,0,Wallet,Delivered,1,5,Marketplace
O006147,2,2026-05-10,C01008,P0034,1,8410.16,0.2,credit card,Delivered,3,4,Web
O004568,2,2025-07-21,C01294,P0048,4,967.07,0.1,UPI,Delivered,6,2,web
O001294,3,2025-12-25,C01969,P0120,1,13193.8,0.25,Credit Card,Delivered,,,APP
O001049,2,2025-04-23,C01363,P0119,1,20584.8,0.1,Cash on Delivery,Delivered,5,3,APP
O000623,2,2026-01-31,C01470,P0078,2,26876.54,0.05,Wallet,Delivered,4,4,web
O006294,1,2026-07-05,C00377,P0005,1,5254.37,0.05,UPI,Delivered,4,4,App
O001265,3,2025-03-13,C01163,P0054,1,12511.4,0,Cash on Delivery,Delivered,5,3,web
O005928,1,2025-05-04,C00795,P0088,4,25192.07,0.1,Debit Card,Delivered,3,4,web
O000183,1,2026-02-22,C01623,P0018,1,13902.54,0.05,Wallet,Delivered,5,3,App
O002028,1,2026-04-21,C00901,P0076,1,27414.99,0,COD,Delivered,6,2,web
O004977,1,2025-07-31,C01374,P0114,2,1216.91,0.1,Wallet,Delivered,8,1,web
O001604,2,2026-08-11,C01498,P0032,2,20276.06,0.25,Credit Card,Delivered,4,3,Marketplace
O003089,2,2026-08-23,C01059,P0104,2,4955.58,0.2,credit card,Delivered,7,2,App
O005467,1,2025-05-08,C01315,P0046,1,3993.26,0.15,Debit Card,Delivered,4,,Marketplace
O002536,3,2025-01-23,C01108,P0028,1,8235.8,0.25,upi,Delivered,3,5,Web
O003840,1,2025-09-13,C00256,P0066,1,22759.0,0.2,Wallet,Delivered,7,2,APP
O003932,1,2026-08-24,C00721,P0078,2,25366.29,0.1,Cash on Delivery,Delivered,6,,Marketplace
O002124,3,2026-01-30,C01455,P0037,2,17882.77,0.2,Wallet,Delivered,4,3,Marketplace
O006125,2,2025-04-29,C01689,P0065,1,17628.19,0.15,Cash on Delivery,Cancelled,,,web
O000658,2,2025-10-17,C00028,P0142,1,11701.53,0.05,credit card,Delivered,3,3,web
O001936,2,2025-06-09,C01781,P0035,1,17655.06,0.65,COD,Returned,5,4,Web
O005535,2,2025-11-22,C00765,P0063,1,16534.97,0.1,Credit Card,Delivered,2,5,web
O005107,1,2026-08-25,C00839,P0021,1,22041.54,0.15,upi,Delivered,4,3,Web
O002320,3,2026-08-28,C01756,P0002,1,10934.36,0.2,Credit Card,Delivered,2,4,App
O005650,2,2025-04-01,C00472,P0072,1,12016.12,0.2,credit card,Delivered,5,,Web
O000843,1,2026-02-05,C01587,P0061,1,22737.8,0.15,credit card,Delivered,,,APP
O004375,2,2025-06-01,C01084,P0135,1,3329.95,0.05,Wallet,Delivered,3,4,Marketplace
O005900,1,2025-01-13,C00640,P0060,1,16817.37,0,COD,Delivered,4,3,App
O004281,1,2025-11-09,C01958,P0113,3,3083.0,0.3,upi,Delivered,6,2,Marketplace
O002457,1,2025-03-20,C00442,P0074,1,10641.88,0.05,UPI,Returned,5,3,APP
O001131,1,2026-01-29,C01610,P0077,4,10870.55,0.25,Cash on Delivery,Delivered,5,3,Web
O005062,2,2025-11-08,C01222,P0143,2,4136.85,0,Debit Card,Delivered,5,3,App
O006002,2,2025-06-23,C01409,P0066,1,23249.65,0.1,Debit Card,Delivered,5,3,APP
O006492,2,2026-04-06,C00385,P0112,1,22274.92,0.05,Debit Card,Delivered,9,1,Web
O002375,1,2025-12-14,C01489,P0111,1,1914.43,0.15,Debit Card,Delivered,5,3,Web
O005503,1,2026-08-13,C00034,P0111,1,1935.77,0.15,Debit Card,Delivered,4,4,Web
O004259,4,2025-05-26,C00461,P0129,1,14826.1,0.05,credit card,Returned,3,4,Web
O006174,4,2026-08-13,C00287,P0128,1,14679.58,0,UPI,Delivered,6,3,Marketplace
O003440,2,2026-01-20,C00778,P0097,5,3454.72,0.2,Debit Card,Delivered,6,2,APP
O004247,1,2026-08-10,C00469,P0004,2,17910.65,0.15,Wallet,Delivered,5,2,Web
O006270,3,2025-01-28,C00395,P0026,1,13941.44,0.1,Debit Card,Delivered,6,3,App
O006139,1,2026-08-30,C00414,P0071,1,11023.18,0.2,UPI,Delivered,5,3,APP
O001506,4,2026-02-13,C01470,P0027,1,19001.88,0.1,Credit Card,Delivered,,,APP
O003204,1,2025-11-22,C00608,P0023,1,27344.38,0,upi,Returned,4,3,App
O005169,1,2026-08-14,C01295,P0006,1,20574.75,0.25,upi,Delivered,4,3,Marketplace
O000446,1,2025-07-09,C01965,P0036,1,19073.03,0.05,Debit Card,Delivered,5,3,APP
O002678,1,2025-05-23,C00786,P0109,1,14432.79,0.1,Cash on Delivery,Delivered,5,3,APP
O002968,1,2025-09-12,C01112,P0114,2,1225.91,0,upi,Delivered,4,,APP
O000299,1,2025-03-05,C00765,P0084,1,16414.36,0.2,Debit Card,Delivered,7,,Web
O003918,1,2025-02-03,C00428,P0144,1,8221.24,0.05,Debit Card,Delivered,5,2,APP
O006283,2,2026-02-14,C01579,P0137,1,4790.12,0.15,Credit Card,Returned,4,4,Web
O004930,3,2025-07-17,C00047,P0025,1,4095.16,0.1,Credit Card,Cancelled,,,Web
O005665,1,2025-12-09,C00042,P0094,1,6309.26,0,COD,Delivered,6,2,web
O002735,3,2025-06-10,C01001,P0022,1,5485.53,0,Debit Card,Delivered,5,3,web
O005943,2,2026-07-17,C01812,P0008,2,23174.84,0.15,Credit Card,Delivered,5,2,Web
O003874,1,2026-02-05,C00974,P0064,2,4848.18,0.2,credit card,Delivered,4,3,APP
O003500,1,2026-06-07,C00860,P0086,1,3799.38,0.05,upi,Delivered,6,3,Web
O002138,1,2025-03-04,C00708,P0079,1,7433.09,0.1,Wallet,Delivered,7,2,Marketplace
O003935,2,2026-06-16,C00863,P0093,1,24102.65,0.05,,Returned,7,2,App
O006287,2,2025-12-30,C00189,P0093,2,23511.2,0.1,upi,Delivered,3,5,Marketplace
O000480,2,2025-05-20,C00248,P0079,2,7333.96,0.15,credit card,Delivered,5,4,Web
O002785,2,2026-03-12,C00436,P0091,1,257.08,0.2,COD,Delivered,2,5,web
O003043,1,2025-04-19,C01471,P0100,1,13668.71,0.2,COD,Delivered,3,3,web
O005620,1,2026-05-05,C01100,P0014,1,5552.05,0.15,credit card,Returned,2,4,APP
O006317,1,2026-04-05,C00960,P0047,1,27504.51,0.15,UPI,Delivered,8,1,APP
O003262,2,2025-08-23,C01052,P0089,2,17771.84,0.1,COD,Delivered,2,5,Web
O001566,1,2025-07-20,C00213,P0090,1,4658.18,0,Debit Card,Delivered,4,4,App
O004801,1,2026-01-14,C00983,P0114,1,1295.19,0,Cash on Delivery,Delivered,7,2,web
O000064,3,2026-08-16,C00243,P0130,1,17918.79,0.25,COD,Delivered,1,4,APP
O003042,1,2025-05-06,C01537,P0029,1,4962.83,0.15,Debit Card,Delivered,2,4,APP
O000672,2,2025-03-18,C01322,P0139,4,3573.75,0.1,Cash on Delivery,Delivered,4,4,App
O005475,2,2025-10-07,C01855,P0094,2,6290.27,0.15,COD,Delivered,2,4,Web
O002505,1,2026-02-19,C00619,P0041,1,20293.27,0.1,Debit Card,Delivered,4,3,web
O004048,3,2025-04-26,C00223,P0095,3,15871.68,0.05,UPI,Delivered,5,3,APP
O001526,1,2025-06-19,C00630,P0117,2,3502.37,0,Wallet,Delivered,5,3,App
O002090,1,2025-11-17,C01176,P0010,4,23594.98,0.1,COD,Delivered,4,4,Marketplace
O004484,1,2026-05-06,C00628,P0069,1,11262.36,0,Cash on Delivery,Returned,4,3,web
O005254,4,2025-08-12,C01067,P0028,1,8677.82,0.1,upi,Delivered,3,3,web
O004253,1,2025-01-30,C01194,P0027,1,20077.11,0.2,Credit Card,Delivered,6,2,Web
O005108,3,2025-08-25,C00134,P0051,1,4273.38,0.2,credit card,Delivered,3,4,App
O004970,1,2026-06-19,C01804,P0130,2,17678.75,0,credit card,Delivered,5,3,App
O005408,2,2025-09-01,C00797,P0023,1,27018.09,0.15,Cash on Delivery,Delivered,7,2,App
O004513,1,2025-08-01,C00454,P0059,1,18037.02,0,Cash on Delivery,Delivered,,,Marketplace
O003979,1,2026-06-11,C01748,P0026,1,14546.02,0.05,UPI,Cancelled,,,Marketplace
O002881,1,2025-04-26,C01070,P0050,1,17865.24,0.3,Credit Card,Delivered,2,5,web
O006364,1,2025-07-14,C01144,P0026,2,14167.11,0,Cash on Delivery,Delivered,6,3,App
O006122,4,2026-03-31,C01728,P0032,1,21451.26,0.2,Debit Card,Delivered,8,2,web
O002493,4,2026-07-18,C01954,P0086,1,3666.43,0.15,Wallet,Delivered,4,3,Web
O005158,1,2025-07-03,C00685,P0083,1,5439.58,0.05,Cash on Delivery,Returned,5,3,App
O001769,1,2025-08-25,C00433,P0036,1,19109.7,0,Credit Card,Delivered,5,3,web
O004720,1,2026-01-14,C01337,P0111,4,1850.88,0.1,Cash on Delivery,Delivered,7,3,web
O005670,2,2025-04-29,C00817,P0056,1,10698.92,0.15,Cash on Delivery,Delivered,8,2,Web
O002236,2,2026-08-01,C00831,P0141,2,12566.3,0,COD,Delivered,3,3,App
O000249,3,2025-09-09,C00760,P0057,2,4784.72,0,Credit Card,Delivered,6,,APP
O006454,2,2025-03-03,C01338,P0117,1,3562.56,0.05,Cash on Delivery,Delivered,3,4,web
O004200,2,2025-05-08,C01752,P0127,1,14580.8,0.05,Debit Card,Returned,4,,web
O001981,3,2025-01-02,C01884,P0082,1,14852.26,0.2,credit card,Delivered,,,APP
O005369,1,2025-08-13,C00552,P0092,1,4032.71,0.05,Debit Card,Delivered,5,3,APP
O001851,2,2025-01-11,C01074,P0081,3,22214.46,0.15,Wallet,Delivered,6,2,APP
O000397,3,2025-10-22,C01716,P0027,1,18994.84,0.15,UPI,Delivered,6,2,App
O003452,1,2025-04-18,C01499,P0083,2,5402.36,0,Credit Card,Delivered,2,,Web
O001364,3,2025-06-30,C00829,P0058,4,13418.05,0.1,Wallet,Delivered,4,4,App
O006199,2,2025-11-26,C00070,P0092,1,4212.03,0,Wallet,Delivered,2,4,APP
O006021,1,2025-08-10,C00356,P0120,1,12876.04,0,upi,Cancelled,,,App
O003773,3,2026-06-26,C00302,P0057,2,4788.27,0.2,COD,Delivered,5,3,APP
O001660,1,2025-06-13,C00524,P0105,1,26345.21,0.65,Wallet,Delivered,6,2,web
O000709,1,2025-01-31,C00230,P0064,1,4814.32,0.1,credit card,Delivered,6,2,APP
O001366,1,2025-04-06,C01058,P0052,3,19120.5,0.2,Wallet,Delivered,4,,APP
O003642,1,2025-10-02,C00864,P0095,2,15311.86,0.2,Credit Card,Delivered,6,2,Marketplace
O003701,1,2025-11-23,C01462,P0122,1,1132.75,0.3,UPI,Delivered,3,4,Marketplace
O000802,1,2025-12-02,C00236,P0121,2,21581.83,0.05,Debit Card,Delivered,7,2,Marketplace
O000992,2,2025-03-25,C00851,P0143,2,4120.52,0.05,Debit Card,Delivered,5,3,App
O003741,1,2025-08-02,C00334,P0086,1,3663.29,0,Cash on Delivery,Delivered,5,3,APP
O003235,1,2026-03-08,C00896,P0083,1,5444.23,0,Wallet,Delivered,6,3,APP
O006011,1,2026-03-18,C01304,P0131,1,18756.78,0,UPI,Delivered,4,4,Marketplace
O000276,2,2025-01-05,C01837,P0103,2,27360.73,0.05,Debit Card,Delivered,6,2,App
O000328,1,2026-06-27,C01891,P0038,3,341.57,0.2,upi,Cancelled,,,web
O000261,1,2025-11-27,C01738,P0117,2,3542.29,0.1,Debit Card,Delivered,4,4,Marketplace
O003376,1,2025-10-15,C00048,P0034,1,8589.59,0.15,UPI,Delivered,4,3,Marketplace
O005710,1,2026-01-14,C01529,P0069,1,11964.25,0.2,credit card,Delivered,5,3,App
O005580,2,2025-12-21,C01423,P0075,1,10687.64,0.25,credit card,Delivered,3,4,web
O004983,2,2025-05-28,C01727,P0128,1,14456.48,0.15,Wallet,Delivered,1,5,Web
O005035,1,2026-01-31,C01135,P0065,4,17969.36,0.3,upi,Delivered,4,3,Web
O003212,1,2026-05-03,C01089,P0048,4,947.14,0.1,COD,Delivered,4,4,Web
O003680,2,2026-04-04,C00269,P0023,2,27558.72,0.15,credit card,Delivered,3,3,Marketplace
O004803,1,2025-04-08,C01223,P0052,4,19246.22,0.1,Debit Card,Delivered,1,5,Web
O001088,1,2025-03-17,C00956,P0133,2,3910.16,0.2,UPI,Delivered,6,2,Web
O000415,1,2026-06-18,C00414,P0083,1,5475.7,0.05,Credit Card,Delivered,6,2,web
O001418,1,2025-09-28,C01254,P0001,2,9526.23,0.1,Credit Card,Delivered,2,4,App
O002219,2,2026-08-12,C00082,P0050,1,18144.67,0.3,COD,Delivered,5,2,Web
O006438,1,2026-08-05,C00587,P0005,1,5260.04,0.3,credit card,Delivered,5,3,APP
O005484,1,2026-06-04,C00095,P0076,1,27782.89,0.15,Cash on Delivery,Delivered,5,3,APP
O000709,2,2025-01-31,C00230,P0070,1,4285.58,0.1,credit card,Delivered,6,2,APP
O000725,1,2025-02-17,C00109,P0033,1,642.21,0.25,UPI,Delivered,4,4,web
O003759,1,2026-01-10,C01300,P0035,1,17554.64,0.2,Debit Card,Delivered,5,3,Marketplace
O002590,1,2025-06-28,C00404,P0139,1,3475.54,0.05,Debit Card,Delivered,3,3,Marketplace
O000274,2,2025-06-08,C01205,P0103,1,27833.22,0,credit card,Cancelled,,,APP
O000905,1,2026-01-09,C01644,P0144,2,7978.71,0,Wallet,Delivered,3,,Marketplace
O005693,1,2025-09-22,C00921,P0092,1,4282.53,0,Wallet,Delivered,3,3,APP
O006479,1,2025-12-28,C00144,P0093,3,24084.47,0,upi,Delivered,6,2,APP
O005286,2,2026-05-25,C00672,P0123,1,9305.11,0.05,COD,Delivered,5,3,Marketplace
O004152,4,2026-01-16,C00977,P0046,1,4072.63,0.1,COD,Returned,4,3,Marketplace
O002798,1,2026-07-04,C00780,P0018,1,14517.15,0.05,COD,Delivered,3,4,App
O000400,2,2025-01-23,C00083,P0138,1,1019.38,0.25,credit card,Delivered,4,4,web
O000459,1,2025-05-30,C00492,P0141,3,12607.63,0.05,upi,Delivered,6,2,App
O001693,1,2026-04-30,C00913,P0009,1,14013.91,0.2,Debit Card,Delivered,2,5,Web
O004910,1,2026-08-03,C00857,P0036,1,18319.38,0.1,upi,Delivered,4,3,APP
O001657,1,2025-08-31,C01124,P0094,3,6059.17,0.15,Wallet,Delivered,4,3,App
O000871,1,2025-05-23,C00642,P0011,2,16948.48,0.15,Debit Card,Delivered,5,3,APP
O005683,1,2026-05-29,C01406,P0037,2,17497.4,0.15,Wallet,Delivered,5,3,App
O002962,2,2025-06-08,C01421,P0018,2,14023.86,0.1,COD,Delivered,3,4,Web
O002425,1,2025-11-03,C00440,P0119,1,19668.38,0.2,Credit Card,Delivered,5,4,Marketplace
O002056,2,2026-06-23,C01878,P0104,4,4827.98,0.15,Credit Card,Delivered,4,3,App
O002521,2,2025-02-07,C01528,P0060,1,17508.13,0.1,UPI,Delivered,6,3,Marketplace
O004552,2,2026-04-20,C00558,P0052,1,18557.64,0.1,Debit Card,Delivered,3,4,Marketplace
O000174,2,2025-12-26,C00230,P0126,2,2107.54,0.2,credit card,Delivered,4,,Web
O005062,1,2025-11-08,C01222,P0070,1,4127.39,0.1,Debit Card,Delivered,5,3,App
O002154,2,2025-02-01,C00820,P0085,1,10081.1,0.1,credit card,Delivered,3,4,Marketplace
O002680,1,2026-03-29,C00720,P0088,2,26332.35,0.1,COD,Delivered,,,APP
O006277,2,2025-11-07,C01627,P0106,1,2482.09,0,upi,Delivered,5,3,web
O006251,1,2025-06-14,C01449,P0067,1,11242.95,0.05,Debit Card,Delivered,2,4,web
O001451,1,2026-06-05,C00587,P0080,1,23230.05,0.15,UPI,Delivered,7,2,Web
O000909,2,2025-05-28,C00900,P0007,1,11894.66,0.5,credit card,Delivered,5,3,APP
O000191,1,2025-01-03,C00125,P0104,1,5023.64,0.2,Cash on Delivery,Delivered,,,APP
O002536,4,2025-01-23,C01108,P0019,1,24327.29,0,upi,Delivered,3,5,Web
O002743,3,2025-04-22,C01536,P0058,2,12691.9,0,UPI,Delivered,3,4,App
O000002,3,2026-03-30,C01209,P0123,2,9311.22,0.1,COD,Delivered,3,3,Web
O004481,2,2025-11-14,C01501,P0021,1,22191.99,0.25,COD,Returned,5,3,Web
O005313,1,2025-10-29,C01466,P0125,3,4392.53,0.1,credit card,Delivered,7,2,App
O003340,1,2025-03-16,C01419,P0041,1,20184.12,0.05,upi,Delivered,6,2,web
O004029,1,2025-05-10,C00619,P0066,2,23167.41,0,Credit Card,Delivered,1,4,Marketplace
O004128,1,2026-01-17,C00048,P0110,1,8188.49,0.15,COD,Delivered,4,4,web
O002514,1,2026-08-19,C01417,P0137,1,4735.24,0.05,UPI,Delivered,9,2,Web
O004120,3,2025-07-06,C00437,P0113,3,3105.99,0.1,credit card,Delivered,5,,APP
O000671,1,2026-04-25,C00939,P0132,1,18928.85,0.5,UPI,Delivered,5,3,web
O005600,2,2025-01-31,C01305,P0121,1,21122.14,0,upi,Delivered,4,3,Web
O001454,2,2025-02-22,C01700,P0026,1,14538.67,0.1,UPI,Delivered,5,3,Marketplace
O006397,2,2026-07-05,C00550,P0132,2,18979.0,0.1,Debit Card,Delivered,1,5,Marketplace
O005599,1,2026-06-03,C01073,P0053,1,7529.4,0,COD,Delivered,5,3,Marketplace
O004772,1,2026-05-07,C01560,P0144,1,8399.72,0.05,Credit Card,Delivered,3,5,Web
O003481,1,2025-01-25,C01244,P0022,3,5500.87,0.25,UPI,Delivered,,,web
O000163,1,2026-02-05,C01072,P0129,2,15125.26,0.15,Credit Card,Delivered,5,3,APP
O004680,1,2025-06-27,C00883,P0013,1,5667.1,0,UPI,Delivered,5,3,APP
O000329,1,2026-03-01,C01276,P0118,1,3066.46,0.15,UPI,Delivered,4,3,web
O002991,1,2026-05-16,C00211,P0064,1,4733.39,0.25,COD,Delivered,5,2,Marketplace
O002893,1,2026-04-15,C01767,P0101,1,7976.4,0.15,credit card,Delivered,3,4,web
O001534,1,2026-01-14,C01131,P0056,1,10770.97,0.15,UPI,Delivered,4,3,App
O003006,1,2025-11-05,C00531,P0068,1,9040.47,0.05,credit card,Delivered,4,4,APP
O005261,1,2026-05-08,C01708,P0001,1,9447.6,0,Debit Card,Delivered,6,2,Marketplace
O006210,1,2026-01-20,C01107,P0088,1,26036.53,0.1,Cash on Delivery,Delivered,6,2,APP
O005109,1,2025-01-13,C01072,P0076,1,25704.96,0.1,Debit Card,Delivered,3,4,web
O002508,1,2026-02-24,C01358,P0112,1,21779.57,0.2,Cash on Delivery,Delivered,3,4,Web
O005399,2,2026-05-29,C01460,P0055,1,9502.65,0.65,Cash on Delivery,Returned,3,,Web
O006097,1,2025-05-07,C00063,P0047,1,27932.04,0,Credit Card,Delivered,2,5,web
O001839,1,2026-01-27,C01393,P0112,1,21353.33,0.25,COD,Delivered,5,2,web
O003748,2,2026-08-20,C01601,P0007,1,12042.47,0,upi,Delivered,7,2,Web
O002390,3,2026-03-18,C01077,P0097,1,3404.78,0.05,credit card,Delivered,1,5,Marketplace
O006272,2,2026-07-01,C00280,P0033,1,628.22,0.2,Debit Card,Delivered,4,3,APP
O003510,1,2025-04-03,C01304,P0093,1,23862.39,0.2,Wallet,Delivered,4,,web
O000630,1,2025-11-21,C01485,P0136,5,14036.51,0,Credit Card,Delivered,5,3,APP
O003793,3,2026-04-11,C00464,P0010,4,24334.22,0.1,credit card,Delivered,3,4,web
O005309,1,2025-04-10,C00652,P0115,1,4661.69,0,Debit Card,Delivered,2,4,APP
O000140,1,2025-03-18,C00389,P0040,1,13452.52,0.1,Credit Card,Delivered,3,4,APP
O000486,1,2026-07-09,C01603,P0079,1,7554.88,0,UPI,Delivered,2,5,Marketplace
O001757,1,2026-07-11,C01410,P0013,3,5712.37,0.25,COD,Delivered,1,4,web
O000098,2,2025-07-07,C01447,P0067,1,11179.15,0,Wallet,Delivered,5,3,web
O002041,1,2025-10-30,C01798,P0120,1,12643.46,0.25,credit card,Delivered,6,3,Marketplace
O001598,2,2025-03-08,C01262,P0081,1,22128.68,0.25,upi,Delivered,4,3,web
O000665,2,2026-03-31,C00768,P0111,1,1882.15,0.05,UPI,Returned,,,web
O005446,1,2026-03-14,C00015,P0104,1,5032.77,0.15,,Delivered,5,3,web
O006353,1,2025-06-26,C01395,P0086,4,3710.07,0.2,Debit Card,Delivered,5,3,App
O005650,1,2025-04-01,C00472,P0059,2,17558.36,0,credit card,Delivered,5,,Web
O002695,3,2026-07-09,C01805,P0097,3,3388.52,0.25,upi,Delivered,5,3,APP
O006132,1,2025-01-27,C00826,P0135,1,3362.79,0.05,COD,Delivered,1,,web
O005509,1,2026-01-04,C00122,P0103,1,28201.12,0.1,COD,Delivered,6,3,web
O003594,1,2026-07-31,C01984,P0053,1,7181.71,0.15,COD,Delivered,6,2,APP
O003974,3,2026-06-03,C00534,P0072,1,11799.65,0.1,Cash on Delivery,Delivered,4,4,web
O005963,1,2025-02-09,C01884,P0025,2,3970.61,0.15,Cash on Delivery,Delivered,5,,Marketplace
O000645,2,2026-02-22,C01261,P0085,1,10066.96,0.5,Cash on Delivery,Delivered,6,3,App
O004966,1,2026-06-27,C00370,P0005,2,5133.69,0.05,Credit Card,Delivered,5,3,Marketplace
O001559,1,2026-05-11,C01669,P0095,1,16093.06,0.05,UPI,Delivered,4,4,Web
O003518,1,2025-11-26,C01953,P0057,1,4636.84,0.3,COD,Delivered,5,4,APP
O005068,3,2026-08-14,C01384,P0070,1,4247.67,0,COD,Delivered,1,4,Web
O000673,1,2026-04-23,C01194,P0035,1,18085.27,0.5,upi,Delivered,7,3,APP
O003108,1,2025-09-18,C00527,P0017,4,3177.77,0.25,Cash on Delivery,Delivered,4,4,Marketplace
O001579,4,2025-04-27,C00369,P0036,2,19118.21,0.25,Credit Card,Delivered,5,2,web
O005980,1,2026-08-10,C00917,P0090,1,4822.72,0.05,credit card,Delivered,6,2,Marketplace
O006159,2,2025-11-16,C01299,P0018,1,14497.1,0,Credit Card,Delivered,4,4,web
O002730,1,2026-06-16,C00254,P0023,1,25959.63,0.1,Cash on Delivery,Delivered,5,4,App
O003241,4,2025-11-04,C01689,P0138,4,1023.54,0.5,Cash on Delivery,Returned,5,3,Web
O002349,3,2025-06-03,C00552,P0049,2,1431.17,0,UPI,Delivered,7,,APP
O003663,4,2026-08-13,C00840,P0037,1,17709.68,0,UPI,Delivered,3,4,Web
O000300,1,2025-11-24,C01423,P0032,2,20337.29,0.2,Wallet,Returned,4,3,Marketplace
O006142,1,2026-08-22,C01181,P0032,1,20991.08,0.1,Debit Card,Delivered,4,3,APP
O003431,2,2026-06-10,C01242,P0059,2,17267.64,0.15,Credit Card,Delivered,6,2,Web
O002993,1,2026-04-07,C01416,P0095,2,15783.21,0.15,COD,Delivered,5,3,App
O000228,2,2025-04-17,C01712,P0008,3,22195.4,0.1,UPI,Delivered,7,2,APP
O000636,2,2025-08-21,C01478,P0089,2,17896.94,0.3,credit card,Delivered,4,3,Marketplace
O004174,2,2025-06-26,C01835,P0122,1,1142.8,0.25,credit card,Delivered,4,3,web
O004301,1,2025-06-04,C00538,P0032,4,20478.76,0.25,COD,Delivered,1,5,Marketplace
O003758,3,2025-10-20,C00786,P0035,1,18382.12,0.25,credit card,Delivered,6,3,Marketplace
O006377,2,2025-11-02,C01905,P0031,1,22710.93,0.25,Debit Card,Returned,1,5,web
O001167,1,2025-08-16,C01026,P0062,1,18293.72,0.2,COD,Delivered,2,4,APP
O000002,2,2026-03-30,C01209,P0065,1,17793.19,0,COD,Delivered,3,3,Web
O002502,2,2025-10-02,C01256,P0144,3,8033.75,0.25,upi,Delivered,2,4,web
O005523,2,2026-08-20,C01272,P0035,1,18551.86,0.1,Debit Card,Delivered,7,2,web
O004650,1,2025-11-05,C01019,P0074,1,10513.6,0.05,Debit Card,Delivered,4,3,App
O005810,1,2025-08-01,C00967,P0142,1,11807.71,0,COD,Returned,2,4,APP
O003663,3,2026-08-13,C00840,P0105,2,26729.21,0.2,UPI,Delivered,3,4,Web
O001913,1,2025-02-20,C01836,P0131,2,18487.2,0,COD,Delivered,6,3,APP
O004738,3,2025-08-16,C00040,P0057,2,4840.43,0.1,credit card,Delivered,5,3,APP
O000866,2,2026-03-26,C01325,P0046,2,4022.28,0.15,COD,Delivered,5,3,web
O002093,2,2025-07-23,C01265,P0120,1,12958.31,0.1,Credit Card,Delivered,3,4,App
O003454,1,2026-04-30,C01067,P0069,1,11706.3,0.3,Wallet,Delivered,6,3,APP
O003224,2,2026-02-19,C01616,P0033,2,611.3,0,upi,Delivered,3,4,Marketplace
O006149,2,2025-05-18,C00446,P0060,3,16360.61,0.25,upi,Returned,5,3,App
O004349,2,2026-05-19,C00049,P0035,5,18231.2,0.1,Credit Card,Cancelled,,,Marketplace
O003426,2,2026-08-07,C00897,P0087,1,6730.59,0.05,COD,Delivered,6,2,Web
O000444,1,2025-06-26,C01880,P0059,1,18075.06,0.15,credit card,Returned,6,3,Marketplace
O006154,2,2026-08-06,C01556,P0005,1,5228.42,0.2,Wallet,Delivered,2,5,web
O002765,1,2026-05-08,C01424,P0111,1,1856.38,0.2,upi,Delivered,5,3,Marketplace
O002102,1,2025-11-26,C00660,P0068,1,9039.02,0.15,Cash on Delivery,Delivered,4,4,APP
O003578,2,2025-10-03,C00063,P0124,1,14082.8,0.05,Debit Card,Delivered,2,5,App
O005695,1,2025-01-22,C00939,P0037,1,18710.18,0.1,Debit Card,Delivered,3,4,Web
O006272,1,2026-07-01,C00280,P0039,1,11955.23,0.3,Debit Card,Delivered,4,3,APP
O003208,1,2025-11-30,C01427,P0070,1,4047.9,0,Wallet,Delivered,4,4,Web
O002136,4,2026-08-11,C00104,P0072,1,12509.86,0.1,Wallet,Delivered,7,2,Marketplace
O002712,4,2026-07-11,C01048,P0010,1,23127.11,0.05,credit card,Delivered,3,4,APP
O001420,2,2025-09-22,C01134,P0021,1,22071.58,0,UPI,Returned,6,2,Marketplace
O001540,1,2025-03-09,C01004,P0095,3,15171.23,0.2,COD,Delivered,2,,Marketplace
O003923,1,2025-12-22,C00695,P0053,2,7235.38,0,upi,Delivered,1,5,Marketplace
O000592,2,2026-04-10,C00833,P0084,2,16142.6,0.1,Debit Card,Delivered,3,5,Web
O001144,3,2025-05-04,C00139,P0072,1,12063.24,0.05,COD,Delivered,6,2,APP
O001264,1,2026-08-04,C01917,P0097,2,3606.6,0.05,COD,Delivered,3,4,APP
O004202,2,2025-10-05,C01550,P0083,1,5500.52,0.2,COD,Delivered,1,5,Marketplace
O002687,3,2025-02-09,C01637,P0086,1,3657.77,0.2,upi,Delivered,7,2,App
O001659,2,2025-06-06,C01180,P0127,1,14057.04,0.1,Debit Card,Delivered,3,3,web
O006040,2,2026-06-11,C01681,P0141,1,12418.89,0.1,Cash on Delivery,Returned,3,4,APP
O002329,1,2026-08-31,C00774,P0096,3,2902.65,0,upi,Delivered,3,4,Web
O004806,2,2026-04-05,C01682,P0073,1,8859.9,0,Cash on Delivery,Delivered,7,3,App
O000256,1,2026-07-01,C00160,P0106,1,2576.21,0,Cash on Delivery,Delivered,5,3,App
O001644,1,2026-04-04,C01714,P0068,2,9227.37,0.05,credit card,Delivered,5,3,Marketplace
O002029,1,2025-06-27,C00185,P0049,1,1402.04,0.05,UPI,Delivered,4,3,Marketplace
O000878,1,2025-03-10,C00719,P0026,3,14519.81,0.05,Cash on Delivery,Delivered,6,2,APP
O004365,1,2025-09-21,C00983,P0066,1,23038.33,0,COD,Delivered,2,4,APP
O003920,1,2026-04-13,C01404,P0119,1,19802.88,0.1,Wallet,Delivered,5,3,App
O002051,1,2025-06-26,C00605,P0067,1,11338.11,0.1,,Delivered,4,4,web
O003520,1,2025-06-22,C01658,P0016,1,20044.36,0.25,UPI,Delivered,4,4,APP
O004816,1,2026-04-20,C00877,P0039,1,12451.11,0.05,COD,Delivered,6,2,web
O003713,2,2025-06-16,C01522,P0006,1,20984.35,0.1,Wallet,Delivered,2,4,Web
O003629,1,2025-05-14,C00956,P0011,1,16605.86,0,Debit Card,Delivered,6,2,App
O000324,1,2025-02-15,C01642,P0036,1,19090.79,0,upi,Delivered,3,4,Web
O006422,2,2025-08-16,C01986,P0064,1,4503.7,0.15,COD,Delivered,4,3,web
O002694,1,2025-11-21,C00619,P0022,2,5247.71,0.15,COD,Delivered,3,4,web
O003287,3,2025-06-28,C00125,P0012,1,8088.62,0.15,UPI,Delivered,2,4,APP
O004923,2,2026-03-23,C01118,P0059,1,16971.93,0.05,Credit Card,Delivered,5,3,APP
O001593,2,2025-10-29,C00462,P0098,3,12818.3,0.3,Wallet,Delivered,4,3,App
O000268,1,2025-07-08,C01314,P0109,1,15137.82,0.1,Debit Card,Delivered,5,4,App
O001901,2,2025-06-22,C01451,P0001,1,9256.77,0.15,upi,Delivered,6,3,APP
O006261,1,2026-06-08,C00808,P0137,5,4806.91,0.2,credit card,Delivered,3,4,Marketplace
O002172,3,2025-05-31,C00482,P0139,2,3453.25,0.5,Cash on Delivery,Delivered,7,2,Web
O005271,2,2025-02-04,C00207,P0076,1,25889.73,0.1,COD,Delivered,3,4,APP
O001034,2,2026-01-20,C00741,P0089,1,17932.8,0.15,UPI,Delivered,1,4,web
O001217,1,2026-06-02,C01244,P0139,1,3554.22,0.2,Credit Card,Cancelled,,,Web
O006253,1,2026-01-30,C01590,P0085,2,9827.13,0.25,COD,Delivered,4,3,App
O002489,1,2025-12-11,C01085,P0034,1,8236.87,0.05,credit card,Delivered,4,3,Web
O001320,3,2025-09-04,C01071,P0071,1,11062.55,0.1,upi,Delivered,4,4,App
O006307,1,2026-03-29,C00788,P0065,2,17834.95,0.05,upi,Delivered,5,3,App
O006040,1,2026-06-11,C01681,P0049,1,1433.79,0.15,Cash on Delivery,Returned,3,4,APP
O000416,2,2025-06-13,C00795,P0086,3,3525.25,0.25,Credit Card,Delivered,4,3,App
O001554,3,2025-05-06,C01953,P0131,1,17981.43,0.15,COD,Delivered,4,3,Marketplace
O001714,4,2026-01-13,C01591,P0094,5,6285.14,0.05,Credit Card,Delivered,3,3,Marketplace
O003544,1,2025-11-06,C00308,P0074,1,11018.83,0,Debit Card,Delivered,4,4,Web
O000438,1,2025-07-13,C00836,P0011,1,16306.74,0.1,upi,Delivered,8,1,Marketplace
O002980,2,2025-06-03,C01146,P0135,2,3346.94,0.5,COD,Delivered,2,5,Marketplace
O004771,1,2025-06-04,C00566,P0024,1,20930.23,0.25,Credit Card,Delivered,3,4,Web
O001216,3,2025-10-09,C00986,P0059,1,17615.75,0.05,Wallet,Returned,4,3,web
O005702,1,2025-03-09,C01156,P0124,1,14006.75,0.25,credit card,Delivered,6,,APP
O004801,2,2026-01-14,C00983,P0044,1,13506.55,0,Cash on Delivery,Delivered,7,2,web
O004558,1,2026-08-30,C00056,P0125,1,4578.71,0.2,,Delivered,4,3,Marketplace
O002990,3,2026-03-31,C01702,P0120,2,13171.55,0.25,Debit Card,Delivered,5,,Web
O002448,3,2026-06-12,C00919,P0089,1,18275.75,0.15,Debit Card,Delivered,3,3,Marketplace
O001109,1,2025-10-20,C00947,P0080,1,22654.64,0.1,credit card,Delivered,4,4,Web
O004112,2,2026-06-14,C01119,P0113,1,3084.04,0.25,Wallet,Delivered,4,3,App
O005993,1,2025-01-20,C00610,P0138,2,988.51,0.1,Cash on Delivery,Returned,,,Web
O005830,1,2025-12-31,C01095,P0084,1,17388.06,0.3,Wallet,Delivered,5,3,web
O006365,1,2025-01-13,C01715,P0031,1,22276.1,0.15,Cash on Delivery,Delivered,6,2,Web
O005288,2,2025-01-23,C01247,P0103,1,27602.65,0.25,Wallet,Delivered,4,4,web
O004216,2,2025-01-04,C01078,P0139,1,3573.51,0.05,Debit Card,Returned,4,3,Web
O002637,2,2025-10-31,C01027,P0087,1,6429.43,0.25,UPI,Returned,7,,App
O000314,1,2025-07-17,C01673,P0042,1,6971.67,0.1,Debit Card,Delivered,4,4,web
O002339,1,2026-07-28,C01566,P0068,2,9558.15,0.1,Cash on Delivery,Delivered,1,5,APP
O004167,2,2025-09-11,C00971,P0121,1,21527.77,0.05,Wallet,Delivered,7,2,web
O005522,1,2025-12-22,C01462,P0039,1,12430.11,0.15,UPI,Delivered,2,5,App
O003247,1,2025-08-31,C01696,P0139,2,3614.35,0.1,credit card,Delivered,2,4,APP
O005017,1,2025-06-09,C01387,P0143,3,4140.59,0.3,UPI,Delivered,6,2,App
O001868,1,2025-08-03,C01476,P0121,1,22052.82,0,COD,Delivered,3,4,App
O003987,1,2025-07-03,C00524,P0088,1,26413.5,0,Debit Card,Delivered,4,4,Marketplace
O005208,1,2025-09-03,C00090,P0066,2,22427.89,0.1,credit card,Delivered,1,5,Web
O003446,3,2026-01-01,C01625,P0051,1,4238.99,0.15,Cash on Delivery,Returned,3,4,Marketplace
O003706,1,2025-06-25,C00201,P0031,1,22657.9,0.15,Cash on Delivery,Returned,6,3,APP
O004490,1,2026-02-14,C01361,P0139,1,3451.43,0,Wallet,Delivered,4,3,APP
O002458,1,2025-12-06,C00925,P0112,1,21496.52,0.25,COD,Delivered,3,3,Web
O003519,1,2025-06-22,C00846,P0022,1,5291.6,0.05,UPI,Delivered,5,3,Marketplace
O004330,1,2026-01-13,C01516,P0100,1,13636.89,0,COD,Delivered,5,3,APP
O001624,2,2026-08-19,C00847,P0081,1,22151.25,0.2,COD,Returned,2,4,App
O005436,1,2026-01-28,C01884,P0101,1,8151.15,0.15,credit card,Delivered,2,5,Web
O003829,1,2026-05-04,C01946,P0053,1,7512.36,0.15,credit card,Returned,1,4,App
O001087,2,2026-03-22,C00832,P0072,2,12679.97,0.1,Debit Card,Returned,5,4,App
O000300,2,2025-11-24,C01423,P0021,1,21902.97,0,Wallet,Returned,4,3,Marketplace
O002007,1,2025-07-18,C01621,P0076,1,26543.76,0.1,Wallet,Delivered,3,4,web
O002999,2,2025-06-01,C00513,P0071,2,11146.83,0.05,Debit Card,Delivered,2,,web
O003656,1,2026-01-13,C01223,P0073,1,8761.81,0.2,Wallet,Delivered,4,3,web
O004352,2,2025-03-21,C01284,P0096,1,3008.82,0.05,UPI,Delivered,4,4,web
O001627,1,2025-04-04,C00646,P0144,1,8381.95,0.25,Credit Card,Delivered,3,4,Marketplace
O004888,2,2026-07-29,C01898,P0095,1,16160.99,0.1,Cash on Delivery,Cancelled,,,App
O003573,1,2026-04-24,C00707,P0141,3,12354.92,0.15,credit card,Delivered,5,2,APP
O000720,2,2026-06-20,C00771,P0054,4,12994.76,0.05,Wallet,Delivered,3,4,Web
O003459,2,2025-03-04,C00226,P0098,3,12538.48,0.1,Cash on Delivery,Delivered,6,2,App
O002769,1,2026-07-11,C00385,P0035,1,18412.93,0.1,Debit Card,Delivered,3,4,APP
O000467,1,2025-06-30,C01013,P0019,1,24206.15,0.05,credit card,Delivered,1,4,App
O001954,1,2026-05-02,C01300,P0023,1,26205.91,0.2,Cash on Delivery,Delivered,5,3,Web
O006244,2,2025-06-13,C01955,P0123,1,8789.61,0.05,Cash on Delivery,Delivered,3,4,web
O004494,2,2025-04-24,C00535,P0111,2,1828.41,0.1,credit card,Cancelled,,,Marketplace
O004229,1,2025-08-19,C00891,P0070,2,4299.15,0.05,upi,Delivered,5,3,web
O002302,1,2025-11-23,C01414,P0054,1,12460.48,0.05,Wallet,Delivered,6,2,Web
O000363,2,2026-02-08,C00890,P0033,1,645.58,0,credit card,Delivered,4,4,Web
O006290,2,2026-08-28,C00601,P0093,1,22662.62,0.2,Wallet,Delivered,4,3,web
O001521,2,2025-07-17,C00926,P0092,1,4024.88,0.1,UPI,Delivered,5,3,APP
O005058,2,2026-01-18,C00741,P0099,1,19794.94,0.2,Credit Card,Returned,1,5,Marketplace
O004074,1,2025-11-03,C01428,P0132,1,19208.08,0,Cash on Delivery,Cancelled,,,APP
O001830,1,2026-03-01,C00163,P0122,1,1197.97,0.15,credit card,Delivered,4,4,web
O004627,1,2025-03-15,C01060,P0007,1,12011.8,0,Debit Card,Delivered,3,4,Marketplace
O004529,2,2025-09-23,C01547,P0083,1,5723.6,0.25,Debit Card,Delivered,4,4,APP
O001621,2,2025-07-05,C00325,P0031,4,23450.27,0.3,Wallet,Delivered,2,4,web
O000620,2,2026-05-13,C01945,P0052,1,18375.29,0.15,credit card,Returned,3,3,web
O006013,1,2026-04-25,C00433,P0001,1,9529.5,0.15,Debit Card,Delivered,3,4,Web
O003530,1,2026-07-12,C01614,P0116,2,11740.88,0.1,Debit Card,Delivered,5,2,web
O001099,4,2026-02-05,C00726,P0061,1,22202.86,0,upi,Delivered,6,3,APP
O000210,1,2026-02-02,C01811,P0130,1,17377.17,0,COD,Returned,2,5,Marketplace
O000682,1,2025-10-09,C01420,P0108,1,22475.46,0,UPI,Returned,2,4,App
O006477,1,2026-07-23,C01578,P0018,1,14051.3,0.15,credit card,Delivered,6,2,web
O001619,1,2025-05-18,C00349,P0035,1,17256.08,0.5,Wallet,Delivered,5,4,web
O001814,3,2025-12-09,C01231,P0135,2,3333.68,0.25,COD,Delivered,2,4,APP
O003353,2,2026-06-07,C00267,P0030,2,14049.9,0.1,Credit Card,Cancelled,,,Web
O000552,3,2026-08-29,C01938,P0110,1,8697.78,0.15,upi,Delivered,5,3,APP
O002632,2,2026-04-26,C01975,P0064,2,4816.82,0.1,Cash on Delivery,Delivered,5,2,web
O000518,2,2025-10-01,C00699,P0006,2,20848.57,0.15,Cash on Delivery,Delivered,8,2,Web
O005948,2,2025-10-15,C00133,P0127,1,14630.42,0.25,COD,Delivered,6,3,Web
O005948,1,2025-10-15,C00133,P0105,1,26089.43,0.1,COD,Delivered,6,3,Web
O001614,1,2025-05-24,C01634,P0092,1,4182.44,0.05,COD,Delivered,2,4,web
O006053,1,2025-12-22,C01445,P0029,3,4994.69,0,UPI,Delivered,5,4,web
O004784,1,2025-01-16,C01084,P0044,3,13577.78,0,COD,Returned,6,2,web
O002873,1,2025-02-21,C00026,P0138,2,1034.57,0.2,credit card,Returned,5,4,Web
O000832,1,2026-03-01,C01875,P0112,1,22759.15,0.1,Wallet,Delivered,2,4,App
O001312,1,2025-02-06,C01168,P0091,4,250.68,0.25,upi,Delivered,5,3,Web
O002027,1,2026-07-07,C00110,P0105,4,25726.08,0.15,credit card,Delivered,5,3,Web
O000280,1,2026-06-23,C00882,P0075,1,11053.72,0.15,Wallet,Delivered,3,4,APP
O000430,1,2025-02-21,C01274,P0107,1,24236.79,0,UPI,Delivered,7,2,Web
O002889,1,2025-06-24,C01144,P0085,4,9669.5,0.2,COD,Delivered,4,4,APP
O001354,1,2025-01-16,C01804,P0134,1,18390.27,0.25,Credit Card,Delivered,1,5,Marketplace
O001382,1,2026-04-08,C00673,P0143,3,4097.48,0.2,COD,Delivered,5,2,Web
O000342,2,2025-10-26,C01628,P0092,1,4111.87,0.1,Wallet,Delivered,5,3,Web
O000896,1,2026-08-28,C01175,P0073,2,8780.82,0.1,Cash on Delivery,Delivered,2,4,Marketplace
O005091,1,2025-09-22,C00306,P0140,2,13421.41,0.1,Debit Card,Delivered,5,3,web
O006392,1,2026-05-16,C00572,P0130,1,17002.27,0,upi,Delivered,3,3,web
O002703,1,2026-03-18,C00062,P0118,1,3187.63,0.15,Debit Card,Returned,1,5,Web
O002227,1,2026-08-20,C00759,P0025,2,4124.42,0.1,Wallet,Returned,6,2,Marketplace
O004949,3,2025-03-06,C00295,P0122,1,1204.41,0.05,UPI,Returned,4,4,Marketplace
O005023,2,2025-12-13,C00481,P0003,3,18609.77,0.15,Debit Card,Delivered,4,3,App
O004805,1,2025-03-09,C01490,P0050,2,18275.21,0.3,Debit Card,Delivered,3,4,web
O002048,2,2026-07-13,C00981,P0009,1,14027.72,0.25,Debit Card,Delivered,3,4,Web
O005410,2,2026-07-17,C01009,P0031,1,23045.57,0.15,Wallet,Delivered,5,2,App
O006256,2,2026-08-21,C01245,P0002,1,10164.69,0,credit card,Delivered,4,4,web
O006088,1,2025-05-08,C00646,P0112,2,22034.25,0,upi,Delivered,,,App
O000607,3,2025-12-12,C00658,P0141,1,12511.58,0.15,UPI,Delivered,6,3,Web
O001401,1,2026-07-03,C01812,P0081,1,21552.47,0.15,Debit Card,Returned,7,2,App
O004143,1,2025-01-08,C00972,P0132,1,18781.28,0,Cash on Delivery,Delivered,7,2,Web
O002294,1,2026-07-04,C00420,P0105,2,25740.28,0.2,Cash on Delivery,Delivered,7,3,Marketplace
O005138,1,2025-01-27,C00256,P0114,1,1227.56,0.15,Wallet,Delivered,3,4,web
O006429,2,2025-10-22,C00061,P0039,1,11887.24,0.05,Cash on Delivery,Delivered,7,3,Marketplace
O003394,1,2026-03-19,C00215,P0067,1,11242.24,0.15,COD,Delivered,8,2,Web
O005409,3,2025-11-24,C01507,P0084,1,16219.03,0.2,COD,Delivered,,,App
O000938,1,2025-12-24,C01985,P0053,1,7219.39,0.3,Cash on Delivery,Delivered,4,3,Marketplace
O004068,1,2026-08-01,C00096,P0085,1,10291.03,0.2,Wallet,Delivered,4,3,Marketplace
O002303,1,2026-04-30,C00276,P0134,1,18168.72,0.2,Wallet,Delivered,8,2,Marketplace
O001766,2,2025-04-15,C00639,P0084,1,16631.34,0,upi,Delivered,6,2,Web
O003644,2,2025-08-15,C00386,P0083,2,5388.21,0.1,Wallet,Delivered,7,2,Marketplace
O003557,1,2025-03-24,C01049,P0071,2,10798.7,0.25,UPI,Delivered,6,3,web
O006055,1,2026-07-30,C00994,P0076,4,26164.78,0.2,Wallet,Delivered,5,,App
O000780,2,2026-06-09,C00827,P0066,4,21922.31,0,Credit Card,Delivered,4,3,App
O000991,1,2025-05-31,C01637,P0010,1,22753.29,0.15,upi,Delivered,4,3,Marketplace
O001601,1,2025-07-14,C00238,P0132,3,18963.84,0.15,Credit Card,Returned,5,3,Marketplace
O001904,3,2026-03-26,C01799,P0111,1,1916.45,0.05,Credit Card,Delivered,6,3,APP
O000205,1,2025-10-06,C01663,P0097,1,3579.53,0,UPI,Delivered,5,3,Web
O002907,1,2026-08-16,C01006,P0082,2,15628.08,0.3,Cash on Delivery,Delivered,1,5,APP
O003425,1,2025-01-01,C00316,P0064,4,4539.8,0,Credit Card,Delivered,3,4,APP
O003324,3,2026-07-27,C01648,P0129,2,14878.06,0.1,Credit Card,Delivered,1,4,APP
O004319,2,2025-01-16,C01424,P0004,3,18859.81,0.1,credit card,Delivered,5,4,Marketplace
O002836,1,2025-07-08,C00068,P0058,2,13505.26,0.2,upi,Delivered,3,4,App
O005480,2,2025-02-14,C01424,P0004,1,18651.03,0.05,Debit Card,Delivered,6,3,Web
O002364,2,2025-05-15,C00377,P0118,1,3153.64,0.2,credit card,Delivered,6,3,APP
O003180,1,2026-07-26,C01422,P0011,1,16209.62,0.2,UPI,Delivered,5,3,Marketplace
O002958,3,2025-11-20,C00936,P0132,1,19198.05,0.15,Credit Card,Delivered,6,2,Web
O005394,1,2026-06-08,C00608,P0051,3,4164.45,0.3,Debit Card,Delivered,5,4,APP
O003381,2,2025-05-23,C00113,P0112,1,22605.62,0,Credit Card,Delivered,5,2,Marketplace
O002826,1,2026-02-04,C01127,P0091,1,255.28,0.2,Credit Card,Delivered,5,3,web
O005213,1,2026-07-17,C01699,P0033,1,619.65,0.05,upi,Delivered,5,4,web
O000265,1,2025-10-06,C00476,P0020,1,26551.41,0.05,Debit Card,Delivered,4,,APP
O000525,1,2025-09-01,C00152,P0036,1,17849.33,0.05,UPI,Delivered,4,4,web
O005102,1,2026-06-19,C01817,P0032,1,20331.75,0.15,Wallet,Cancelled,,,Web
O005987,2,2025-05-26,C01552,P0068,2,9434.02,0.05,Credit Card,Delivered,6,,Web
O005590,2,2025-10-22,C01526,P0060,1,17029.08,0.2,upi,Delivered,5,,Web
O003214,1,2025-01-24,C00988,P0137,1,4505.37,0.3,UPI,Delivered,6,3,APP
O000833,1,2026-04-12,C01466,P0024,2,21267.54,0.1,COD,Delivered,7,2,APP
O002599,1,2025-07-30,C00111,P0067,1,11280.13,0.15,credit card,Delivered,4,3,web
O000336,1,2026-04-02,C00028,P0056,2,10359.81,0,Wallet,Delivered,4,4,APP
O001816,3,2026-06-07,C01213,P0110,2,8698.21,0.3,Debit Card,Delivered,4,,App
O002961,1,2026-04-18,C01027,P0135,1,3443.15,0.1,Cash on Delivery,Delivered,6,3,Marketplace
O004064,3,2025-10-14,C01131,P0031,1,21782.28,0.05,credit card,Delivered,1,5,App
O005505,2,2026-05-18,C00209,P0126,1,2092.21,0.2,Cash on Delivery,Delivered,6,2,APP
O006234,1,2025-07-25,C01491,P0124,1,13996.9,0.1,COD,Delivered,5,4,Web
O005198,1,2025-01-12,C00464,P0112,1,21282.13,0.1,COD,Delivered,4,3,APP
O000552,1,2026-08-29,C01938,P0134,2,17858.22,0.05,upi,Delivered,5,3,APP
O001615,1,2026-04-08,C01422,P0101,1,7982.75,0,Cash on Delivery,Delivered,4,3,APP
O002019,2,2026-02-28,C00442,P0037,1,18671.34,0.1,COD,Cancelled,,,Web
O005837,1,2025-06-18,C01101,P0043,2,15550.51,0.2,credit card,Delivered,2,4,Web
O000209,4,2026-06-02,C00789,P0141,1,13085.89,0,UPI,Delivered,5,2,APP
O003659,2,2026-04-30,C00467,P0006,1,21287.94,0.2,Cash on Delivery,Delivered,6,3,web
O006351,1,2025-01-21,C00111,P0050,2,17486.2,0.1,Wallet,Returned,3,4,web
O003946,2,2026-08-30,C00767,P0024,1,21397.09,0.15,Cash on Delivery,Delivered,7,2,App
O005541,1,2026-03-21,C01251,P0010,1,23104.82,0.25,credit card,Delivered,2,5,App
O004465,2,2025-10-15,C00789,P0138,2,1048.85,0.2,upi,Delivered,5,3,App
O000470,1,2026-04-08,C00349,P0006,1,21013.49,0.1,Credit Card,Delivered,2,5,Web
O002068,1,2025-12-12,C00620,P0054,1,13336.48,0,COD,Delivered,7,2,web
O003428,1,2025-06-30,C01832,P0139,1,3641.91,0.25,Wallet,Returned,,,web
O000575,2,2026-04-03,C01115,P0044,1,13146.22,0.15,Credit Card,Delivered,7,1,App
O001037,2,2025-08-03,C01064,P0080,1,21972.51,0.15,COD,Delivered,2,5,Web
O001686,1,2026-04-13,C00987,P0021,1,21488.22,0,upi,Returned,1,5,Web
O002153,1,2025-09-27,C00228,P0108,4,21507.27,0,Credit Card,Delivered,3,4,Marketplace
O001110,1,2025-11-14,C00835,P0114,1,1274.04,0.1,Cash on Delivery,Delivered,4,3,web
O002554,1,2025-02-23,C00521,P0134,2,18545.35,0,UPI,Delivered,4,4,Marketplace
O004298,2,2026-02-27,C00350,P0085,1,9909.25,0.15,COD,Delivered,4,,Marketplace
O001645,1,2025-10-27,C01514,P0131,3,18993.44,0.15,COD,Delivered,3,4,APP
O003071,1,2026-05-14,C00641,P0102,1,17051.39,0,UPI,Delivered,3,5,web
O001914,1,2025-07-11,C00288,P0117,1,3608.42,0,Cash on Delivery,Delivered,3,4,web
O000920,2,2025-08-20,C01334,P0038,2,344.19,0.15,COD,Delivered,7,2,App
O003373,2,2025-10-20,C01826,P0117,1,3459.07,0.05,Credit Card,Delivered,4,3,Marketplace
O003121,1,2025-10-24,C01885,P0012,1,7803.91,0,Credit Card,Delivered,6,2,App
O000257,1,2025-08-28,C00828,P0023,3,25968.19,0.1,upi,Delivered,6,3,Web
O004668,1,2026-07-03,C01783,P0096,1,3013.88,0.1,Credit Card,Delivered,5,4,APP
O005334,1,2026-08-11,C01585,P0110,1,8563.7,0.1,COD,Delivered,4,4,Web
O000145,2,2026-08-08,C00583,P0078,1,26542.24,0,upi,Delivered,4,3,Marketplace
O001542,1,2025-08-14,C00367,P0144,1,8548.77,0.05,COD,Delivered,7,2,web
O006428,1,2025-12-11,C01837,P0049,2,1491.84,0.1,Credit Card,Delivered,4,3,APP
O005873,1,2025-04-09,C00732,P0118,1,3188.28,0.15,Debit Card,Delivered,4,3,Web
O005412,1,2026-05-29,C00094,P0073,2,9368.42,0.05,UPI,Returned,5,2,Web
O005550,1,2025-03-19,C01723,P0013,1,5625.57,0.25,Credit Card,Delivered,6,2,web
O006351,2,2025-01-21,C00111,P0074,1,11213.89,0.15,Wallet,Returned,3,4,web
O004571,2,2025-07-06,C01648,P0108,1,21656.07,0,Cash on Delivery,Delivered,3,4,Web
O004378,2,2025-10-08,C00172,P0127,1,13751.22,0.15,Wallet,Delivered,6,2,APP
O006334,3,2025-04-08,C01626,P0128,1,14440.12,0.05,Debit Card,Delivered,4,,Marketplace
O005012,1,2025-04-10,C01768,P0017,1,3321.86,0,Credit Card,Delivered,3,3,web
O001246,2,2026-05-28,C00850,P0041,4,19734.16,0,Wallet,Delivered,6,2,Web
O001944,2,2025-03-09,C01944,P0031,2,22256.44,0.05,UPI,Delivered,3,4,Marketplace
O003508,1,2026-04-19,C00210,P0069,2,11408.38,0.1,Cash on Delivery,Delivered,6,3,Web
O002998,1,2026-03-17,C00029,P0107,3,23667.18,0.15,upi,Delivered,5,,App
O006330,1,2026-04-16,C01281,P0093,1,24142.97,0.2,Debit Card,Delivered,5,4,App
O003563,1,2026-08-22,C00877,P0136,4,13158.25,0.15,Wallet,Delivered,6,2,App
O002463,1,2025-05-21,C00806,P0074,1,11228.54,0.2,credit card,Delivered,1,5,Web
O004110,1,2025-04-17,C00898,P0027,1,20090.73,0.15,credit card,Delivered,6,3,App
O004218,1,2026-06-08,C00450,P0072,1,12347.86,0.15,UPI,Delivered,4,4,web
O005014,2,2025-12-19,C00844,P0028,2,8426.52,0.25,Wallet,Delivered,8,2,APP
O005220,4,2026-08-19,C00454,P0030,5,15105.71,0.2,Credit Card,Delivered,5,4,Marketplace
O002740,1,2026-05-11,C00984,P0011,1,17057.66,0.5,Credit Card,Delivered,3,,App
O003718,2,2026-05-08,C00621,P0071,1,11462.28,0.05,Cash on Delivery,Delivered,6,2,APP
O000418,2,2025-11-24,C00258,P0140,1,13742.67,0,COD,Cancelled,,,Web
O006128,1,2025-06-19,C00874,P0054,2,12809.31,0.1,Wallet,Delivered,2,4,web
O006388,2,2025-04-23,C01418,P0007,1,11641.13,0.1,Debit Card,Delivered,3,4,Marketplace
O004327,1,2026-05-09,C01847,P0031,1,22817.49,0.05,Wallet,Delivered,5,3,APP
O001339,1,2025-03-18,C01773,P0061,2,21426.84,0.1,Debit Card,Cancelled,,,web
O000399,1,2026-03-14,C00419,P0139,1,3555.4,0.1,Credit Card,Delivered,4,4,APP
O006464,2,2025-12-16,C00874,P0071,2,11073.54,0.2,COD,Delivered,3,4,web
O000561,1,2025-01-26,C01128,P0037,2,18588.01,0.05,Wallet,Delivered,1,5,Web
O005277,1,2026-06-25,C01492,P0058,1,13369.23,0.05,Credit Card,Delivered,3,4,Marketplace
O003050,2,2025-06-13,C00727,P0011,1,16612.74,0,Cash on Delivery,Delivered,4,,App
O006066,3,2026-02-02,C01775,P0052,1,19457.86,0.2,credit card,Delivered,1,,App
O006470,4,2026-06-18,C01615,P0033,1,642.62,0.15,Debit Card,Delivered,6,3,web
O002353,1,2026-06-04,C01831,P0036,1,18419.25,0,Credit Card,Delivered,1,4,web
O002224,2,2025-12-20,C00195,P0078,1,26457.1,0,upi,Delivered,4,3,web
O003288,2,2025-05-11,C01797,P0014,1,5626.94,0.15,Wallet,Delivered,2,,APP
O002967,2,2026-06-16,C00630,P0083,3,5435.35,0.1,Cash on Delivery,Delivered,4,3,APP
O003044,1,2026-08-13,C00174,P0093,1,23709.97,0.05,credit card,Delivered,7,2,Marketplace
O000134,3,2025-01-01,C00088,P0135,1,3336.33,0.15,Credit Card,Delivered,1,5,Marketplace
O002460,2,2026-04-26,C01946,P0099,1,20332.94,0.3,UPI,Delivered,4,3,App
O003157,1,2025-03-26,C01092,P0129,3,15128.07,0,upi,Delivered,3,4,Marketplace
O000388,1,2026-04-16,C00493,P0103,1,27578.2,0,Debit Card,Delivered,3,4,Web
O004305,1,2026-04-17,C00110,P0057,1,4487.07,0,COD,Delivered,,,web
O003293,1,2025-05-17,C01216,P0099,2,20123.02,0.2,Wallet,Delivered,4,4,web
O002483,1,2025-03-29,C00043,P0053,1,7194.82,0.25,Wallet,Delivered,7,1,APP
O005265,1,2026-02-04,C01506,P0014,1,5748.0,0.15,Debit Card,Delivered,2,4,App
O005076,2,2025-07-01,C00586,P0140,2,13516.71,0,Credit Card,Delivered,5,4,Marketplace
O001307,1,2026-03-06,C01729,P0036,1,18748.83,0.2,Cash on Delivery,Delivered,,,Web
O001338,1,2025-06-23,C00320,P0009,1,14785.61,0.2,UPI,Delivered,6,3,App
O004990,2,2025-01-11,C01168,P0013,2,5465.04,0.1,Credit Card,Delivered,4,3,App
O005453,1,2026-06-20,C00522,P0092,5,4020.82,0.1,COD,Delivered,4,3,web
O001177,1,2026-01-19,C01379,P0080,1,21927.39,0.25,Cash on Delivery,Delivered,4,3,Web
O002919,1,2025-06-28,C01486,P0113,1,3207.29,0,UPI,Delivered,4,3,APP
O002474,1,2026-02-09,C00342,P0142,2,11955.22,0,COD,Delivered,4,,Web
O002087,2,2025-07-08,C01958,P0026,1,13727.25,0,Debit Card,Delivered,4,3,web
O003278,1,2025-05-04,C01970,P0108,1,21183.61,0.1,UPI,Delivered,2,4,Web
O005906,1,2025-11-25,C00406,P0118,1,3032.02,0.05,Debit Card,Delivered,2,5,App
O003218,1,2025-07-21,C00620,P0071,1,11128.72,0.1,Debit Card,Delivered,3,4,App
O002031,2,2025-12-26,C00418,P0111,2,1943.06,0.05,Wallet,Delivered,5,3,APP
O001783,1,2025-01-23,C01385,P0111,1,1898.87,0.1,UPI,Delivered,4,3,Marketplace
O002564,2,2026-08-17,C00689,P0092,2,4078.2,0,UPI,Delivered,5,4,Marketplace
O001528,1,2026-02-11,C01265,P0020,1,25608.93,0.15,Cash on Delivery,Delivered,3,5,web
O002019,1,2026-02-28,C00442,P0018,1,14415.59,0.15,COD,Cancelled,,,Web
O002693,1,2025-03-30,C00890,P0122,3,1180.47,0.2,Cash on Delivery,Delivered,4,4,web
O000663,3,2025-09-12,C01375,P0014,5,5707.77,0.15,Debit Card,Delivered,5,3,Web
O001796,1,2026-07-07,C01538,P0051,3,4178.79,0.65,Debit Card,Delivered,,,APP
O005692,2,2025-09-06,C00261,P0107,1,22974.82,0,Debit Card,Delivered,5,4,APP
O000115,2,2025-08-17,C01161,P0035,2,17895.04,0,UPI,Delivered,5,3,APP
O003443,2,2025-07-27,C01117,P0116,2,11520.53,0.15,credit card,Returned,,,web
O004132,1,2026-04-13,C00796,P0139,4,3575.93,0.1,credit card,Delivered,5,,App
O005944,1,2025-01-19,C01487,P0035,2,18387.6,0.1,Credit Card,Delivered,4,4,APP
O003235,3,2026-03-08,C00896,P0024,1,21455.92,0,Wallet,Delivered,6,3,APP
O002465,1,2025-05-19,C01356,P0062,1,18791.54,0,Credit Card,Delivered,3,4,Marketplace
O000801,1,2026-02-09,C00957,P0101,1,8258.79,0,Cash on Delivery,Delivered,5,3,Web
O000302,2,2025-04-13,C01155,P0049,1,1414.85,0.15,UPI,Delivered,5,3,Marketplace
O004429,2,2025-05-26,C00620,P0089,2,17334.77,0.5,UPI,Delivered,7,2,App
O006359,1,2026-08-02,C01337,P0083,1,5764.07,0.05,credit card,Delivered,5,3,Marketplace
O004705,1,2026-02-05,C00502,P0011,2,16591.44,0.2,UPI,Cancelled,,,Marketplace
O002771,1,2025-06-05,C01563,P0042,2,7159.36,0.1,upi,Delivered,3,4,App
O001124,2,2026-04-26,C01428,P0122,1,1182.26,0.5,COD,Delivered,1,4,Web
O004991,2,2025-02-25,C00379,P0135,3,3356.24,0.05,Debit Card,Delivered,3,4,web
O003399,1,2026-05-24,C00696,P0022,1,5528.2,0.15,Debit Card,Delivered,4,3,APP
O004140,1,2026-08-06,C00726,P0099,1,19889.15,0,Wallet,Delivered,2,4,web
O005775,1,2025-11-07,C01786,P0024,1,20574.62,0.1,Wallet,Delivered,5,,APP
O003479,1,2026-02-24,C01298,P0109,3,15313.93,0.15,UPI,Returned,1,5,APP
O006263,1,2025-01-08,C00487,P0062,1,18400.94,0,credit card,Returned,5,3,Marketplace
O003650,3,2025-03-23,C01563,P0016,3,21105.03,0.05,,Delivered,4,3,APP
O001266,2,2025-11-24,C00223,P0137,1,4740.01,0,Cash on Delivery,Cancelled,,,APP
O000677,2,2025-12-08,C01311,P0080,1,22321.24,0,Cash on Delivery,Delivered,4,3,Web
O005161,2,2026-03-05,C01881,P0064,1,4768.3,0.1,UPI,Returned,5,3,App
O006047,1,2025-11-20,C00733,P0031,2,22046.35,0.15,Wallet,Cancelled,,,web
O002818,1,2026-03-25,C01673,P0073,2,8999.82,0.05,upi,Delivered,6,2,APP
O006248,1,2026-04-08,C00179,P0117,1,0,0.05,COD,Delivered,2,5,Web
O006003,2,2025-09-13,C00403,P0093,3,22747.37,0.05,credit card,Delivered,6,3,App
O005187,2,2025-10-30,C00329,P0037,1,17489.97,0.15,credit card,Delivered,3,3,App
O005722,2,2026-07-11,C00295,P0001,1,9130.47,0,credit card,Delivered,4,,APP
O003613,1,2026-02-11,C00758,P0028,4,8484.27,0.05,upi,Delivered,5,3,Marketplace
O002314,2,2025-09-23,C00948,P0054,1,12538.52,0.1,credit card,Delivered,5,4,APP
O004903,1,2026-04-16,C01417,P0074,1,11203.33,0,Wallet,Returned,4,4,APP
O003767,1,2025-04-26,C01196,P0143,1,3935.28,0.15,upi,Delivered,7,2,App
O006455,1,2026-05-31,C01458,P0010,2,23353.97,0.2,credit card,Delivered,4,,Marketplace
O005260,1,2025-07-11,C00569,P0126,1,2112.23,0.05,Debit Card,Delivered,5,3,App
O004214,1,2025-04-12,C01692,P0049,3,1435.05,0,upi,Delivered,5,3,Marketplace
O006395,2,2025-11-06,C00630,P0128,2,14246.74,0.15,upi,Delivered,5,2,Web
O004546,3,2026-01-05,C01640,P0015,1,21503.61,0.15,UPI,Cancelled,,,Marketplace
O001063,1,2026-08-16,C00365,P0019,1,24786.61,0,Credit Card,Delivered,6,2,Marketplace
O005011,1,2026-07-29,C00170,P0142,3,11476.65,0.05,COD,Delivered,1,4,APP
O006308,2,2025-01-21,C00571,P0092,1,4034.03,0.05,credit card,Delivered,4,3,App
O002345,1,2025-11-26,C00843,P0085,1,10044.79,0.15,credit card,Delivered,4,4,APP
O000589,1,2026-05-19,C01967,P0003,1,19147.09,0,Cash on Delivery,Cancelled,,,Marketplace
O006331,2,2025-06-10,C00332,P0089,1,17284.46,0.2,Credit Card,Delivered,3,4,App
O002859,1,2025-06-09,C01365,P0044,1,13907.68,0.3,Cash on Delivery,Delivered,7,3,App
O000933,2,2026-03-27,C01338,P0099,1,20248.49,0.15,Wallet,Delivered,7,2,web
O001672,1,2025-03-28,C00089,P0121,2,20935.67,0.1,Cash on Delivery,Delivered,,,Marketplace
O001873,1,2025-08-23,C01723,P0103,1,26773.83,0.2,UPI,Cancelled,,,App
O001646,2,2025-06-08,C00157,P0088,1,26220.98,0,upi,Delivered,4,3,APP
O002136,2,2026-08-11,C00104,P0140,1,13015.05,0.15,Wallet,Delivered,7,2,Marketplace
O002398,2,2026-01-29,C00661,P0116,1,12379.57,0.2,upi,Delivered,3,5,Web
O002347,1,2025-10-19,C00395,P0046,2,4228.16,0.2,UPI,Delivered,4,4,App
O002556,1,2026-03-11,C00849,P0101,1,8307.46,0.2,Credit Card,Delivered,7,,App
O001125,3,2025-01-10,C00102,P0101,5,8293.06,0,credit card,Delivered,3,4,APP
O000317,1,2025-05-25,C00855,P0092,1,4272.1,0.3,,Delivered,6,2,APP
O001674,2,2025-02-12,C00653,P0018,1,14188.28,0,UPI,Delivered,6,3,App
O002760,2,2026-05-28,C00588,P0002,1,10212.78,0,Wallet,Returned,4,3,App
O000859,2,2026-05-22,C00721,P0009,3,14105.82,0.05,Credit Card,Delivered,2,4,web
O004036,2,2025-08-17,C00555,P0129,2,15006.72,0.1,upi,Delivered,5,3,APP
O005626,1,2026-05-24,C01941,P0074,1,10577.17,0.25,credit card,Delivered,4,4,web
O001305,2,2026-01-29,C00361,P0127,3,13849.37,0,credit card,Delivered,5,3,Marketplace
O000285,1,2026-07-14,C00307,P0042,1,7195.61,0.15,UPI,Delivered,4,,APP
O000118,3,2026-02-10,C01601,P0072,1,11957.86,0.05,UPI,Delivered,5,,App
O001210,4,2026-03-28,C01279,P0141,2,12570.88,0.1,Credit Card,Delivered,5,,App
O003295,1,2025-05-06,C01263,P0003,2,18986.34,0.05,credit card,Delivered,5,3,Web
O004403,1,2026-07-28,C01400,P0100,1,13553.26,0.05,credit card,Delivered,7,1,APP
O000466,2,2025-01-26,C00763,P0123,4,8993.39,0.2,credit card,Delivered,4,4,web
O006261,2,2026-06-08,C00808,P0076,1,26880.58,0.05,credit card,Delivered,3,4,Marketplace
O003034,2,2025-03-15,C00854,P0018,1,14530.24,0.05,COD,Delivered,5,3,APP
O004036,3,2025-08-17,C00555,P0139,4,3626.22,0.1,upi,Delivered,5,3,APP
O003966,3,2026-04-21,C01707,P0114,2,1219.76,0.15,Debit Card,Delivered,5,3,Marketplace
O004960,1,2025-04-13,C01566,P0090,2,4895.72,0.15,UPI,Delivered,3,5,web
O000494,1,2025-09-28,C01846,P0043,5,16320.52,0.05,Cash on Delivery,Delivered,4,4,App
O003611,2,2025-03-14,C01221,P0068,1,9648.16,0,Wallet,Delivered,5,3,APP
O003181,1,2025-02-02,C00475,P0103,1,28147.4,0.15,Cash on Delivery,Delivered,6,2,App
O005089,1,2025-04-25,C01869,P0108,4,21700.83,0.1,COD,Delivered,3,4,web
O001975,3,2025-09-27,C01582,P0056,1,10335.44,0.15,Credit Card,Delivered,2,5,Web
O002475,1,2026-03-28,C00395,P0033,1,605.73,0.1,Credit Card,Delivered,9,2,App
O004945,2,2026-03-01,C01371,P0035,3,18509.54,0.1,credit card,Delivered,3,4,web
O005799,1,2026-08-07,C01200,P0087,1,6586.09,0.05,credit card,Returned,4,3,Web
O000834,2,2025-08-30,C00459,P0048,1,999.61,0.2,COD,Delivered,6,3,App
O003971,2,2025-03-20,C00461,P0071,3,11108.78,0.2,Credit Card,Delivered,6,2,web
O002494,1,2025-02-17,C01943,P0018,2,14584.77,0,COD,Delivered,1,5,APP
O001875,1,2026-03-21,C01263,P0026,1,13493.24,0.1,UPI,Delivered,7,2,Marketplace
O000775,1,2025-07-10,C00263,P0135,1,3431.37,0.1,credit card,Delivered,3,4,Web
O005759,1,2025-03-06,C01430,P0121,1,21089.46,0.05,Credit Card,Delivered,5,3,APP
O002031,3,2025-12-26,C00418,P0056,2,11068.99,0.25,Wallet,Delivered,5,3,APP
O004441,1,2025-10-15,C00917,P0075,2,10922.52,0.15,Wallet,Cancelled,,,web
O002512,1,2025-07-20,C01959,P0054,1,13133.25,0,Credit Card,Delivered,5,,web
O001810,3,2025-05-07,C01204,P0017,1,3230.2,0.25,Wallet,Delivered,5,3,APP
O005735,1,2025-08-06,C01600,P0100,1,13304.64,0,upi,Delivered,4,4,Web
O001468,2,2026-07-22,C00843,P0085,1,10190.67,0,,Delivered,1,4,Web
O000733,2,2025-02-17,C01661,P0112,1,21518.29,0.05,UPI,Delivered,4,3,Marketplace
O003505,2,2026-03-31,C00655,P0084,2,17019.97,0,Cash on Delivery,Delivered,6,3,Web
O006463,2,2026-08-04,C00812,P0126,1,2002.32,0.1,Debit Card,Delivered,4,3,App
O005163,2,2025-08-08,C00373,P0121,1,21724.85,0.2,COD,Delivered,6,3,web
O005537,1,2025-11-20,C00039,P0082,1,15598.99,0.65,Credit Card,Delivered,4,4,APP
O005016,2,2026-06-20,C00230,P0140,1,0,0,Wallet,Delivered,2,4,web
O000695,1,2025-06-17,C01616,P0106,1,2546.07,0.1,Credit Card,Delivered,7,2,Web
O004240,1,2026-07-12,C00238,P0026,2,14295.45,0.3,Cash on Delivery,Delivered,6,3,APP
O004905,1,2025-05-11,C00548,P0076,2,26821.67,0.15,Debit Card,Delivered,6,3,Web
O002641,2,2026-06-12,C00251,P0144,2,8268.18,0,credit card,Delivered,,,web
O001084,2,2026-04-25,C00211,P0046,1,4277.93,0,,Delivered,6,3,Web
O003327,1,2026-02-24,C00732,P0058,1,13201.08,0.05,Debit Card,Delivered,2,4,Marketplace
O004347,3,2025-08-02,C01427,P0018,1,14594.41,0.2,Credit Card,Delivered,5,3,APP
O002582,2,2025-08-17,C01796,P0027,1,20101.4,0.1,credit card,Delivered,1,5,APP
O004350,1,2025-04-28,C01825,P0074,2,10983.74,0.25,Cash on Delivery,Cancelled,,,Marketplace
O006245,1,2026-04-03,C01678,P0071,1,11304.17,0.15,credit card,Delivered,4,4,web
O005327,2,2026-05-31,C00529,P0083,4,5699.77,0.1,Cash on Delivery,Delivered,3,5,App
O000266,1,2025-02-23,C00211,P0131,1,18390.79,0.3,Debit Card,Delivered,3,3,Marketplace
O005135,1,2026-08-29,C01845,P0100,2,14115.22,0.05,Wallet,Delivered,3,4,APP
O005164,2,2026-03-13,C01027,P0124,3,13899.3,0,COD,Delivered,2,4,Web
O004071,1,2025-07-08,C01452,P0095,2,15452.15,0.15,credit card,Delivered,5,,Marketplace
O002394,1,2026-03-10,C01605,P0132,1,19267.64,0.25,UPI,Delivered,4,4,Web
O003691,2,2025-07-26,C01139,P0102,3,16595.78,0.2,Wallet,Delivered,3,3,Web
O004861,2,2026-01-19,C01367,P0118,1,3051.85,0,Debit Card,Delivered,1,5,App
O001767,1,2025-02-20,C01096,P0036,1,17882.53,0.25,upi,Delivered,6,,web
O004060,1,2025-11-10,C01207,P0003,2,18811.87,0.05,UPI,Delivered,3,4,web
O000276,1,2025-01-05,C01837,P0120,2,13067.79,0.25,Debit Card,Delivered,6,2,App
O006189,2,2025-03-12,C01554,P0108,1,21085.6,0.2,Debit Card,Delivered,7,2,Marketplace
O005873,2,2025-04-09,C00732,P0124,1,14323.26,0.05,Debit Card,Delivered,4,3,Web
O003779,1,2025-05-10,C01233,P0034,5,8547.14,0.2,Wallet,Delivered,6,,web
O002190,1,2025-01-12,C01146,P0128,1,14094.83,0,Credit Card,Delivered,7,2,Web
O001379,2,2025-05-11,C01275,P0092,1,4175.53,0.15,Credit Card,Delivered,7,1,web
O003037,1,2025-08-27,C01064,P0004,2,19198.4,0,,Delivered,5,2,App
O003287,2,2025-06-28,C00125,P0061,1,21865.57,0.05,UPI,Delivered,2,4,APP
O000859,1,2026-05-22,C00721,P0132,2,18835.14,0.1,Credit Card,Delivered,2,4,web
O006422,1,2025-08-16,C01986,P0094,3,6266.21,0.15,COD,Delivered,4,3,web
O002935,2,2026-06-22,C00882,P0085,1,10394.37,0.1,Debit Card,Delivered,4,,web
O004146,1,2025-02-02,C00100,P0047,1,29598.28,0.1,COD,Delivered,5,3,Marketplace
O003292,1,2025-02-15,C00356,P0115,2,4797.62,0,credit card,Delivered,4,3,web
O005614,1,2025-12-27,C01069,P0105,1,24986.97,0,COD,Delivered,3,4,APP
O006082,2,2026-08-27,C00844,P0121,3,21851.09,0.05,Cash on Delivery,Delivered,1,5,Marketplace
O004465,1,2025-10-15,C00789,P0003,1,19834.61,0.05,upi,Delivered,5,3,App
O005748,2,2026-07-06,C00508,P0130,3,17586.43,0.5,Debit Card,Delivered,3,4,web
O000272,4,2026-05-26,C00510,P0010,4,22946.24,0.1,Debit Card,Delivered,1,5,web
O005130,1,2026-03-12,C01328,P0144,1,8005.91,0.25,Credit Card,Returned,3,3,Marketplace
O003798,1,2026-03-22,C01484,P0143,1,4026.15,0.15,Wallet,Returned,7,2,Marketplace
O006463,1,2026-08-04,C00812,P0115,2,4835.98,0.1,Debit Card,Delivered,4,3,App
O003931,1,2025-10-11,C01509,P0111,1,1814.14,0,upi,Delivered,1,,Web
O004391,2,2025-01-20,C01087,P0037,1,18485.39,0,Cash on Delivery,Delivered,6,3,Web
O003136,1,2025-09-18,C00043,P0054,1,13020.5,0.3,Cash on Delivery,Delivered,4,,App
O003742,3,2025-02-27,C01066,P0124,3,13618.78,0.1,Credit Card,Delivered,1,5,Web
O003857,1,2026-07-19,C01492,P0004,1,18425.69,0.05,Cash on Delivery,Delivered,5,3,Marketplace
O001748,1,2025-10-10,C00644,P0102,2,16259.11,0.05,Wallet,Delivered,4,4,Marketplace
O004209,1,2026-06-27,C01301,P0125,1,4547.83,0.15,credit card,Delivered,5,4,web
O000750,1,2025-01-24,C01532,P0115,1,4745.19,0,Credit Card,Delivered,3,4,web
O002822,1,2025-06-06,C01550,P0058,1,12711.86,0.15,Wallet,Delivered,4,4,APP
O004311,2,2026-06-29,C00338,P0072,1,12078.33,0.1,credit card,Cancelled,,,APP
O006101,1,2026-02-04,C00115,P0120,2,12592.23,0,credit card,Cancelled,,,APP
O000258,1,2025-01-21,C00595,P0087,1,6464.61,0.1,COD,Returned,5,3,web
O006377,3,2025-11-02,C01905,P0077,1,10749.51,0.1,Debit Card,Returned,1,5,web
O000573,3,2025-11-09,C00186,P0068,1,9675.17,0.25,COD,Delivered,4,3,APP
O002275,2,2026-05-30,C01408,P0004,1,18767.79,0.05,Debit Card,Delivered,6,3,Web
O004857,2,2025-06-23,C01348,P0062,2,17884.85,0.25,Cash on Delivery,Delivered,2,,Marketplace
O002814,3,2025-08-27,C00199,P0038,1,331.03,0.1,credit card,Delivered,4,3,web
O005708,1,2025-02-08,C01013,P0093,3,23490.43,0.25,COD,Delivered,4,4,Marketplace
O003773,1,2026-06-26,C00302,P0127,2,13959.66,0.05,COD,Delivered,5,3,APP
O004696,1,2025-11-04,C01111,P0101,1,8544.41,0.1,Credit Card,Delivered,3,4,App
O005502,1,2025-01-14,C00873,P0028,1,8676.58,0.05,upi,Delivered,2,4,APP
O003606,2,2026-04-11,C01301,P0058,5,13396.34,0.3,Credit Card,Delivered,2,,Marketplace
O004268,1,2025-03-18,C00171,P0087,2,6430.55,0.05,Credit Card,Delivered,5,2,App
O003243,2,2026-03-11,C00648,P0049,1,1456.23,0.3,COD,Delivered,2,4,Web
O005597,1,2026-07-01,C01159,P0086,2,3525.42,0.25,Wallet,Delivered,5,3,App
O003673,2,2026-01-02,C01429,P0134,1,18203.92,0.1,Wallet,Delivered,3,4,Web
O002663,1,2025-09-28,C01872,P0116,2,11576.15,0.2,COD,Delivered,8,2,App
O000284,2,2026-02-06,C01371,P0001,1,9515.29,0.15,upi,Delivered,4,,web
O003273,1,2025-08-21,C01638,P0011,1,16127.97,0,upi,Delivered,6,3,APP
O006419,2,2026-06-08,C00720,P0066,2,21890.37,0.1,Debit Card,Delivered,6,3,Marketplace
O004242,2,2025-09-07,C00474,P0088,3,25311.81,0.05,Credit Card,Delivered,6,3,web
O002214,3,2025-10-23,C00492,P0143,1,3981.73,0.2,Credit Card,Delivered,3,4,Web
O002034,2,2026-07-13,C00252,P0096,1,2917.75,0.05,Cash on Delivery,Delivered,4,4,Marketplace
O002187,2,2025-02-05,C01242,P0049,2,1466.06,0.05,COD,Cancelled,,,APP
O003334,1,2025-03-28,C00247,P0110,2,8271.18,0.2,UPI,Delivered,4,4,web
O006182,2,2026-07-03,C00028,P0091,1,249.83,0.2,Credit Card,Delivered,2,4,Web
O003952,1,2026-06-04,C01828,P0088,1,24798.94,0.1,upi,Delivered,2,5,App
O001925,1,2025-09-19,C01882,P0141,1,12671.44,0.65,upi,Delivered,3,5,APP
O001066,1,2025-12-07,C01996,P0086,1,3667.36,0,Debit Card,Delivered,3,3,Marketplace
O002668,3,2025-03-15,C00317,P0015,1,21452.94,0.05,Wallet,Delivered,,,Web
O001784,3,2026-06-22,C01948,P0100,3,13740.65,0.05,upi,Delivered,6,,Marketplace
O003075,1,2026-07-26,C01822,P0067,2,11133.12,0.05,Debit Card,Delivered,6,3,App
O004092,1,2025-03-02,C00438,P0100,1,13836.83,0.15,UPI,Delivered,5,3,web
O003900,1,2025-06-06,C00668,P0048,1,950.81,0,Cash on Delivery,Cancelled,,,App
O005214,2,2025-04-06,C00311,P0099,2,20146.83,0.05,Cash on Delivery,Delivered,4,3,App
O005802,1,2025-07-28,C00537,P0039,5,12477.79,0.1,UPI,Delivered,6,2,Marketplace
O003110,2,2025-02-09,C00135,P0087,1,6408.12,0.15,Debit Card,Returned,4,4,Marketplace
O004062,2,2026-02-09,C00125,P0055,1,9151.5,0,UPI,Delivered,6,2,web
O003021,2,2025-09-12,C00733,P0018,5,14135.48,0.15,Credit Card,Delivered,4,3,App
O000671,3,2026-04-25,C00939,P0117,1,3395.97,0.1,UPI,Delivered,5,3,web
O000704,1,2025-10-20,C00020,P0060,1,16458.51,0.15,Credit Card,Delivered,,,Marketplace
O005512,1,2025-12-12,C01220,P0030,4,14059.07,0.05,Debit Card,Delivered,4,3,App
O001562,1,2025-06-09,C01502,P0079,1,7484.9,0.2,Debit Card,Delivered,6,2,Marketplace
O006002,3,2025-06-23,C01409,P0134,1,18920.4,0.2,Debit Card,Delivered,5,3,APP
O002181,1,2026-05-22,C01882,P0114,1,1203.9,0.05,COD,Delivered,5,4,APP
O003077,1,2025-01-29,C01098,P0124,1,13924.99,0,Wallet,Delivered,3,3,APP
O002358,1,2025-11-15,C01647,P0116,1,11948.12,0,UPI,Delivered,6,3,App
O000972,1,2025-02-13,C01811,P0089,2,17525.0,0.1,credit card,Delivered,5,2,App
O005984,2,2025-09-17,C00161,P0046,1,4035.06,0.1,upi,Delivered,3,4,Web
O000601,2,2025-04-11,C01102,P0099,2,20715.96,0.3,UPI,Delivered,3,3,Web
O002340,2,2026-04-23,C00585,P0048,1,997.02,0.2,upi,Delivered,3,4,Web
O003409,1,2025-05-26,C00912,P0045,1,29245.43,0.1,upi,Delivered,3,4,Marketplace
O002570,1,2025-06-01,C01826,P0095,1,15966.79,0.2,Debit Card,Delivered,5,3,App
O001350,2,2025-04-30,C00541,P0002,3,10717.12,0,Debit Card,Delivered,4,3,web
O001000,3,2025-02-22,C00169,P0110,1,8343.8,0.1,COD,Delivered,5,2,APP
O003128,2,2026-05-31,C00822,P0020,3,25117.29,0.15,UPI,Delivered,1,4,Marketplace
O004700,2,2025-04-21,C00090,P0109,1,14280.04,0,COD,Delivered,6,3,App
O005005,1,2025-03-03,C01993,P0126,2,2088.16,0.25,Cash on Delivery,Delivered,4,4,web
O000177,1,2025-08-27,C01832,P0069,2,11410.06,0.15,UPI,Delivered,4,4,Web
O003843,2,2026-06-09,C01562,P0114,5,1271.54,0.2,Cash on Delivery,Delivered,5,3,App
O004793,1,2025-09-18,C01947,P0089,1,18007.36,0.05,UPI,Delivered,2,5,Web
O000918,2,2025-06-23,C01956,P0114,1,1296.92,0.15,Debit Card,Delivered,2,4,App
O001952,2,2026-03-13,C00835,P0136,1,13202.79,0.3,Wallet,Cancelled,,,App
O004427,2,2025-12-23,C00528,P0122,3,1178.39,0.65,Cash on Delivery,Delivered,5,2,APP
O004831,1,2025-01-23,C01435,P0033,1,608.1,0.2,Wallet,Returned,5,3,web
O003875,1,2025-09-27,C01146,P0004,1,18276.07,0,credit card,Delivered,1,4,Web
O004236,2,2026-01-18,C01349,P0065,1,17627.71,0.15,Cash on Delivery,Delivered,5,4,APP
O002933,1,2025-02-04,C00966,P0082,1,15711.7,0.15,Debit Card,Delivered,4,3,APP
O002745,2,2026-05-24,C01844,P0031,1,23202.35,0.1,credit card,Delivered,4,4,App
O003398,1,2025-03-17,C01081,P0025,1,3822.86,0.25,Debit Card,Delivered,4,3,APP
O006240,2,2025-11-15,C01629,P0036,1,18344.54,0.05,credit card,Delivered,6,3,APP
O003392,2,2026-08-08,C00776,P0051,1,0,0.2,upi,Delivered,3,4,App
O000123,3,2026-05-23,C00658,P0013,4,5704.71,0.1,Cash on Delivery,Delivered,2,5,App
O005489,1,2025-11-06,C00743,P0037,2,17791.76,0.15,upi,Delivered,7,3,Marketplace
O000919,2,2026-03-25,C00361,P0115,1,4873.62,0,Cash on Delivery,Cancelled,,,web
O004125,1,2025-06-21,C01094,P0049,1,1508.99,0.15,UPI,Delivered,6,3,App
O002122,2,2025-11-28,C00054,P0095,1,15204.69,0.05,Credit Card,Delivered,7,3,web
O000385,2,2025-09-26,C00590,P0141,2,13277.76,0.15,Cash on Delivery,Delivered,5,4,web
O000378,3,2026-08-29,C01288,P0094,1,6135.15,0.25,COD,Delivered,7,2,web
O003069,2,2026-08-18,C00410,P0135,1,3472.57,0.15,upi,Delivered,3,4,Marketplace
O004259,3,2025-05-26,C00461,P0071,1,11440.53,0.05,credit card,Returned,3,4,Web
O005397,1,2025-02-26,C00800,P0133,2,3834.57,0.3,Debit Card,Delivered,5,3,web
O006183,3,2026-03-15,C01709,P0134,1,18469.43,0.1,UPI,Delivered,5,3,web
O004950,1,2025-08-03,C01349,P0140,1,13458.67,0.05,Wallet,Delivered,6,2,APP
O000236,2,2025-03-02,C00233,P0058,2,12740.28,0.25,credit card,Delivered,5,3,Web
O003487,3,2026-05-01,C00859,P0011,2,16771.35,0,UPI,Delivered,4,4,Web
O001361,1,2026-03-18,C00069,P0041,1,20896.15,0.05,upi,Returned,5,3,Marketplace
O000382,2,2025-11-01,C00066,P0030,4,14361.58,0.05,upi,Delivered,6,3,App
O005486,1,2025-07-12,C01072,P0019,3,24101.3,0.1,credit card,Delivered,4,4,App
O000303,2,2025-09-03,C01563,P0067,1,10690.97,0.15,Cash on Delivery,Delivered,3,5,web
O001703,3,2025-07-11,C01695,P0099,2,20399.84,0,COD,Cancelled,,,App
O001372,1,2026-02-03,C01021,P0022,1,5160.64,0.5,upi,Delivered,4,,Marketplace
O003231,1,2026-06-23,C01361,P0126,1,2017.25,0.2,upi,Delivered,3,,App
O004008,1,2026-02-12,C00691,P0052,1,18761.43,0.25,credit card,Delivered,5,3,Web
O004122,2,2025-01-06,C01587,P0081,2,22504.69,0.1,Cash on Delivery,Delivered,5,3,web
O004525,1,2026-05-28,C00275,P0017,1,3196.04,0.15,credit card,Delivered,4,3,web
O004577,1,2025-01-21,C00561,P0043,2,16104.68,0.25,Cash on Delivery,Delivered,5,3,APP
O000618,3,2025-12-23,C01002,P0137,1,4661.5,0.05,Cash on Delivery,Returned,6,3,APP
O000288,1,2025-02-13,C01036,P0031,3,22220.39,0.05,Wallet,Delivered,2,5,App
O001606,3,2025-07-25,C00755,P0116,2,11534.17,0,Wallet,Delivered,5,3,web
O000575,1,2026-04-03,C01115,P0034,1,8544.97,0.05,Credit Card,Delivered,7,1,App
O002999,1,2025-06-01,C00513,P0102,1,16234.22,0.15,Debit Card,Delivered,2,,web
O005179,1,2026-03-19,C01928,P0120,2,12721.92,0.15,credit card,Delivered,6,3,Web
O000578,2,2025-01-04,C00169,P0102,1,16631.83,0.15,Wallet,Delivered,4,4,Web
O006059,1,2026-01-04,C01634,P0142,1,12025.54,0.15,Cash on Delivery,Delivered,5,3,APP
O001971,2,2025-01-05,C01249,P0103,1,26445.26,0.05,Credit Card,Delivered,3,4,APP
O005007,1,2025-08-11,C00098,P0089,1,17993.32,0.2,upi,Returned,6,2,Marketplace
O006109,1,2025-05-24,C00858,P0121,1,21549.76,0,upi,Delivered,5,4,Web
O004004,1,2026-03-29,C00099,P0009,1,14696.53,0.1,upi,Delivered,6,3,Web
O004770,3,2026-02-06,C01245,P0104,1,4892.5,0,credit card,Delivered,3,3,Web
O003977,1,2025-01-29,C00629,P0115,1,4863.76,0.15,Debit Card,Delivered,4,,Web
O002325,1,2026-06-02,C01471,P0125,1,4462.52,0,COD,Delivered,2,4,Marketplace
O002528,2,2025-06-30,C00764,P0065,3,17435.12,0.25,upi,Delivered,4,3,web
O001371,1,2025-10-08,C00872,P0108,1,21953.93,0.2,credit card,Delivered,3,5,Marketplace
O001206,1,2025-08-13,C00952,P0061,3,21471.34,0.25,COD,Delivered,4,3,web
O003178,2,2025-08-25,C00891,P0054,1,12610.54,0.5,COD,Delivered,2,5,APP
O000842,2,2025-06-01,C00556,P0029,2,4714.67,0.15,Debit Card,Delivered,3,3,web
O003988,2,2025-06-20,C00756,P0020,1,25218.22,0.2,Debit Card,Delivered,2,4,web
O001304,3,2025-12-23,C00335,P0084,1,17357.73,0.15,credit card,Delivered,2,4,Marketplace
O001272,1,2025-01-24,C00865,P0074,1,10421.12,0,upi,Delivered,6,3,web
O001926,1,2025-09-02,C00361,P0126,1,2023.62,0.2,Wallet,Delivered,4,3,App
O000934,1,2025-10-22,C01174,P0125,2,4569.07,0.15,Wallet,Delivered,3,3,Marketplace
O005054,2,2025-05-01,C01217,P0105,1,26500.39,0,Cash on Delivery,Delivered,1,5,web
O005575,1,2025-12-30,C00815,P0132,2,18580.88,0.15,Cash on Delivery,Delivered,6,3,web
O006239,1,2025-02-23,C01870,P0073,3,9418.81,0.05,Cash on Delivery,Delivered,7,2,Web
O002441,3,2025-11-08,C01945,P0121,5,22201.73,0.15,COD,Delivered,6,3,APP
O006087,1,2025-01-29,C01361,P0038,2,332.19,0.1,UPI,Returned,3,4,Web
O004887,2,2026-04-23,C01190,P0005,1,5156.94,0,UPI,Delivered,5,3,Web
O000475,3,2025-07-19,C00864,P0010,4,24229.65,0.15,credit card,Returned,4,4,App
O001959,3,2025-12-23,C01582,P0134,2,18088.71,0.3,COD,Delivered,4,3,Web
O002178,2,2026-06-07,C00798,P0014,1,5711.74,0.15,UPI,Returned,5,3,APP
O001530,1,2025-11-20,C00310,P0018,1,14637.6,0.2,UPI,Delivered,5,3,App
O000697,1,2025-06-16,C00581,P0113,2,3025.87,0.05,COD,Delivered,2,4,Web
O002448,2,2026-06-12,C00919,P0031,5,22306.91,0.1,Debit Card,Delivered,3,3,Marketplace
O001685,1,2025-06-15,C00272,P0078,1,25285.23,0.2,Cash on Delivery,Delivered,2,5,Web
O005995,1,2026-06-27,C01056,P0029,1,4858.66,0.05,credit card,Delivered,8,1,Web
O005242,1,2025-10-28,C01507,P0034,1,8277.93,0.05,Credit Card,Delivered,4,4,web
O003416,1,2025-03-10,C00092,P0144,1,8246.66,0.05,credit card,Delivered,3,3,web
O002106,1,2025-05-28,C00204,P0130,2,17150.72,0.25,credit card,Delivered,5,3,Web
O001106,1,2026-04-27,C00988,P0016,1,20271.39,0.2,Credit Card,Delivered,4,3,App
O004237,2,2026-05-08,C01807,P0047,1,28117.41,0.1,UPI,Delivered,6,2,web
O001813,1,2025-12-05,C01770,P0051,3,4081.15,0.15,Cash on Delivery,Delivered,,,APP
O000992,4,2025-03-25,C00851,P0107,2,24126.45,0.1,Debit Card,Delivered,5,3,App
O005370,1,2025-02-12,C00838,P0095,1,16033.99,0.2,upi,Delivered,3,3,web
O005888,1,2025-01-30,C00016,P0033,1,635.32,0.2,COD,Delivered,3,4,APP
O005385,2,2025-04-19,C00375,P0083,2,5375.87,0.1,credit card,Delivered,2,4,Marketplace
O005913,1,2025-09-04,C01687,P0139,1,3435.84,0.15,Credit Card,Delivered,3,4,Web
O002767,3,2026-07-06,C00317,P0047,1,27818.93,0.25,UPI,Returned,5,3,web
O002102,2,2025-11-26,C00660,P0030,3,14653.3,0,Cash on Delivery,Delivered,4,4,APP
O004107,1,2025-06-16,C01656,P0052,1,19215.26,0.15,Wallet,Delivered,1,5,web
O001166,2,2026-07-01,C00454,P0132,1,18966.81,0.25,upi,Delivered,,,Web
O003202,2,2026-01-09,C01637,P0138,1,1006.68,0.15,upi,Delivered,3,4,Web
O004729,1,2026-04-06,C00565,P0091,1,261.31,0,upi,Delivered,4,3,Marketplace
O002660,1,2026-05-09,C01738,P0008,2,22959.37,0.15,Debit Card,Delivered,1,4,App
O005420,1,2025-02-04,C00501,P0120,1,13254.16,0.15,Cash on Delivery,Delivered,,,APP
O000636,1,2025-08-21,C01478,P0081,1,22212.92,0.25,credit card,Delivered,4,3,Marketplace
O003773,2,2026-06-26,C00302,P0086,1,3547.65,0.1,COD,Delivered,5,3,APP
O002882,1,2025-03-04,C00292,P0036,1,19272.87,0.1,Cash on Delivery,Delivered,3,3,Web
O006428,2,2025-12-11,C01837,P0090,2,4775.82,0.15,Credit Card,Delivered,4,3,APP
O005021,1,2025-05-14,C01492,P0024,1,20412.16,0,Debit Card,Delivered,6,2,APP
O002363,2,2025-09-21,C01432,P0036,2,19034.04,0.25,COD,Delivered,5,3,App
O003828,1,2026-03-04,C00718,P0045,1,28685.89,0.1,Debit Card,Delivered,7,2,web
O003413,1,2025-01-05,C01711,P0012,1,7792.67,0.1,Debit Card,Delivered,4,3,web
O000112,1,2025-09-22,C00565,P0105,2,25844.45,0,Debit Card,Delivered,6,3,APP
O000526,3,2025-05-05,C01557,P0144,3,8597.77,0.1,Debit Card,Delivered,6,3,Marketplace
O006174,2,2026-08-13,C00287,P0019,1,24419.38,0.2,UPI,Delivered,6,3,Marketplace
O004648,1,2025-08-20,C01048,P0103,1,27525.85,0.3,Credit Card,Delivered,4,4,web
O005403,1,2025-08-05,C01934,P0126,1,1993.62,0,credit card,Delivered,6,2,APP
O001807,2,2025-08-28,C01789,P0036,1,18658.37,0.05,COD,Delivered,4,3,Marketplace
O002525,1,2025-02-18,C00019,P0089,1,17375.61,0.15,Wallet,Delivered,3,,APP
O004817,2,2025-03-09,C00181,P0136,1,14216.05,0,Cash on Delivery,Delivered,3,3,APP
O002352,1,2026-08-14,C00764,P0041,1,20876.19,0.05,UPI,Delivered,4,4,APP
O005306,1,2025-10-10,C01259,P0109,1,15143.79,0,COD,Delivered,3,4,App
O000129,1,2026-04-04,C01018,P0041,1,20223.11,0,Credit Card,Delivered,4,3,web
O001166,1,2026-07-01,C00454,P0025,1,3897.11,0.2,upi,Delivered,,,Web
O000451,2,2025-12-04,C01477,P0113,4,3037.42,0.1,Credit Card,Delivered,5,4,APP
O005235,2,2025-05-05,C01511,P0093,2,22481.39,0.25,COD,Returned,2,4,Web
O005848,1,2025-01-20,C01930,P0104,2,4803.92,0.3,Credit Card,Delivered,8,1,web
O003476,1,2025-12-02,C00274,P0111,1,1889.76,0.05,UPI,Delivered,5,,App
O003227,1,2025-08-29,C00045,P0047,1,28096.05,0.2,credit card,Delivered,1,5,Marketplace
O000162,2,2026-04-19,C01498,P0021,3,21968.58,0.2,upi,Delivered,1,5,APP
O004459,3,2026-08-28,C00769,P0109,1,14922.73,0.65,UPI,Delivered,6,3,APP
O001081,3,2026-05-07,C01413,P0094,1,6492.95,0.2,Cash on Delivery,Delivered,6,3,web
O005654,2,2025-05-01,C00535,P0029,1,5036.98,0,upi,Cancelled,,,web
O006499,1,2025-05-12,C00319,P0106,2,2535.67,0.1,credit card,Delivered,5,3,web
O006405,1,2026-01-08,C00939,P0143,3,4198.48,0.15,credit card,Delivered,4,3,App
O003522,1,2026-05-15,C01296,P0083,1,5509.67,0.05,Credit Card,Delivered,,,App
O004302,3,2025-02-18,C01404,P0035,2,18301.37,0.15,upi,Returned,6,3,App
O003041,4,2025-01-15,C00219,P0007,1,11603.28,0.3,credit card,Delivered,4,,App
O003456,1,2025-08-20,C01887,P0113,1,2984.31,0.1,UPI,Delivered,3,4,web
O003083,2,2026-03-06,C01290,P0118,1,3147.47,0.1,Wallet,Delivered,5,3,Web
O000696,4,2026-04-15,C01330,P0108,1,22091.81,0.15,upi,Delivered,2,5,App
O001371,3,2025-10-08,C00872,P0039,2,12614.46,0,credit card,Delivered,3,5,Marketplace
O004977,2,2025-07-31,C01374,P0059,1,16929.8,0,Wallet,Delivered,8,1,web
O006254,2,2026-04-01,C01376,P0014,2,5780.8,0.1,UPI,Delivered,5,3,web
O002150,2,2025-09-21,C00346,P0106,1,2598.77,0.1,Debit Card,Delivered,5,3,App
O002567,1,2025-12-17,C01673,P0057,1,4580.9,0.1,UPI,Delivered,7,2,Web
O004905,2,2025-05-11,C00548,P0114,1,1285.72,0.5,Debit Card,Delivered,6,3,Web
O002263,2,2025-04-10,C00738,P0045,1,28481.13,0,COD,Delivered,7,2,Marketplace
O004304,1,2025-04-04,C00387,P0056,1,10832.17,0,COD,Delivered,3,4,Marketplace
O002340,3,2026-04-23,C00585,P0068,1,9551.71,0,upi,Delivered,3,4,Web
O001504,1,2025-05-20,C01017,P0007,1,11864.33,0.2,upi,Delivered,3,,APP
O006226,1,2025-07-25,C01479,P0066,1,22116.57,0,COD,Delivered,4,4,App
O004703,1,2025-07-17,C00319,P0071,1,11183.88,0.05,UPI,Delivered,5,3,App
O000123,1,2026-05-23,C00658,P0047,2,28553.94,0,Cash on Delivery,Delivered,2,5,App
O003967,1,2025-10-08,C00037,P0137,1,4741.31,0.1,COD,Delivered,7,2,Marketplace
O002676,1,2025-04-07,C01267,P0016,1,20764.9,0.15,UPI,Returned,4,3,Marketplace
O006000,2,2026-05-30,C01920,P0088,1,25468.16,0.5,COD,Delivered,5,3,Marketplace
O004403,3,2026-07-28,C01400,P0098,1,12617.31,0.25,credit card,Delivered,7,1,APP
O001264,2,2026-08-04,C01917,P0014,2,5725.51,0,COD,Delivered,3,4,APP
O002768,2,2025-08-13,C00627,P0033,5,638.45,0.15,Credit Card,Delivered,5,,Web
O000632,2,2025-05-31,C00462,P0036,1,18222.27,0.2,upi,Delivered,5,3,Marketplace
O005427,1,2026-06-25,C01082,P0086,1,3712.13,0,Debit Card,Returned,3,4,web
O004706,2,2025-11-28,C01278,P0116,1,12323.01,0.1,credit card,Delivered,4,4,Web
O004088,1,2026-01-27,C01267,P0032,1,19875.14,0,COD,Delivered,7,1,APP
O001136,2,2026-01-06,C00928,P0100,1,13485.96,0.05,upi,Delivered,5,3,Marketplace
O003286,2,2026-01-10,C00897,P0143,2,4071.93,0.1,Cash on Delivery,Delivered,4,4,APP
O003427,2,2025-10-30,C01682,P0057,1,4661.71,0.2,Cash on Delivery,Delivered,5,,APP
O006066,2,2026-02-02,C01775,P0042,2,6896.11,0.15,credit card,Delivered,1,,App
O005744,2,2025-02-03,C01559,P0045,1,27745.08,0.2,Cash on Delivery,Delivered,6,2,web
O005478,1,2026-03-09,C00967,P0017,1,3188.73,0,upi,Delivered,6,3,APP
O001639,4,2025-09-19,C01201,P0048,1,1020.86,0.25,upi,Delivered,7,2,App
O004039,2,2025-02-12,C01218,P0067,5,11390.29,0.1,UPI,Delivered,3,4,APP
O004971,3,2025-07-15,C01975,P0026,1,14156.39,0.15,Credit Card,Delivered,6,2,Web
O005258,2,2025-11-09,C01378,P0079,1,7395.02,0.05,credit card,Cancelled,,,Marketplace
O001261,2,2025-05-24,C01971,P0049,1,1476.79,0,upi,Delivered,6,3,Web
O004900,2,2026-07-31,C01854,P0046,1,4040.73,0.2,COD,Delivered,4,3,Marketplace
O003393,2,2025-09-25,C00932,P0135,3,3344.33,0.15,Debit Card,Delivered,2,5,APP
O000563,1,2026-07-11,C00501,P0124,1,13433.75,0.25,COD,Delivered,2,4,Web
O002896,1,2025-11-28,C00515,P0089,1,17483.64,0.1,upi,Delivered,2,5,Marketplace
O001731,3,2026-02-17,C01027,P0095,1,15656.18,0,credit card,Delivered,3,4,web
O002633,2,2025-06-15,C01497,P0029,2,4736.05,0.15,Cash on Delivery,Delivered,6,3,APP
O006267,2,2026-08-13,C00473,P0001,1,9602.46,0.3,Credit Card,Delivered,5,3,App
O001251,2,2026-01-12,C00743,P0012,1,7591.02,0.15,upi,Delivered,3,4,Marketplace
O003245,2,2025-02-09,C00031,P0025,1,4113.41,0,upi,Delivered,6,3,APP
O001375,1,2026-01-16,C00853,P0124,1,14393.62,0.1,Debit Card,Delivered,3,4,Web
O005719,2,2026-06-08,C00351,P0131,1,17838.19,0.15,credit card,Delivered,1,5,web
O000851,1,2026-02-15,C00627,P0093,5,23875.9,0,Wallet,Delivered,5,3,web
O000525,3,2025-09-01,C00152,P0023,1,25682.35,0.1,UPI,Delivered,4,4,web
O004946,1,2026-07-14,C00292,P0028,4,8610.77,0.05,Debit Card,Delivered,1,4,APP
O006049,2,2025-05-26,C01061,P0062,1,18241.14,0.15,COD,Delivered,4,3,App
O000629,1,2025-02-22,C01566,P0056,1,11097.0,0.5,Cash on Delivery,Delivered,5,3,web
O001465,1,2025-07-27,C01859,P0104,2,4801.37,0.1,Wallet,Delivered,5,3,Marketplace
O000540,1,2026-01-06,C00668,P0111,1,1815.87,0,Debit Card,Delivered,2,5,APP
O003203,3,2026-03-04,C00122,P0077,2,11139.2,0.1,COD,Delivered,3,,APP
O000069,1,2025-02-17,C00730,P0030,1,15076.6,0.05,Cash on Delivery,Delivered,5,3,Marketplace
O002558,1,2025-09-16,C01902,P0028,1,8875.45,0.25,COD,Delivered,7,3,APP
O003248,2,2026-07-18,C00298,P0115,2,4821.85,0.1,upi,Delivered,5,2,App
O005707,1,2025-12-11,C00616,P0015,1,22806.3,0.1,UPI,Returned,4,4,web
O000781,1,2025-08-23,C01784,P0004,3,18203.46,0.1,Debit Card,Delivered,4,4,Marketplace
O001929,1,2025-09-28,C00058,P0080,1,23218.8,0.15,UPI,Delivered,6,3,Web
O001995,1,2026-05-14,C01378,P0026,1,13551.81,0,Credit Card,Delivered,3,4,Marketplace
O000673,2,2026-04-23,C01194,P0143,1,3925.43,0.1,upi,Delivered,7,3,APP
O004275,1,2025-10-24,C01662,P0033,1,622.26,0.15,COD,Delivered,5,3,APP
O001770,1,2025-05-30,C01878,P0060,1,17334.92,0.25,UPI,Delivered,2,4,Web
O004164,2,2026-08-18,C00470,P0016,1,20486.85,0.2,credit card,Delivered,5,3,App
O004664,1,2025-10-12,C00171,P0059,1,17100.62,0.1,Debit Card,Delivered,4,3,web
O000975,1,2025-01-13,C00740,P0016,1,20447.24,0,upi,Delivered,4,3,Marketplace
O001692,1,2026-08-27,C01113,P0072,1,12352.85,0,Debit Card,Delivered,3,3,Web
O005670,2,2025-04-29,C00817,P0056,1,10698.92,0.15,Cash on Delivery,Delivered,8,2,Web
O000932,2,2025-09-22,C01891,P0069,3,11530.7,0.2,Cash on Delivery,Delivered,7,,web
O004641,1,2025-10-17,C00440,P0106,1,2611.16,0,UPI,Delivered,5,3,APP
O001885,2,2025-01-16,C01773,P0089,1,17838.37,0.2,credit card,Delivered,6,3,APP
O002949,1,2025-04-16,C01544,P0091,1,260.41,0.25,Credit Card,Delivered,1,5,Web
O001426,2,2026-02-23,C00815,P0090,2,4967.63,0.1,credit card,Delivered,6,3,App
O001204,2,2025-03-04,C01375,P0079,2,7854.39,0.15,Debit Card,Delivered,2,4,web
O005604,1,2025-06-09,C01277,P0050,1,17734.52,0,credit card,Returned,5,3,APP
O005173,1,2025-10-13,C00604,P0095,2,16156.54,0.1,UPI,Delivered,5,3,Marketplace
O002590,3,2025-06-28,C00404,P0079,1,7643.31,0.15,Debit Card,Delivered,3,3,Marketplace
O004025,1,2026-03-29,C00885,P0141,3,12926.6,0.15,upi,Delivered,2,4,Marketplace
O000535,3,2025-08-13,C00899,P0089,1,18292.77,0.1,COD,Delivered,,,Marketplace
O003567,2,2026-01-24,C01542,P0024,3,20068.21,0.25,,Delivered,3,4,App
O005030,1,2026-04-28,C01004,P0057,1,4716.53,0.2,Cash on Delivery,Delivered,3,3,Marketplace
O004711,1,2025-12-16,C00465,P0098,5,12978.95,0.1,UPI,Delivered,7,2,App
O003742,2,2025-02-27,C01066,P0045,1,28292.72,0,Credit Card,Delivered,1,5,Web
O005174,1,2025-03-21,C00651,P0105,2,25046.18,0.05,credit card,Delivered,2,4,Marketplace
O002411,1,2025-07-01,C01560,P0018,1,13708.65,0.25,UPI,Delivered,7,2,App
O000238,1,2026-03-31,C01598,P0035,1,17752.04,0,Cash on Delivery,Delivered,5,3,Web
O002212,1,2025-09-03,C01967,P0081,1,22308.15,0.05,credit card,Delivered,7,2,App
O003578,1,2025-10-03,C00063,P0138,2,1042.24,0.1,Debit Card,Delivered,2,5,App
O004730,1,2025-05-24,C01441,P0116,2,11524.44,0.05,COD,Delivered,4,4,web
O002636,1,2026-02-19,C01620,P0006,1,21009.47,0.05,Credit Card,Delivered,7,2,APP
O002811,2,2026-04-13,C01082,P0120,2,0,0,upi,Returned,3,4,Web
O001549,1,2026-08-01,C01111,P0032,1,20023.71,0.25,upi,Delivered,3,4,App
O005252,2,2026-07-20,C01582,P0020,1,25681.54,0.1,Cash on Delivery,Delivered,1,4,Web
O001303,3,2026-03-08,C00396,P0044,1,13262.96,0,UPI,Delivered,4,4,Web
O001676,3,2025-11-05,C01612,P0022,5,5188.53,0,Cash on Delivery,Delivered,2,5,Web
O002203,1,2025-06-08,C00929,P0068,1,9685.51,0.05,UPI,Delivered,7,1,Web
O001137,2,2025-03-25,C01901,P0057,1,4605.63,0,Wallet,Delivered,4,3,Web
O003672,1,2025-02-22,C01064,P0132,2,18346.44,0.25,UPI,Delivered,4,3,web
O000550,2,2026-02-19,C01743,P0114,2,1289.26,0.15,credit card,Delivered,5,3,Web
O003569,2,2026-03-04,C01764,P0079,2,7821.87,0.1,COD,Delivered,4,4,web
O001827,1,2025-05-14,C01693,P0140,1,13197.33,0.15,UPI,Cancelled,,,App
O003664,1,2025-02-01,C00832,P0122,1,1165.09,0,credit card,Delivered,3,4,App
O005983,1,2025-10-16,C01876,P0101,5,8299.3,0.15,UPI,Returned,7,1,Marketplace
O000852,2,2025-05-04,C01989,P0073,2,9040.67,0.1,Cash on Delivery,Delivered,4,,APP
O004648,2,2025-08-20,C01048,P0038,1,340.45,0.15,Credit Card,Delivered,4,4,web
O005740,1,2026-07-24,C01238,P0045,2,27460.15,0.1,credit card,Delivered,4,4,Web
O003343,1,2026-07-13,C00694,P0133,1,3685.71,0.25,upi,Delivered,4,4,APP
O003833,1,2026-07-09,C01958,P0003,1,18912.49,0.15,Debit Card,Delivered,8,2,web
O004014,2,2026-01-14,C00294,P0096,1,2937.93,0.05,Cash on Delivery,Delivered,6,2,App
O001178,1,2025-06-28,C01658,P0071,1,10785.9,0.15,UPI,Returned,5,3,Marketplace
O000496,1,2025-12-26,C00453,P0037,1,17814.77,0.25,upi,Delivered,2,5,App
O002506,2,2025-04-08,C00899,P0026,1,14259.76,0,UPI,Delivered,5,2,web
O004199,2,2025-01-05,C01250,P0026,1,14530.63,0.15,COD,Returned,6,2,web
O003222,2,2025-06-29,C01525,P0021,1,22056.65,0.25,Debit Card,Delivered,1,5,Marketplace
O006163,1,2026-05-30,C01299,P0013,2,5430.83,0.15,Credit Card,Delivered,3,4,App
O003205,1,2026-04-12,C00004,P0105,2,25892.55,0,Debit Card,Delivered,5,2,Marketplace
O003053,1,2025-12-14,C01952,P0047,1,28912.83,0.25,upi,Delivered,3,4,Web
O002450,1,2025-12-30,C00699,P0030,1,15103.2,0.2,Wallet,Delivered,2,4,Web
O003883,1,2025-01-30,C00407,P0031,1,21883.56,0.05,COD,Delivered,3,4,Web
O005862,1,2025-03-25,C01447,P0126,1,2127.87,0.15,Debit Card,Cancelled,,,App
O004180,1,2026-01-27,C00788,P0056,1,10874.02,0.05,Cash on Delivery,Delivered,5,3,web
O000628,2,2025-02-26,C00171,P0050,2,17838.49,0.15,Cash on Delivery,Delivered,4,4,App
O005190,1,2025-07-09,C01771,P0047,1,28958.68,0.25,UPI,Delivered,3,3,APP
O002690,1,2025-05-10,C00882,P0129,2,14623.26,0.05,COD,Delivered,,,APP
O000115,1,2025-08-17,C01161,P0028,2,8464.6,0.05,UPI,Delivered,5,3,APP
O000855,2,2026-08-15,C00253,P0054,1,12796.35,0,Wallet,Delivered,3,4,App
O005667,2,2025-10-03,C00593,P0120,5,12820.51,0,Debit Card,Delivered,5,3,web
O003806,2,2026-07-20,C00916,P0085,1,10307.71,0.15,Credit Card,Delivered,7,2,Marketplace
O006092,2,2025-01-26,C01541,P0060,1,16654.61,0.1,Debit Card,Delivered,7,2,App
O005359,1,2025-08-12,C00642,P0139,1,3592.42,0.15,Credit Card,Delivered,4,3,web
O004677,1,2025-12-02,C00965,P0123,4,9459.9,0.25,credit card,Delivered,3,4,APP
O001325,1,2025-04-08,C01699,P0098,2,12728.06,0.15,Debit Card,Cancelled,,,web
O001086,2,2025-01-22,C00801,P0048,2,1007.38,0.15,upi,Delivered,4,4,Web
O004043,2,2026-04-05,C00860,P0102,1,16738.93,0.3,Wallet,Delivered,1,5,Web
O003092,2,2025-09-13,C01425,P0091,4,253.03,0,upi,Delivered,4,,App
O002707,1,2026-07-31,C00855,P0060,3,16819.77,0.25,UPI,Delivered,5,3,Web
O003026,1,2025-07-16,C00900,P0113,1,3191.32,0.15,Cash on Delivery,Delivered,4,3,Web
O000056,3,2026-06-12,C01896,P0019,2,24721.54,0.05,Wallet,Delivered,2,4,APP
O005020,1,2026-02-20,C01413,P0096,1,2954.98,0.1,Credit Card,Delivered,6,3,Marketplace
O000856,1,2026-05-04,C00766,P0014,1,5530.65,0,COD,Delivered,3,4,Web
O000610,1,2025-01-13,C00690,P0030,1,14034.13,0.15,Cash on Delivery,Delivered,4,3,web
O000984,2,2025-03-21,C01133,P0122,1,1170.48,0.05,Cash on Delivery,Delivered,4,4,web
O004046,1,2025-12-23,C01491,P0044,1,13459.08,0,Cash on Delivery,Delivered,4,4,App
O003835,2,2026-01-09,C00337,P0119,2,19801.08,0.15,Wallet,Delivered,1,4,web
O003349,2,2025-08-09,C00452,P0065,1,18000.0,0,Credit Card,Delivered,3,4,Marketplace
O005018,1,2026-02-25,C01925,P0086,1,3779.68,0.15,Wallet,Delivered,4,4,App
O003223,1,2025-03-17,C01048,P0022,1,5516.07,0.15,upi,Delivered,4,4,Marketplace
O002797,1,2025-02-01,C01959,P0094,1,6403.62,0.5,credit card,Delivered,4,4,Web
O000963,1,2025-03-31,C01120,P0141,1,12460.03,0.5,Cash on Delivery,Delivered,4,4,Marketplace
O002348,1,2025-12-11,C00479,P0125,3,4487.52,0,COD,Delivered,6,3,App
O004931,2,2026-01-07,C01207,P0044,1,13339.95,0.1,Cash on Delivery,Delivered,3,,App
O004501,1,2026-07-23,C00903,P0138,1,1033.8,0,credit card,Delivered,5,3,App
O004860,1,2025-09-21,C00318,P0143,2,3971.33,0,Wallet,Delivered,7,2,Marketplace
O003234,1,2026-06-27,C00288,P0132,1,18991.43,0.1,Debit Card,Delivered,3,4,Marketplace
O001727,3,2025-08-08,C00905,P0046,5,4180.02,0,Wallet,Delivered,5,3,web
O002671,2,2025-03-06,C01579,P0051,3,4158.93,0.05,COD,Delivered,5,3,web
O000503,1,2025-02-04,C01631,P0075,4,10515.86,0.15,Cash on Delivery,Delivered,2,4,Web
O003883,2,2025-01-30,C00407,P0064,3,4632.49,0.1,COD,Delivered,3,4,Web
O000932,1,2025-09-22,C01891,P0094,1,6279.82,0.2,Cash on Delivery,Delivered,7,,web
O005196,2,2026-08-27,C01421,P0003,1,19309.63,0.2,COD,Delivered,4,3,APP
O003987,2,2025-07-03,C00524,P0121,1,21212.8,0,Debit Card,Delivered,4,4,Marketplace
O003932,2,2026-08-24,C00721,P0003,1,18471.23,0.1,Cash on Delivery,Delivered,6,,Marketplace
O002979,1,2025-11-23,C00595,P0008,1,23504.7,0.1,Credit Card,Delivered,4,4,APP
O000281,2,2026-05-17,C01016,P0058,1,13236.16,0.15,Credit Card,Delivered,7,2,App
O005491,1,2025-09-22,C01797,P0002,1,10890.58,0.1,Debit Card,Returned,5,2,Marketplace
O001284,1,2025-09-12,C00080,P0034,1,8615.03,0,Wallet,Delivered,6,3,Marketplace
O005319,1,2025-05-11,C01509,P0093,5,23828.91,0.25,Debit Card,Cancelled,,,Web
O005263,1,2026-08-10,C00589,P0048,1,1010.7,0.2,Cash on Delivery,Delivered,5,3,App
O005689,1,2026-07-08,C01125,P0023,1,27518.81,0,UPI,Delivered,3,,web
O004097,1,2025-06-28,C01487,P0038,4,327.16,0.1,Wallet,Returned,3,4,App
O003239,1,2025-01-29,C01153,P0122,3,1132.79,0.25,Credit Card,Delivered,4,4,web
O005753,1,2026-03-03,C00650,P0003,1,19757.26,0,Credit Card,Delivered,3,3,web
O004738,1,2025-08-16,C00040,P0125,1,4657.09,0.05,credit card,Delivered,5,3,APP
O003358,1,2025-05-17,C01133,P0087,1,6783.59,0.1,credit card,Delivered,5,3,Marketplace
O000181,2,2026-03-01,C01478,P0003,2,18679.92,0.1,COD,Delivered,3,3,APP
O005048,1,2025-04-09,C01003,P0063,3,16492.7,0.15,Cash on Delivery,Delivered,4,3,web
O000987,1,2025-03-18,C00331,P0045,3,29490.93,0,upi,Delivered,5,3,web
O006042,1,2025-02-09,C00264,P0017,2,3318.18,0.25,upi,Delivered,4,4,App
O000350,3,2025-09-27,C01663,P0001,1,9306.49,0,UPI,Delivered,6,3,App
O002132,1,2026-05-27,C01279,P0040,2,13073.99,0.1,upi,Delivered,5,3,web
O004678,2,2025-04-01,C00168,P0040,3,13079.84,0.1,Credit Card,Delivered,,,App
O006185,1,2025-08-18,C01496,P0014,3,5582.94,0.1,Debit Card,Delivered,4,3,web
O005006,1,2025-12-06,C00930,P0025,2,4016.33,0.2,Cash on Delivery,Delivered,6,2,App
O001436,2,2025-01-15,C01869,P0041,1,20627.18,0.1,credit card,Delivered,4,3,App
O002320,2,2026-08-28,C01756,P0070,1,4342.9,0.05,Credit Card,Delivered,2,4,App
O000283,2,2025-03-15,C01611,P0124,1,14205.16,0.1,UPI,Delivered,5,3,Marketplace
O003768,2,2025-05-18,C00870,P0138,1,1037.03,0,UPI,Delivered,4,,Web
O005119,1,2025-09-04,C01423,P0020,4,25444.15,0.1,upi,Delivered,2,4,web
O005940,1,2025-09-28,C00694,P0064,1,4811.43,0,upi,Delivered,6,2,APP
O001839,2,2026-01-27,C01393,P0040,2,12850.4,0.1,COD,Delivered,5,2,web
O001650,2,2025-05-06,C01868,P0061,3,21931.19,0.05,Debit Card,Delivered,,,APP
O002231,1,2026-08-05,C00249,P0033,1,643.55,0.15,upi,Delivered,6,3,App
O005843,2,2025-09-12,C00854,P0118,2,3032.36,0,Debit Card,Cancelled,,,APP
O000915,1,2025-01-28,C01077,P0045,1,28568.44,0.2,UPI,Delivered,7,3,App
O002354,3,2025-03-28,C01229,P0123,2,9275.4,0,COD,Delivered,1,5,APP
O004883,1,2025-07-08,C00991,P0046,1,4243.54,0.1,Debit Card,Delivered,2,,APP
O001776,1,2025-01-04,C00161,P0133,1,3873.62,0.05,upi,Delivered,3,4,APP
O004085,2,2026-01-09,C01251,P0064,1,4813.77,0,COD,Delivered,8,2,APP
O000247,3,2025-12-28,C01494,P0142,1,12010.97,0.15,Cash on Delivery,Delivered,4,4,APP
O001590,2,2026-08-11,C01625,P0051,1,4273.46,0,upi,Delivered,5,3,Web
O004040,1,2025-07-12,C01284,P0017,3,3304.36,0.1,Credit Card,Delivered,4,4,Marketplace
O002371,1,2025-04-13,C00877,P0015,2,22275.72,0,COD,Delivered,4,3,Web
O004037,1,2025-09-16,C01798,P0096,1,3032.94,0.05,UPI,Delivered,,,Web
O002322,2,2025-01-12,C00713,P0127,1,14755.43,0.3,credit card,Delivered,3,3,App
O002340,4,2026-04-23,C00585,P0117,1,3581.36,0.1,upi,Delivered,3,4,Web
O004331,1,2025-11-23,C01283,P0111,1,1813.47,0.15,Debit Card,Delivered,1,5,Marketplace
O001080,3,2026-04-01,C00757,P0080,1,23383.68,0.15,Credit Card,Delivered,1,5,APP
O004857,1,2025-06-23,C01348,P0007,1,11545.44,0,Cash on Delivery,Delivered,2,,Marketplace
O004622,1,2025-06-24,C01006,P0128,2,14170.43,0,Debit Card,Delivered,6,3,Marketplace
O003301,4,2025-04-08,C01174,P0038,1,339.35,0.3,Credit Card,Delivered,3,3,App
O003339,1,2025-10-06,C00224,P0133,1,3861.19,0.15,Cash on Delivery,Delivered,6,3,web
O002278,1,2026-01-22,C00226,P0133,1,3685.11,0.2,Credit Card,Delivered,4,4,Web
O001520,1,2025-12-04,C01899,P0143,3,4072.84,0,Cash on Delivery,Delivered,2,4,APP
O005121,1,2025-02-22,C00204,P0137,2,4746.25,0,Wallet,Delivered,5,3,web
O001609,1,2025-12-22,C00759,P0008,2,22393.18,0.1,credit card,Delivered,5,4,web
O002569,1,2025-10-31,C00434,P0104,1,4930.64,0.2,UPI,Delivered,3,4,Web
O000187,2,2025-06-24,C01650,P0066,1,22027.48,0.1,Cash on Delivery,Delivered,2,5,Web
O001690,1,2025-10-26,C00275,P0098,2,12913.73,0.25,UPI,Delivered,5,3,web
O002496,1,2025-11-13,C00128,P0110,1,8524.21,0.05,COD,Delivered,5,2,Web
O001732,1,2026-01-18,C01497,P0114,4,1240.11,0,Debit Card,Delivered,7,3,Web
O004056,4,2026-02-25,C01036,P0011,3,16083.28,0.2,Debit Card,Delivered,8,2,APP
O006233,1,2025-01-25,C00758,P0026,1,13717.91,0,Credit Card,Delivered,4,4,App
O004887,3,2026-04-23,C01190,P0057,2,4635.05,0.15,UPI,Delivered,5,3,Web
O004905,4,2025-05-11,C00548,P0083,1,5641.6,0.1,Debit Card,Delivered,6,3,Web
O003248,3,2026-07-18,C00298,P0024,1,20565.1,0.05,upi,Delivered,5,2,App
O003389,1,2025-10-20,C01269,P0025,1,4044.5,0.25,Cash on Delivery,Delivered,3,4,web
O005574,1,2025-04-19,C00776,P0046,1,4162.7,0.5,COD,Cancelled,,,Web
O000446,2,2025-07-09,C01965,P0119,2,20445.5,0,Debit Card,Delivered,5,3,APP
O003615,1,2025-03-12,C01736,P0084,3,17123.41,0,Credit Card,Delivered,6,2,Marketplace
O001983,3,2026-08-03,C00948,P0037,1,17673.6,0,Credit Card,Delivered,5,3,Marketplace
O001397,3,2025-07-22,C01648,P0006,3,20921.67,0,credit card,Delivered,3,4,Web
O001076,1,2026-02-01,C00656,P0018,1,14278.2,0.15,Credit Card,Delivered,5,3,APP
O000387,1,2026-07-12,C01556,P0013,1,5385.48,0,UPI,Delivered,4,4,web
O003346,2,2026-03-02,C00496,P0114,1,1255.49,0.2,upi,Returned,5,4,App
O004582,1,2025-03-11,C00142,P0141,2,12858.82,0.2,Wallet,Delivered,2,5,Web
O000424,2,2025-06-05,C00859,P0067,1,11199.3,0.1,UPI,Delivered,7,3,APP
O005641,1,2026-03-04,C01582,P0044,3,13437.98,0,COD,Delivered,4,3,App
O002783,1,2026-07-20,C01293,P0084,2,16484.98,0.15,Credit Card,Delivered,2,4,APP
O004265,1,2026-07-21,C00194,P0002,1,10444.65,0.1,COD,Delivered,5,2,web
O001320,2,2025-09-04,C01071,P0104,5,5117.24,0.05,upi,Delivered,4,4,App
O006309,1,2025-04-17,C00626,P0059,1,16987.51,0.05,Debit Card,Cancelled,,,Web
O005215,3,2026-08-09,C00242,P0094,1,6250.93,0.65,upi,Delivered,7,2,App
O000104,2,2025-09-07,C01540,P0010,1,24046.85,0,Cash on Delivery,Delivered,4,3,web
O004631,1,2025-02-27,C00551,P0081,1,21523.41,0,Cash on Delivery,Returned,1,5,Web
O000057,1,2025-09-05,C00691,P0070,4,4191.16,0.2,Credit Card,Cancelled,,,web
O005357,1,2025-04-12,C00745,P0082,1,15227.42,0.1,upi,Delivered,6,3,APP
O004847,1,2025-01-05,C01623,P0030,1,14748.06,0.05,Wallet,Delivered,5,2,Marketplace
O004924,2,2025-05-20,C00618,P0117,1,3549.26,0.15,COD,Delivered,6,2,Marketplace
O001342,3,2025-06-03,C00601,P0107,2,22755.22,0.15,Wallet,Returned,4,4,Web
O001364,1,2025-06-30,C00829,P0134,2,18920.69,0.1,Wallet,Delivered,4,4,App
O003359,1,2025-12-29,C01183,P0072,3,11847.13,0.1,Cash on Delivery,Delivered,2,5,App
O004618,2,2025-01-27,C00642,P0141,1,12483.85,0,credit card,Delivered,5,,App
O005252,1,2026-07-20,C01582,P0133,1,3822.5,0.15,Cash on Delivery,Delivered,1,4,Web
O001080,1,2026-04-01,C00757,P0014,1,5778.75,0.1,Credit Card,Delivered,1,5,APP
O001689,3,2026-02-27,C01288,P0114,1,1282.9,0.3,UPI,Delivered,3,3,Marketplace
O001866,1,2025-09-18,C00844,P0003,2,18673.1,0.3,upi,Delivered,,,Web
O003221,1,2025-02-08,C00044,P0077,1,10755.31,0.1,upi,Delivered,1,5,Marketplace
O000875,1,2025-08-26,C00722,P0095,1,15178.91,0.1,Wallet,Cancelled,,,APP
O004714,1,2025-06-03,C00478,P0034,1,8100.74,0.05,credit card,Delivered,4,4,Marketplace
O001331,2,2025-11-23,C00345,P0099,3,19549.41,0.1,UPI,Delivered,2,4,Marketplace
O002082,1,2026-05-04,C00031,P0085,1,10164.02,0.2,credit card,Delivered,4,4,APP
O000344,1,2026-07-30,C00417,P0033,2,600.87,0,Wallet,Delivered,4,4,Web
O002443,1,2025-01-06,C01754,P0070,3,4347.12,0.2,Credit Card,Delivered,8,2,Web
O004598,1,2025-05-27,C01600,P0143,1,4103.02,0.15,upi,Delivered,2,5,Web
O002064,1,2025-03-01,C01449,P0072,4,12477.61,0,upi,Delivered,6,3,web
O006254,3,2026-04-01,C01376,P0040,1,13136.06,0.25,UPI,Delivered,5,3,web
O003610,2,2025-11-03,C01544,P0144,1,8549.17,0.15,COD,Delivered,4,4,web
O006158,3,2025-02-05,C00470,P0072,1,11765.71,0.1,Cash on Delivery,Delivered,4,4,App
O001837,1,2026-05-28,C01731,P0005,1,5382.68,0,Debit Card,Delivered,3,3,web
O004603,1,2026-02-02,C01301,P0049,1,1479.86,0.2,UPI,Delivered,5,3,web
O000820,2,2026-01-09,C00689,P0112,1,21932.1,0.15,Debit Card,Delivered,2,4,Web
O005041,1,2025-03-02,C01887,P0010,2,23503.1,0,Cash on Delivery,Delivered,3,5,APP
O003282,2,2025-06-02,C01808,P0104,1,4904.14,0.25,Debit Card,Delivered,2,5,web
O002542,2,2026-07-31,C00158,P0041,1,19921.25,0.15,credit card,Delivered,6,2,web
O000931,1,2025-09-22,C01406,P0135,1,3512.15,0.05,upi,Delivered,3,,APP
O000448,2,2025-03-24,C01198,P0089,1,17438.86,0.1,upi,Delivered,2,5,App
O004122,3,2025-01-06,C01587,P0072,1,12729.11,0.1,Cash on Delivery,Delivered,5,3,web
O003484,1,2026-03-03,C00420,P0095,1,16074.78,0.15,Cash on Delivery,Delivered,4,4,APP
O002727,1,2025-07-27,C01413,P0109,1,14838.97,0.15,Cash on Delivery,Delivered,5,4,Marketplace
O000134,1,2025-01-01,C00088,P0128,1,13995.91,0.25,Credit Card,Delivered,1,5,Marketplace
O001256,2,2025-06-01,C00365,P0100,2,13857.35,0.25,Debit Card,Delivered,7,1,Web
O004672,2,2026-08-21,C00341,P0114,1,1253.17,0.25,Credit Card,Delivered,3,4,Marketplace
O000005,1,2025-01-26,C00036,P0091,1,246.92,0.15,Credit Card,Delivered,3,3,Web
O004400,1,2025-10-24,C00411,P0008,1,23080.97,0.05,Wallet,Delivered,3,,Web
O003011,1,2026-05-07,C00674,P0098,3,12418.57,0.2,Cash on Delivery,Delivered,4,3,APP
O005476,1,2025-01-17,C00300,P0013,1,5420.13,0.25,credit card,Delivered,4,4,Marketplace
O006141,1,2026-04-02,C00357,P0015,4,21501.64,0.1,credit card,Delivered,6,3,Web
O003417,1,2026-06-17,C01121,P0062,3,17985.64,0.1,UPI,Delivered,1,5,App
O003880,2,2025-05-22,C00242,P0031,2,23132.23,0.15,Debit Card,Delivered,3,4,Web
O001677,2,2025-08-21,C00237,P0050,1,18294.3,0.2,COD,Delivered,5,3,Web
O001819,1,2025-11-04,C01188,P0108,1,20961.31,0,UPI,Returned,5,3,App
O004662,1,2025-02-05,C01063,P0032,1,20109.07,0.1,Cash on Delivery,Returned,5,3,APP
O001935,2,2025-08-31,C00487,P0065,5,16926.58,0.1,Credit Card,Delivered,6,3,App
O003567,3,2026-01-24,C01542,P0105,2,25967.36,0.15,,Delivered,3,4,App
O000365,1,2025-05-31,C00607,P0140,3,13519.29,0.05,credit card,Delivered,7,2,Marketplace
O003109,2,2026-02-24,C01587,P0027,1,20051.1,0.25,upi,Cancelled,,,Web
O001396,3,2025-03-23,C01232,P0004,1,19091.16,0.2,credit card,Delivered,8,1,APP
O002527,1,2025-05-20,C00841,P0082,1,14688.0,0.1,Wallet,Cancelled,,,Web
O006365,2,2025-01-13,C01715,P0036,2,19321.99,0.05,Cash on Delivery,Delivered,6,2,Web
O002565,1,2026-01-08,C01747,P0042,1,6994.83,0.25,Wallet,Delivered,4,4,App
O004849,1,2025-06-29,C00414,P0073,2,9004.05,0,COD,Delivered,5,3,web
O004843,2,2025-05-26,C00524,P0096,2,2965.15,0.15,Credit Card,Delivered,,,web
O002718,2,2025-07-01,C00013,P0026,1,14543.5,0.15,credit card,Delivered,2,5,App
O001016,1,2026-07-30,C01546,P0109,1,15180.45,0.15,COD,Delivered,2,5,App
O001983,2,2026-08-03,C00948,P0010,1,23116.53,0.1,Credit Card,Delivered,5,3,Marketplace
O001016,2,2026-07-30,C01546,P0101,1,8315.16,0.15,COD,Delivered,2,5,App
O005542,2,2026-08-16,C01636,P0037,1,17658.07,0.1,Debit Card,Delivered,,,web
O005286,4,2026-05-25,C00672,P0133,1,3741.29,0.1,COD,Delivered,5,3,Marketplace
O003062,3,2025-05-18,C01302,P0037,1,18714.77,0.05,Cash on Delivery,Delivered,1,5,APP
O001966,1,2025-07-02,C01387,P0028,1,8495.18,0.15,Wallet,Delivered,4,4,App
O004580,2,2025-10-04,C00802,P0006,1,21278.34,0,UPI,Delivered,5,4,APP
O003351,1,2025-09-26,C01710,P0093,1,22528.38,0.15,Debit Card,Delivered,2,5,Marketplace
O000222,1,2025-06-01,C01830,P0035,2,17760.0,0.05,Debit Card,Delivered,,,App
O003258,1,2026-04-26,C01997,P0071,1,11331.55,0.1,Credit Card,Delivered,7,2,Web
O000895,2,2025-11-12,C01721,P0066,1,22664.99,0.25,Cash on Delivery,Delivered,2,4,Marketplace
O004898,3,2026-08-27,C00105,P0006,1,19884.32,0.15,Cash on Delivery,Delivered,4,4,App
O006464,3,2025-12-16,C00874,P0112,1,22417.11,0.25,COD,Delivered,3,4,web
O002440,1,2025-11-10,C00486,P0103,1,28232.86,0.1,Debit Card,Delivered,2,4,Web
O000724,1,2025-03-10,C01328,P0073,1,9337.21,0.1,credit card,Returned,3,4,Web
O006129,2,2025-03-06,C00287,P0088,1,25246.79,0.25,credit card,Delivered,3,4,Marketplace
O001281,1,2026-02-27,C01830,P0128,1,14233.9,0.25,upi,Delivered,2,4,App
O001758,1,2025-04-27,C01957,P0088,2,26390.25,0.1,Cash on Delivery,Delivered,5,,web
O003730,1,2026-01-02,C00406,P0093,4,24060.29,0.05,Wallet,Delivered,9,1,APP
O001139,1,2025-09-10,C01921,P0050,3,17633.81,0.3,UPI,Cancelled,,,web
O004504,1,2026-05-20,C00333,P0081,1,22588.36,0.5,Wallet,Delivered,2,4,App
O004413,2,2026-06-25,C00160,P0034,2,8394.42,0.1,Cash on Delivery,Delivered,5,4,APP
O003711,2,2026-05-15,C00103,P0036,1,18789.95,0.3,Debit Card,Delivered,6,3,web
O004713,1,2026-02-24,C01224,P0013,1,5795.14,0.2,Credit Card,Delivered,4,3,web
O000816,1,2025-05-20,C01341,P0007,3,11614.77,0.05,Cash on Delivery,Delivered,3,4,Web
O001095,2,2025-09-15,C00505,P0035,1,18375.83,0.15,Debit Card,Delivered,7,2,Marketplace
O003449,1,2025-05-08,C01870,P0093,1,23377.14,0.25,Cash on Delivery,Delivered,5,4,APP
O004871,2,2026-05-15,C01622,P0026,2,14355.76,0.05,,Delivered,4,3,APP
O001460,1,2025-09-20,C01299,P0098,1,12815.83,0.1,UPI,Cancelled,,,APP
O002377,1,2025-03-30,C01228,P0047,1,29176.97,0,Cash on Delivery,Delivered,4,4,App
O002874,1,2026-08-18,C01402,P0085,1,10106.22,0.05,,Delivered,3,5,App
O005554,1,2025-05-11,C01164,P0037,2,18268.56,0.25,COD,Delivered,4,3,web
O003553,1,2025-04-14,C00742,P0014,1,5582.12,0.15,COD,Delivered,2,5,Web
O001462,1,2025-04-01,C00551,P0034,1,8240.02,0.2,credit card,Delivered,6,3,Web
O002942,3,2026-06-19,C01339,P0062,1,18255.19,0.05,credit card,Delivered,4,3,web
O003537,2,2025-03-05,C01354,P0006,1,21083.07,0.5,credit card,Delivered,6,2,App
O004742,1,2026-08-07,C01200,P0056,1,10646.99,0.2,COD,Delivered,6,2,web
O001715,2,2025-05-05,C01535,P0056,2,10429.22,0.25,upi,Delivered,5,,Marketplace
O003528,2,2026-08-17,C01833,P0068,1,9494.46,0,Credit Card,Delivered,6,3,App
O000914,3,2026-08-05,C00741,P0034,3,8313.85,0.15,credit card,Delivered,4,4,APP
O006228,1,2025-03-09,C01466,P0054,2,13379.5,0.15,Debit Card,Delivered,3,4,web
O005028,1,2025-12-14,C01847,P0060,2,17271.1,0.05,Cash on Delivery,Delivered,5,3,Marketplace
O004450,3,2025-02-26,C00030,P0051,1,4051.26,0.1,upi,Delivered,3,4,web
O006289,1,2025-08-17,C00165,P0138,1,1006.51,0.15,Wallet,Delivered,4,3,App
O002986,1,2025-05-18,C00267,P0119,1,19586.38,0.15,Credit Card,Delivered,5,3,Web
O003708,1,2025-05-02,C01101,P0024,1,20647.43,0.05,UPI,Delivered,4,3,Web
O000996,1,2026-06-28,C00729,P0004,1,19229.09,0.05,Cash on Delivery,Delivered,5,3,Marketplace
O001192,2,2026-01-04,C00320,P0082,1,15146.6,0.15,COD,Delivered,9,,APP
O005170,1,2025-11-10,C01757,P0129,1,14648.8,0.1,upi,Delivered,6,2,Web
O001464,4,2026-05-19,C00074,P0094,2,6249.93,0.3,Cash on Delivery,Delivered,3,4,Marketplace
O001943,1,2026-01-01,C00948,P0043,1,16566.38,0.2,Cash on Delivery,Delivered,5,3,Web
O001408,1,2026-06-04,C00916,P0009,1,14839.65,0.25,Wallet,Delivered,6,,Web
O004437,1,2026-08-05,C00716,P0057,1,4787.81,0,COD,Delivered,5,3,web
O005845,2,2026-08-01,C01785,P0004,1,19311.13,0.1,upi,Delivered,6,2,APP
O000337,1,2025-10-08,C01456,P0138,1,1043.07,0,Debit Card,Delivered,6,2,App
O005766,2,2025-05-01,C01018,P0043,2,16428.84,0.15,COD,Delivered,6,3,Marketplace
O002173,3,2025-09-01,C01757,P0125,2,4477.53,0.05,COD,Delivered,1,4,App
O003093,3,2025-12-05,C01326,P0080,3,21606.35,0.2,Wallet,Delivered,5,2,APP
O000976,1,2025-09-14,C00894,P0059,1,17235.58,0.2,Wallet,Delivered,3,4,App
O003406,1,2025-10-14,C00083,P0121,1,21970.35,0,UPI,Delivered,5,,web
O002337,1,2025-03-31,C00185,P0059,1,17180.86,0.1,Cash on Delivery,Delivered,5,2,Marketplace
O001858,2,2025-07-10,C01724,P0084,1,16460.22,0.1,Debit Card,Delivered,5,3,Web
O006280,1,2025-12-12,C00370,P0094,1,6166.16,0.15,upi,Cancelled,,,web
O000225,1,2026-05-01,C00410,P0066,1,22394.54,0.15,upi,Delivered,4,4,Web
O005787,1,2026-02-08,C01210,P0122,1,1163.11,0.2,credit card,Returned,4,3,Web
O005843,1,2025-09-12,C00854,P0053,2,7713.24,0.2,Debit Card,Cancelled,,,APP
O001113,1,2025-06-07,C01660,P0032,2,20001.77,0.05,Credit Card,Cancelled,,,App
O004832,3,2025-01-30,C01086,P0054,1,13294.57,0.3,upi,Delivered,4,4,Web
O004579,3,2025-05-20,C00734,P0001,1,8965.85,0.2,Credit Card,Delivered,4,4,App
O003650,2,2025-03-23,C01563,P0020,2,26586.58,0.25,,Delivered,4,3,APP
O000687,1,2026-01-04,C00839,P0062,1,18732.98,0.1,Cash on Delivery,Delivered,6,,APP
O003613,3,2026-02-11,C00758,P0013,1,5562.99,0.15,upi,Delivered,5,3,Marketplace
O002381,1,2025-08-24,C00693,P0006,1,20881.17,0.05,Debit Card,Delivered,6,2,Web
O002756,2,2025-02-22,C00101,P0024,1,20700.75,0.05,upi,Delivered,5,3,web
O002661,1,2025-12-22,C01353,P0143,2,3922.5,0.15,COD,Delivered,7,2,APP
O001730,1,2025-11-08,C01231,P0046,2,4016.05,0.1,Wallet,Delivered,,,Web
O001126,1,2026-01-19,C00130,P0094,2,6186.47,0,COD,Delivered,4,4,web
O003009,1,2025-01-21,C00809,P0131,1,19055.66,0,Wallet,Delivered,3,4,web
O006424,1,2025-01-14,C01265,P0024,1,20671.42,0.2,COD,Delivered,5,3,Marketplace
O000710,3,2025-03-19,C01691,P0020,2,25018.09,0.1,credit card,Delivered,8,,App
O001711,1,2025-01-25,C00385,P0107,1,23924.52,0.05,Cash on Delivery,Delivered,7,3,App
O004717,1,2025-10-16,C01519,P0088,1,24948.28,0.25,Credit Card,Delivered,4,4,web
O000350,2,2025-09-27,C01663,P0083,4,5667.14,0.25,UPI,Delivered,6,3,App
O001276,1,2025-05-03,C01722,P0071,1,10941.21,0.2,COD,Delivered,5,2,web
O005315,1,2025-03-26,C00563,P0060,1,17461.06,0,credit card,Delivered,3,5,Marketplace
O004309,1,2025-03-20,C00049,P0071,2,11077.56,0.05,Wallet,Cancelled,,,APP
O004742,3,2026-08-07,C01200,P0058,1,12612.17,0.15,COD,Delivered,6,2,web
O006152,2,2026-04-02,C01487,P0030,2,14948.82,0.5,Cash on Delivery,Delivered,3,4,App
O003770,2,2026-03-09,C00865,P0072,2,12610.83,0,Cash on Delivery,Delivered,4,3,Web
O002978,2,2026-05-06,C00980,P0050,2,17518.87,0.05,COD,Delivered,6,3,App
O003611,1,2025-03-14,C01221,P0040,1,13215.94,0,Wallet,Delivered,5,3,APP
O002445,2,2025-07-19,C01557,P0073,2,9254.27,0.2,Credit Card,Delivered,6,2,Web
O002369,2,2026-02-21,C01903,P0129,1,15188.66,0,Debit Card,Delivered,5,2,Web
O003563,3,2026-08-22,C00877,P0046,1,4000.72,0.15,Wallet,Delivered,6,2,App
O005990,2,2025-08-11,C01671,P0091,1,243.29,0.1,COD,Delivered,4,4,Marketplace
O004317,2,2026-07-07,C01139,P0054,2,12432.2,0.25,upi,Delivered,4,4,web
O005076,1,2025-07-01,C00586,P0016,1,20565.86,0.1,Credit Card,Delivered,5,4,Marketplace
O000134,2,2025-01-01,C00088,P0114,2,1209.85,0.1,Credit Card,Delivered,1,5,Marketplace
O006283,1,2026-02-14,C01579,P0071,1,10750.13,0.1,Credit Card,Returned,4,4,Web
O004219,1,2025-11-20,C00325,P0109,1,14776.28,0.1,UPI,Delivered,5,,web
O005374,2,2025-02-11,C00566,P0093,2,24046.3,0.2,Cash on Delivery,Delivered,4,3,App
O003105,2,2025-08-13,C01635,P0028,1,8601.48,0.1,UPI,Delivered,4,4,APP
O000722,1,2025-09-15,C01151,P0045,1,27653.34,0.3,Wallet,Delivered,6,2,web
O002196,1,2026-05-24,C01130,P0041,5,21105.06,0.1,credit card,Delivered,3,4,web
O000098,1,2025-07-07,C01447,P0137,2,4537.01,0.05,Wallet,Delivered,5,3,web
O003489,1,2026-07-18,C01393,P0002,1,10514.57,0.05,Cash on Delivery,Cancelled,,,Marketplace
O005605,2,2026-02-15,C00442,P0010,2,22822.96,0.05,Wallet,Delivered,7,,App
O006037,1,2026-04-21,C00866,P0094,2,6196.99,0.5,Wallet,Delivered,5,3,APP
O002867,2,2025-05-18,C01833,P0063,2,16770.12,0,Credit Card,Delivered,4,3,APP
O001344,1,2026-01-15,C01777,P0042,1,6686.86,0.1,Debit Card,Delivered,6,,web
O003126,2,2025-09-26,C00652,P0089,1,17772.54,0.15,Cash on Delivery,Delivered,3,3,App
O002306,1,2025-07-05,C00979,P0068,1,9250.52,0,Credit Card,Delivered,4,4,Marketplace
O006367,2,2025-09-11,C01242,P0054,1,12562.04,0.15,Credit Card,Delivered,3,4,App
O004278,1,2025-06-24,C00681,P0033,1,647.39,0.1,Wallet,Delivered,6,3,APP
O003332,1,2025-07-24,C01824,P0116,1,11544.45,0.2,Wallet,Delivered,6,2,Web
O000671,2,2026-04-25,C00939,P0129,2,14515.69,0.15,UPI,Delivered,5,3,web
O004043,1,2026-04-05,C00860,P0080,1,23236.78,0.15,Wallet,Delivered,1,5,Web
O005287,1,2025-08-20,C00450,P0054,1,12666.71,0.2,Wallet,Delivered,4,3,Marketplace
O004636,2,2026-05-04,C00963,P0064,2,4525.81,0.05,Credit Card,Delivered,5,3,App
O005502,3,2025-01-14,C00873,P0050,1,18505.9,0.1,upi,Delivered,2,4,APP
O006197,3,2025-10-03,C01902,P0082,1,14703.03,0.1,upi,Delivered,3,4,Web
O001407,2,2026-08-26,C01756,P0116,3,12387.1,0.1,Debit Card,Delivered,2,4,web
O002868,1,2025-06-20,C00909,P0035,1,18296.2,0,,Delivered,7,3,APP
O001859,2,2025-10-14,C01980,P0050,2,17607.49,0.2,Debit Card,Delivered,5,3,Web
O000090,1,2026-06-28,C01684,P0141,1,12500.68,0.2,Credit Card,Delivered,7,3,APP
O001196,1,2026-03-16,C00253,P0049,1,1450.36,0.15,Wallet,Delivered,4,3,App
O003268,1,2026-07-04,C00084,P0116,1,11694.19,0.05,Credit Card,Delivered,2,4,web
O003158,1,2026-08-23,C00400,P0114,3,1237.77,0,UPI,Delivered,3,3,Web
O006384,2,2025-02-07,C00362,P0044,1,13955.17,0.25,Credit Card,Delivered,4,4,web
O002516,1,2025-07-02,C00905,P0026,1,13695.0,0.2,UPI,Delivered,5,3,Marketplace
O000223,1,2025-03-11,C01761,P0103,2,27952.79,0.15,credit card,Delivered,3,3,Web
O003556,1,2025-08-25,C00852,P0040,2,13329.37,0,upi,Delivered,7,2,APP
O001909,1,2025-09-01,C00012,P0144,1,8295.8,0,Cash on Delivery,Delivered,,,Marketplace
O000693,1,2026-02-21,C00373,P0095,4,15239.75,0.2,credit card,Delivered,6,3,APP
O000044,2,2026-02-13,C01258,P0095,1,15840.18,0.2,Debit Card,Delivered,5,3,Marketplace
O003214,3,2025-01-24,C00988,P0066,1,22880.34,0.2,UPI,Delivered,6,3,APP
O000887,1,2026-08-20,C01136,P0095,1,15747.32,0.15,Wallet,Delivered,5,2,web
O001342,1,2025-06-03,C00601,P0087,5,6858.83,0.1,Wallet,Returned,4,4,Web
O000298,3,2025-02-01,C00917,P0034,1,8347.54,0.1,Wallet,Delivered,5,,APP
O001795,2,2025-08-21,C00051,P0070,1,4184.14,0.05,Credit Card,Delivered,3,4,Web
O004100,2,2025-08-22,C01701,P0053,1,7410.69,0,UPI,Delivered,6,2,App
O005071,1,2025-12-08,C00194,P0106,1,2462.9,0.05,Wallet,Delivered,4,3,Marketplace
O002269,3,2025-04-22,C01888,P0071,1,11238.81,0.5,credit card,Delivered,6,2,Web
O005300,1,2025-05-20,C00212,P0008,1,22097.56,0.5,Debit Card,Delivered,4,3,APP
O000706,1,2026-01-11,C00969,P0046,1,4007.88,0,credit card,Delivered,3,4,Marketplace
O001579,2,2025-04-27,C00369,P0104,1,5111.11,0.1,Credit Card,Delivered,5,2,web
O005881,2,2025-03-30,C00517,P0068,2,9342.74,0.1,Wallet,Delivered,5,3,Web
O006166,3,2025-01-09,C00815,P0035,1,18263.62,0,upi,Cancelled,,,Marketplace
O000890,2,2026-02-05,C01476,P0047,3,27498.89,0.5,COD,Delivered,4,4,Web
O002921,2,2025-03-05,C00479,P0017,1,3133.12,0,COD,Delivered,2,4,App
O001036,2,2026-05-23,C01593,P0004,1,17961.0,0.25,UPI,Delivered,6,3,App
O004221,1,2025-02-07,C00264,P0017,2,3206.82,0.05,COD,Delivered,4,3,Web
O000744,1,2026-01-17,C00047,P0108,2,21077.03,0,upi,Delivered,6,3,Marketplace
O003392,1,2026-08-08,C00776,P0140,1,13197.76,0.1,upi,Delivered,3,4,App
O003570,2,2025-09-02,C00598,P0063,1,17384.95,0.05,Credit Card,Delivered,4,3,App
O001961,2,2025-04-13,C00625,P0078,1,25644.22,0.3,COD,Delivered,1,5,Marketplace
O003317,1,2025-02-21,C00836,P0033,4,620.31,0.1,Cash on Delivery,Delivered,3,4,App
O001647,1,2025-11-21,C01988,P0071,4,11504.51,0.25,UPI,Delivered,5,3,APP
O003976,1,2025-10-20,C01509,P0047,1,28448.16,0.1,Cash on Delivery,Delivered,4,3,Web
O000762,1,2025-08-15,C00401,P0127,1,14162.02,0.15,COD,Delivered,7,3,Web
O003080,2,2026-01-19,C00435,P0126,1,1989.7,0.2,Wallet,Delivered,6,3,web
O002366,3,2025-04-15,C00337,P0097,1,3479.94,0.05,Debit Card,Delivered,6,3,web
O001147,1,2026-06-18,C01919,P0040,1,12767.91,0.25,Wallet,Delivered,3,4,Marketplace
O001097,2,2026-08-29,C01209,P0106,4,2596.8,0.2,Credit Card,Delivered,1,5,App
O004762,1,2026-04-11,C00150,P0120,2,13405.23,0.05,COD,Cancelled,,,Marketplace
O004336,1,2026-03-07,C01612,P0045,1,29453.55,0,Cash on Delivery,Delivered,4,4,web
O002675,3,2026-06-20,C00044,P0138,2,1018.56,0.25,credit card,Delivered,4,3,Web
O000705,3,2026-05-05,C01171,P0035,2,18265.97,0.05,UPI,Delivered,2,5,App
O003396,1,2026-08-09,C01894,P0115,2,4633.2,0,COD,Delivered,1,5,Marketplace
O000816,2,2025-05-20,C01341,P0114,2,1248.69,0.15,Cash on Delivery,Delivered,3,4,Web
O002931,2,2025-09-21,C00600,P0086,1,3713.11,0,Cash on Delivery,Cancelled,,,Marketplace
O003442,2,2026-07-23,C01994,P0036,1,19004.1,0,credit card,Delivered,7,2,Marketplace
O004850,2,2025-08-18,C00089,P0055,1,9589.1,0.05,Wallet,Delivered,4,3,Web
O001297,3,2025-08-11,C00380,P0110,1,8571.66,0.1,Credit Card,Delivered,5,2,Web
O005619,3,2025-10-19,C00480,P0110,2,8205.98,0,Wallet,Delivered,2,5,web
O003817,2,2026-03-18,C01368,P0123,1,8973.95,0.1,COD,Delivered,4,4,Marketplace
O004571,1,2025-07-06,C01648,P0031,2,21720.01,0.2,Cash on Delivery,Delivered,3,4,Web
O002129,1,2025-10-05,C00115,P0047,2,29009.26,0,Wallet,Delivered,,,Web
O002303,3,2026-04-30,C00276,P0021,1,22380.23,0.15,Wallet,Delivered,8,2,Marketplace
O004175,1,2025-04-20,C00806,P0062,2,18828.6,0.3,Credit Card,Returned,6,3,Marketplace
O003091,2,2025-02-10,C00070,P0113,1,3071.8,0.3,COD,Delivered,4,3,Web
O003905,1,2025-07-06,C00842,P0039,3,12727.32,0.1,Cash on Delivery,Delivered,7,2,Web
O000655,1,2025-12-18,C00584,P0028,1,8614.62,0.05,Debit Card,Delivered,7,2,web
O003031,3,2026-08-19,C00045,P0044,1,13208.35,0,Debit Card,Delivered,3,4,Web
O003991,1,2025-12-05,C01289,P0123,1,9451.23,0.3,Debit Card,Delivered,3,,Web
O005591,2,2026-01-22,C01537,P0143,1,4098.13,0.5,upi,Delivered,6,3,Marketplace
O002069,1,2025-07-07,C00199,P0141,1,13061.24,0,Wallet,Delivered,3,4,Marketplace
O000079,1,2025-03-17,C00962,P0056,1,10471.28,0.15,UPI,Delivered,4,4,APP
O002762,1,2025-01-17,C00127,P0080,2,21917.85,0.65,upi,Delivered,4,4,Web
O003412,3,2026-08-27,C01230,P0083,4,5612.55,0.1,upi,Delivered,5,4,APP
O005647,1,2026-08-19,C00551,P0077,1,10959.33,0.05,Cash on Delivery,Delivered,2,5,Web
O000377,2,2025-12-12,C00343,P0036,1,18416.07,0.05,Credit Card,Returned,4,4,web
O001154,1,2025-12-24,C00133,P0105,1,24761.22,0.1,Debit Card,Delivered,4,,APP
O003569,1,2026-03-04,C01764,P0127,5,14274.64,0.05,COD,Delivered,4,4,web
O003603,1,2026-04-02,C00874,P0105,1,25296.63,0.2,UPI,Delivered,5,4,Marketplace
O000282,1,2025-10-21,C01127,P0137,3,4746.75,0.1,Debit Card,Delivered,3,5,web
O004884,2,2025-12-23,C01907,P0006,3,20069.58,0.05,Credit Card,Delivered,3,3,Web
O001032,1,2025-12-02,C01375,P0113,1,3014.25,0.3,UPI,Delivered,6,3,Marketplace
O003176,2,2026-04-19,C01982,P0006,2,21058.91,0.05,upi,Cancelled,,,APP
O003808,2,2026-03-02,C00795,P0069,1,11465.5,0.1,Debit Card,Delivered,2,4,Marketplace
O000767,1,2025-01-15,C00276,P0100,2,13836.71,0.1,Cash on Delivery,Returned,5,3,APP
O003039,2,2026-02-08,C00361,P0095,2,16157.99,0.1,Credit Card,Delivered,6,3,Marketplace
O004220,2,2026-06-19,C01357,P0096,2,2913.48,0.15,Debit Card,Delivered,2,5,Marketplace
O003658,2,2025-03-07,C01527,P0121,1,21913.72,0.1,Debit Card,Delivered,2,5,Marketplace
O001861,1,2025-11-11,C01166,P0001,2,9478.07,0.1,UPI,Returned,4,4,web
O000432,2,2025-11-12,C00287,P0008,2,22848.1,0.3,credit card,Delivered,4,3,web
O002816,1,2026-05-20,C00733,P0041,2,21165.02,0,COD,Delivered,4,4,web
O005289,1,2025-09-19,C00361,P0006,1,20389.74,0.1,Wallet,Delivered,6,2,web
O005434,1,2025-07-23,C01426,P0075,2,10575.62,0.1,Wallet,Delivered,4,4,web
O005892,3,2025-08-13,C00759,P0010,1,22917.2,0.15,COD,Delivered,3,4,APP
O002037,1,2025-09-03,C01663,P0016,5,21058.09,0.1,credit card,Delivered,5,3,Web
O004007,1,2025-09-29,C00279,P0011,1,17221.74,0.1,credit card,Delivered,1,5,Web
O006171,1,2026-02-27,C01723,P0120,1,12398.34,0.1,Debit Card,Cancelled,,,Marketplace
O001267,1,2026-06-15,C01076,P0038,1,340.37,0.05,credit card,Delivered,3,,App
O000582,2,2025-05-13,C00718,P0091,1,253.12,0.15,Credit Card,Delivered,5,3,App
O002545,1,2025-06-07,C01256,P0052,2,19534.42,0,Wallet,Delivered,6,,APP
O003573,2,2026-04-24,C00707,P0129,2,14884.41,0.1,credit card,Delivered,5,2,APP
O000862,3,2025-06-09,C01562,P0079,2,7470.75,0.3,credit card,Delivered,3,4,Web
O000363,1,2026-02-08,C00890,P0105,1,25106.22,0.25,credit card,Delivered,4,4,Web
O000432,1,2025-11-12,C00287,P0092,1,4129.48,0.1,credit card,Delivered,4,3,web
O002766,1,2025-06-18,C01709,P0057,1,4735.49,0.15,upi,Delivered,6,2,APP
O002468,2,2025-08-11,C00370,P0136,1,14094.56,0,Wallet,Delivered,7,2,Web
O001151,2,2025-11-07,C01188,P0030,1,14043.98,0.25,Cash on Delivery,Delivered,6,3,web
O004158,1,2025-04-02,C00738,P0081,3,22242.07,0.05,COD,Delivered,4,,web
O005379,1,2025-03-24,C00423,P0130,4,16928.11,0.05,Debit Card,Delivered,4,4,Marketplace
O003195,1,2025-10-12,C01657,P0038,1,342.28,0.1,Cash on Delivery,Delivered,5,3,web
O001379,1,2025-05-11,C01275,P0047,1,28314.14,0.05,Credit Card,Delivered,7,1,web
O001143,1,2025-01-18,C01903,P0092,1,4187.47,0.2,credit card,Delivered,5,,APP
O000006,1,2026-03-27,C01889,P0091,2,252.5,0,Cash on Delivery,Delivered,5,3,web
O005165,3,2025-10-29,C01082,P0057,1,4618.2,0.5,Credit Card,Delivered,5,3,App
O005717,2,2025-06-20,C01117,P0026,1,13724.21,0.1,COD,Delivered,3,4,App
O003581,1,2026-03-07,C00637,P0043,2,15638.69,0.2,UPI,Cancelled,,,App
O002373,2,2026-03-05,C00937,P0126,1,1994.81,0.05,UPI,Delivered,5,3,web
O002103,2,2025-07-13,C01268,P0067,1,11354.4,0.15,Cash on Delivery,Delivered,4,4,Web
O002643,2,2026-08-11,C00420,P0143,1,4197.31,0.05,upi,Delivered,,,Marketplace
O002512,2,2025-07-20,C01959,P0024,3,20144.0,0.3,Credit Card,Delivered,5,,web
O003111,1,2026-03-31,C01893,P0041,3,21265.6,0.25,UPI,Delivered,,,web
O004067,1,2025-06-20,C00926,P0119,1,19894.74,0.2,Wallet,Delivered,5,4,App
O000241,1,2025-01-27,C01824,P0002,3,10386.77,0.05,upi,Delivered,3,4,web
O002787,1,2026-06-30,C00431,P0143,3,4244.89,0.1,credit card,Delivered,4,3,Web
O000247,4,2025-12-28,C01494,P0106,1,2597.2,0.1,Cash on Delivery,Delivered,4,4,APP
O003365,1,2026-06-12,C00481,P0044,1,13318.5,0.2,COD,Delivered,4,4,App
O003424,1,2026-03-28,C01129,P0069,1,12009.54,0.15,UPI,Delivered,3,4,App
O003977,2,2025-01-29,C00629,P0094,1,6091.62,0.05,Debit Card,Delivered,4,,Web
O003470,3,2026-03-12,C01805,P0133,1,3899.49,0.1,Cash on Delivery,Delivered,6,3,Marketplace
O006468,2,2026-05-28,C00921,P0030,1,14243.15,0.05,Credit Card,Delivered,6,2,App
O003521,1,2026-05-14,C00834,P0143,1,3940.81,0.1,Cash on Delivery,Delivered,6,3,Marketplace
O003197,1,2025-12-13,C01511,P0071,3,10945.61,0,upi,Delivered,3,4,Web
O002049,1,2026-05-07,C01111,P0080,1,22478.04,0.05,COD,Delivered,5,2,App
O003927,4,2025-03-23,C01345,P0131,2,18669.24,0.15,Cash on Delivery,Delivered,5,3,App
O003253,2,2026-08-01,C00149,P0076,1,26018.93,0.15,Credit Card,Delivered,4,4,Marketplace
O000828,1,2025-01-12,C01735,P0100,1,14167.33,0.15,Cash on Delivery,Delivered,3,4,Web
O001887,2,2026-02-26,C01075,P0072,1,12556.58,0.25,credit card,Delivered,5,3,web
O004172,1,2025-08-20,C00576,P0090,1,4869.39,0.1,credit card,Delivered,7,2,Web
O004411,1,2025-05-29,C00913,P0020,1,25411.03,0.15,Wallet,Delivered,4,4,Web
O001512,2,2026-02-04,C01235,P0036,1,18820.9,0.05,upi,Delivered,4,3,Web
O002544,1,2025-10-02,C00491,P0104,3,4918.08,0.1,Wallet,Delivered,6,2,App
O005955,1,2025-11-25,C01913,P0002,1,10838.27,0,Cash on Delivery,Delivered,3,4,Web
O004792,1,2025-08-02,C00166,P0016,1,20961.3,0.05,Wallet,Returned,,,web
O002488,1,2026-07-25,C01117,P0134,5,18608.78,0.25,Credit Card,Delivered,4,4,Marketplace
O005327,1,2026-05-31,C00529,P0009,1,14944.63,0.1,Cash on Delivery,Delivered,3,5,App
O005870,2,2025-12-16,C01351,P0022,2,5221.04,0.15,Debit Card,Returned,6,3,APP
O003027,2,2026-01-20,C00171,P0123,1,8955.32,0.05,COD,Returned,5,3,Marketplace
O002356,1,2025-11-05,C01381,P0098,2,12368.53,0.2,Credit Card,Returned,4,4,App
O005022,2,2026-05-09,C00593,P0068,2,9346.12,0.05,Cash on Delivery,Delivered,3,4,APP
O005083,1,2025-10-22,C00053,P0035,3,18071.36,0.15,Debit Card,Delivered,7,,web
O003133,3,2025-11-05,C00969,P0044,2,12996.13,0.1,Credit Card,Delivered,4,4,web
O001734,1,2026-05-05,C01236,P0051,1,4044.75,0.2,credit card,Delivered,2,4,Marketplace
O000892,4,2026-06-13,C01451,P0035,1,17370.29,0.1,Cash on Delivery,Delivered,6,3,web
O001398,2,2025-03-08,C00029,P0063,1,17571.74,0.2,Debit Card,Delivered,3,4,App
O000331,3,2026-03-07,C01017,P0011,1,16617.83,0.15,credit card,Delivered,1,5,Marketplace
O000153,2,2025-02-27,C00007,P0121,1,21267.96,0.1,Cash on Delivery,Delivered,6,3,APP
O004819,3,2025-09-05,C00141,P0142,1,11696.25,0.15,Wallet,Delivered,6,3,Web
O002107,2,2025-12-11,C01778,P0035,1,17837.32,0.15,upi,Delivered,5,3,Web
O002442,1,2025-03-11,C01641,P0135,3,3410.39,0.1,Wallet,Returned,4,3,Marketplace
O005965,2,2026-01-05,C01283,P0141,1,0,0.15,credit card,Delivered,5,2,Marketplace
O006074,2,2025-01-04,C00910,P0050,1,17840.82,0.2,Debit Card,Delivered,6,3,APP
O001034,1,2026-01-20,C00741,P0001,1,9252.0,0.1,UPI,Delivered,1,4,web
O000937,1,2026-04-14,C01918,P0116,1,12195.63,0,Wallet,Delivered,3,4,Marketplace
O001485,1,2025-10-24,C00116,P0071,2,10924.13,0,upi,Cancelled,,,APP
O000903,1,2026-04-07,C01656,P0072,1,12136.8,0.2,Debit Card,Delivered,4,3,Web
O003543,1,2025-09-24,C00619,P0046,1,4088.08,0,Wallet,Delivered,2,4,web
O000772,1,2025-03-18,C00576,P0051,3,4134.67,0.2,Wallet,Cancelled,,,Marketplace
O000185,1,2026-05-01,C01810,P0091,1,248.96,0.15,UPI,Delivered,4,3,APP
O003285,1,2026-07-25,C01035,P0070,2,4077.53,0.15,Cash on Delivery,Cancelled,,,Marketplace
O005755,2,2026-04-01,C01818,P0047,1,29587.32,0,,Delivered,2,4,Web
O005853,2,2026-04-09,C00292,P0018,1,13986.89,0.1,Wallet,Delivered,4,3,web
O001687,1,2025-10-07,C00329,P0104,1,4942.67,0.1,upi,Delivered,4,4,Web
O001065,4,2026-02-11,C01668,P0124,1,14043.14,0.1,credit card,Delivered,3,4,Marketplace
O002270,2,2025-12-15,C01572,P0016,1,21135.36,0.2,,Delivered,6,3,Web
O001084,1,2026-04-25,C00211,P0076,1,25909.68,0.25,,Delivered,6,3,Web
O001409,1,2025-09-23,C01884,P0039,2,11856.37,0.1,Wallet,Delivered,5,3,web
O002464,2,2025-01-09,C00148,P0116,1,11697.69,0.25,COD,Delivered,1,4,App
O002149,2,2026-01-01,C01588,P0054,3,12581.71,0.2,upi,Delivered,5,3,APP
O001772,2,2025-06-10,C00957,P0030,1,14356.97,0,UPI,Delivered,4,3,Web
O002381,3,2025-08-24,C00693,P0113,1,3166.09,0.1,Debit Card,Delivered,6,2,Web
O005953,2,2025-12-12,C01203,P0083,1,5357.06,0.1,Cash on Delivery,Delivered,3,3,APP
O002596,1,2025-05-06,C00965,P0034,1,8260.55,0,COD,Delivered,4,3,Marketplace
O002600,1,2025-05-01,C01403,P0048,1,1014.42,0.25,UPI,Delivered,3,4,APP
O004044,2,2025-02-24,C00152,P0046,2,4193.19,0.15,Debit Card,Delivered,1,5,Web
O003609,3,2026-02-01,C01173,P0130,3,17260.65,0.15,COD,Delivered,4,3,web
O001616,3,2025-01-25,C01342,P0061,5,22822.88,0.3,COD,Delivered,4,4,web
O000348,1,2025-11-11,C00287,P0126,2,2045.1,0,Cash on Delivery,Cancelled,,,App
O000111,2,2026-06-22,C01272,P0112,3,22112.71,0.1,COD,Delivered,4,4,Marketplace
O003866,1,2025-12-23,C01638,P0022,1,5202.95,0.15,Wallet,Delivered,3,3,App
O003570,1,2025-09-02,C00598,P0028,1,8359.61,0.1,Credit Card,Delivered,4,3,App
O004051,1,2025-07-19,C01163,P0074,1,10816.09,0.3,COD,Delivered,3,4,web
O002972,1,2026-06-06,C01601,P0117,1,3480.32,0.15,credit card,Delivered,4,4,web
O000147,2,2025-07-03,C00555,P0143,1,3996.38,0.15,Debit Card,Delivered,3,4,Web
O000659,1,2025-12-05,C01657,P0049,1,1442.46,0.15,Wallet,Delivered,7,2,APP
O005726,2,2025-03-20,C01252,P0017,5,3229.63,0.05,UPI,Delivered,3,4,Marketplace
O004963,2,2025-07-28,C00618,P0127,3,14139.76,0.2,Debit Card,Delivered,4,3,web
O006272,3,2026-07-01,C00280,P0025,1,4098.64,0,Debit Card,Delivered,4,3,APP
O005743,1,2025-12-19,C00614,P0140,1,13482.57,0.05,Wallet,Delivered,4,4,Marketplace
O003461,2,2025-12-09,C01334,P0005,1,5386.49,0,Cash on Delivery,Delivered,7,2,Marketplace
O004109,1,2025-03-18,C00654,P0057,1,4516.34,0.05,UPI,Delivered,4,3,Web
O001709,1,2026-05-16,C01386,P0126,1,2003.46,0.1,Credit Card,Returned,5,3,Web
O003938,1,2026-04-10,C00295,P0137,1,4692.84,0,Cash on Delivery,Delivered,3,4,App
O000643,1,2026-04-28,C01489,P0096,1,2929.42,0,UPI,Delivered,4,3,APP
O003739,2,2026-06-18,C00576,P0129,2,14731.93,0.15,Cash on Delivery,Delivered,4,4,App
O004011,2,2025-09-22,C01317,P0133,5,3671.89,0.2,COD,Delivered,4,3,APP
O003169,3,2026-04-24,C00852,P0081,1,22532.34,0.1,Debit Card,Returned,10,1,Marketplace
O005482,1,2025-10-06,C00020,P0078,1,26413.41,0.1,upi,Delivered,6,,APP
O000037,3,2025-11-25,C00494,P0138,1,979.54,0.1,upi,Delivered,8,2,APP
O005319,2,2025-05-11,C01509,P0101,2,8037.45,0.2,Debit Card,Cancelled,,,Web
O000312,1,2025-08-01,C00293,P0057,1,4737.34,0.25,Cash on Delivery,Delivered,5,2,Web
O001368,1,2026-07-26,C00212,P0048,1,975.36,0.15,COD,Delivered,3,3,Web
O000542,1,2026-04-19,C00932,P0019,4,24938.26,0.1,Debit Card,Delivered,5,3,Marketplace
O003397,2,2025-04-25,C01057,P0080,1,21964.11,0.15,COD,Returned,4,3,App
O004975,1,2026-07-09,C00314,P0111,2,1928.01,0.1,Credit Card,Delivered,2,4,Marketplace
O000133,1,2026-03-22,C01113,P0029,1,5061.61,0.2,Wallet,Delivered,5,3,web
O003247,2,2025-08-31,C01696,P0083,1,5581.5,0.1,credit card,Delivered,2,4,APP
O003021,1,2025-09-12,C00733,P0011,5,17088.75,0.05,Credit Card,Delivered,4,3,App
O002735,2,2025-06-10,C01001,P0014,1,5867.69,0.15,Debit Card,Delivered,5,3,web
O005523,1,2026-08-20,C01272,P0079,1,7723.45,0.25,Debit Card,Delivered,7,2,web
O005025,1,2026-07-15,C01569,P0012,1,8007.02,0.05,Wallet,Delivered,6,2,APP
O000076,3,2025-05-15,C01894,P0003,3,19412.77,0,upi,Delivered,3,3,App
O005123,1,2025-05-28,C00758,P0137,1,4845.93,0.1,UPI,Delivered,6,2,APP
O000754,2,2025-08-26,C00734,P0027,1,20280.65,0.15,Cash on Delivery,Delivered,5,2,Marketplace
O006418,3,2025-08-04,C00247,P0034,1,8173.09,0.05,COD,Delivered,5,4,Web
O003467,3,2025-11-04,C00353,P0023,1,25904.1,0,Wallet,Delivered,6,2,Web
O004592,2,2026-04-28,C00733,P0054,1,13153.21,0.05,COD,Delivered,4,3,Marketplace
O006470,3,2026-06-18,C01615,P0002,1,10968.3,0,Debit Card,Delivered,6,3,web
O003675,1,2026-01-26,C01338,P0015,1,22760.29,0,UPI,Delivered,,,App
O004565,1,2025-05-01,C00363,P0104,1,5121.15,0.1,Debit Card,Delivered,5,4,web
O000141,2,2025-01-21,C00832,P0095,1,15839.88,0.3,Wallet,Returned,5,4,web
O004974,2,2026-05-09,C01011,P0101,2,8256.38,0.25,Wallet,Delivered,4,4,App
O005248,1,2025-06-02,C01457,P0021,1,22789.82,0.25,Wallet,Delivered,7,2,App
O000809,3,2026-06-16,C00667,P0081,1,22631.45,0,Debit Card,Delivered,3,,Web
O003207,1,2026-05-19,C01504,P0024,1,20856.14,0,COD,Delivered,3,4,Web
O006196,1,2026-03-07,C00755,P0050,2,17115.4,0,credit card,Delivered,6,3,APP
O005988,1,2025-10-31,C01573,P0062,1,19020.45,0.05,Wallet,Delivered,4,3,Web
O004896,2,2025-04-25,C01299,P0067,1,10749.9,0.15,Wallet,Delivered,8,2,Marketplace
O002924,2,2026-05-04,C00803,P0022,1,5168.76,0,Wallet,Delivered,1,5,Web
O000534,1,2025-06-21,C00983,P0112,4,21521.15,0.2,UPI,Delivered,3,4,Marketplace
O006454,1,2025-03-03,C01338,P0036,1,19038.44,0.1,Cash on Delivery,Delivered,3,4,web
O004859,2,2025-03-09,C00340,P0008,1,22688.44,0.25,Wallet,Delivered,5,3,App
O000040,2,2025-07-09,C00472,P0112,1,22000.06,0.2,UPI,Delivered,4,4,App
O002632,3,2026-04-26,C01975,P0058,3,12955.6,0.1,Cash on Delivery,Delivered,5,2,web
O003457,1,2026-05-22,C01503,P0058,3,13429.59,0.3,Credit Card,Delivered,7,3,Web
O005877,1,2025-03-11,C01833,P0097,1,3562.36,0.2,COD,Delivered,6,2,Marketplace
O005732,1,2026-05-18,C00851,P0113,3,2963.41,0.1,COD,Delivered,4,4,App
O000093,1,2026-01-01,C01670,P0095,1,16153.54,0,Wallet,Delivered,3,,Marketplace
O004178,3,2026-08-11,C00877,P0061,1,21594.78,0.15,Cash on Delivery,Delivered,4,3,APP
O001399,3,2025-06-27,C00893,P0131,2,17874.0,0.5,UPI,Delivered,3,3,App
O004933,2,2026-02-16,C00717,P0087,2,6368.19,0.05,upi,Delivered,4,3,web
O004052,2,2025-12-01,C00011,P0041,3,20655.82,0.15,UPI,Cancelled,,,web
O003844,2,2026-03-28,C01533,P0066,1,21708.06,0.05,Debit Card,Delivered,3,5,Marketplace
O003726,1,2025-05-22,C00343,P0054,1,13309.07,0.2,COD,Delivered,4,4,Marketplace
O004616,2,2026-06-29,C00042,P0096,1,2987.54,0.15,UPI,Delivered,8,2,Marketplace
O005593,2,2026-07-16,C01593,P0112,1,21791.71,0.05,Cash on Delivery,Delivered,1,5,APP
O004749,1,2025-02-09,C01063,P0013,1,5483.43,0,COD,Delivered,5,3,Web
O000824,1,2025-06-23,C01933,P0077,1,10721.04,0.2,upi,Delivered,3,4,Marketplace
O003078,1,2025-03-03,C01635,P0076,2,27221.33,0.15,Wallet,Delivered,5,3,Marketplace
O005938,1,2026-04-07,C00491,P0011,1,16428.05,0.25,COD,Delivered,1,5,Marketplace
O002241,2,2026-01-25,C01171,P0074,2,10935.01,0.15,UPI,Delivered,4,4,APP
O000978,2,2026-03-14,C01834,P0094,2,6236.2,0.15,Cash on Delivery,Delivered,4,3,Marketplace
O005343,1,2026-08-18,C01475,P0073,1,8878.51,0.1,Wallet,Cancelled,,,Marketplace
O003853,2,2025-07-01,C00443,P0063,1,16690.66,0.2,upi,Delivered,6,3,App
O004481,3,2025-11-14,C01501,P0054,3,12975.04,0.15,COD,Returned,5,3,Web
O004787,1,2026-03-28,C01796,P0097,1,3395.86,0.15,Cash on Delivery,Delivered,4,3,APP
O003066,1,2026-05-23,C00530,P0138,1,992.57,0.1,Credit Card,Delivered,4,3,App
O003509,1,2025-07-26,C01807,P0144,1,8414.0,0.2,Cash on Delivery,Delivered,6,3,Web
O003133,1,2025-11-05,C00969,P0039,1,12079.67,0.05,Credit Card,Delivered,4,4,web
O003587,2,2026-04-17,C00866,P0082,1,15772.8,0.3,Cash on Delivery,Delivered,6,3,APP
O001546,1,2026-07-20,C01619,P0117,2,3486.95,0.15,Debit Card,Delivered,1,4,Marketplace
O001323,2,2026-06-20,C00091,P0122,2,1213.11,0,Debit Card,Returned,5,3,Marketplace
O003497,1,2025-01-10,C00872,P0042,1,6984.57,0.2,credit card,Delivered,3,4,APP
O003038,1,2025-01-04,C00405,P0075,1,10474.87,0,Wallet,Delivered,4,3,Marketplace
O002202,2,2025-08-17,C01683,P0048,1,1010.34,0,Cash on Delivery,Returned,4,4,web
O006341,2,2026-08-22,C01608,P0088,3,24757.43,0.1,COD,Delivered,4,3,APP
O003591,1,2025-08-27,C01381,P0040,1,12925.51,0.2,Debit Card,Delivered,3,4,App
O006186,1,2025-02-08,C01351,P0129,1,14888.13,0.1,Wallet,Delivered,5,3,web
O000478,2,2025-09-06,C00018,P0012,2,7924.55,0,Wallet,Cancelled,,,Marketplace
O003576,2,2026-04-12,C00946,P0083,2,5658.73,0.25,Cash on Delivery,Delivered,6,3,web
O004333,1,2025-08-27,C00229,P0099,2,19411.56,0.25,credit card,Delivered,4,4,web
O004408,1,2025-11-21,C01324,P0040,2,12870.27,0.1,credit card,Delivered,7,2,App
O002379,1,2025-07-26,C01638,P0108,3,21360.27,0.1,credit card,Delivered,4,4,Web
O006300,1,2025-04-22,C01618,P0009,2,14297.96,0.25,Credit Card,Delivered,3,4,App
O003963,1,2025-05-31,C01359,P0006,3,19885.53,0.1,Credit Card,Delivered,2,4,web
O000585,1,2026-08-12,C01951,P0112,1,21386.08,0.25,Wallet,Returned,2,5,web
O005042,1,2026-06-26,C01281,P0081,1,21863.88,0.1,Credit Card,Delivered,3,3,web
O002357,2,2026-01-18,C01307,P0090,3,4664.0,0.2,Credit Card,Delivered,4,4,App
O001439,1,2025-05-10,C00931,P0040,3,12725.04,0.15,Credit Card,Delivered,5,3,Marketplace
O003225,1,2025-09-19,C01439,P0143,2,4009.13,0.25,Debit Card,Delivered,5,3,Web
O005816,1,2025-01-01,C00734,P0031,1,22091.08,0.65,COD,Delivered,4,4,Web
O006420,1,2026-07-27,C00916,P0143,2,4038.4,0.05,Wallet,Delivered,5,4,APP
O003930,2,2026-04-13,C00265,P0135,2,3355.86,0,Credit Card,Delivered,3,4,APP
O000584,1,2026-04-16,C00620,P0120,1,12948.15,0.15,upi,Delivered,5,2,Web
O004161,2,2026-06-20,C01659,P0141,1,12834.61,0.1,Credit Card,Delivered,4,3,Web
O002963,4,2026-03-18,C01869,P0027,1,19527.11,0,credit card,Delivered,4,4,App
O005515,2,2025-08-25,C00184,P0093,1,24012.81,0.1,Credit Card,Cancelled,,,Web
O001760,1,2026-01-26,C00879,P0101,1,8088.9,0.1,Debit Card,Returned,6,3,Marketplace
O001890,1,2025-03-12,C01706,P0022,1,5355.79,0.1,UPI,Delivered,6,2,web
O000480,1,2025-05-20,C00248,P0047,2,28682.29,0.2,credit card,Delivered,5,4,Web
O000690,1,2025-01-30,C00339,P0134,1,18968.06,0.15,Credit Card,Delivered,4,4,Web
O005063,1,2026-05-26,C00692,P0035,1,17493.84,0.65,Cash on Delivery,Delivered,4,4,Web
O002242,2,2025-03-05,C00357,P0052,3,18539.7,0.15,Wallet,Delivered,5,,Marketplace
O001262,1,2025-03-31,C01051,P0001,1,9266.75,0.15,upi,Delivered,2,4,Web
O006247,2,2025-09-30,C01969,P0009,2,14612.55,0.3,Wallet,Returned,4,3,Marketplace
O004320,2,2025-08-28,C01905,P0019,1,24412.52,0.2,Credit Card,Delivered,4,4,Marketplace
O005715,1,2025-01-05,C00975,P0132,1,19656.91,0.05,COD,Delivered,3,4,Web
O003576,1,2026-04-12,C00946,P0056,1,10618.89,0.1,Cash on Delivery,Delivered,6,3,web
O000272,1,2026-05-26,C00510,P0033,1,625.86,0.05,Debit Card,Delivered,1,5,web
O004486,1,2026-03-13,C00252,P0092,4,4183.11,0,Cash on Delivery,Delivered,3,4,App
O002543,1,2026-07-28,C01440,P0059,1,17414.97,0.05,Wallet,Delivered,1,5,web
O001029,2,2025-12-21,C00282,P0028,4,8581.49,0.15,Credit Card,Delivered,6,3,APP
O000211,1,2025-05-21,C01597,P0028,1,8335.63,0.15,UPI,Delivered,2,4,APP
O005957,2,2025-04-10,C00516,P0137,1,4606.54,0,Cash on Delivery,Delivered,3,5,Marketplace
O003069,1,2026-08-18,C00410,P0062,3,18381.09,0.2,upi,Delivered,3,4,Marketplace
O004117,1,2025-11-03,C00779,P0035,3,17382.76,0.5,credit card,Delivered,5,,web
O004448,1,2025-05-27,C00949,P0106,1,2447.54,0.5,Credit Card,Delivered,6,2,Web
O005442,1,2026-06-17,C00508,P0057,2,4699.33,0.15,credit card,Cancelled,,,web
O004674,3,2025-06-16,C00990,P0017,3,3365.89,0.05,credit card,Delivered,4,3,APP
O003435,1,2026-07-04,C01153,P0016,1,20338.05,0.05,upi,Delivered,1,5,web
O004914,2,2025-09-25,C00324,P0069,1,11451.42,0.1,COD,Delivered,3,3,Web
O003949,1,2026-02-27,C00403,P0039,5,12352.3,0.05,upi,Delivered,4,4,web
O005021,2,2025-05-14,C01492,P0022,1,5397.73,0.3,Debit Card,Delivered,6,2,APP
O001043,1,2025-09-01,C01392,P0136,1,13790.37,0.15,credit card,Delivered,4,4,web
O003834,1,2025-06-11,C00548,P0035,1,18219.45,0,upi,Delivered,5,4,APP
O003724,1,2025-02-20,C01043,P0107,1,24410.61,0.25,upi,Delivered,8,1,App
O005710,2,2026-01-14,C01529,P0028,4,8484.51,0,credit card,Delivered,5,3,App
O004069,1,2026-05-31,C01916,P0082,1,15423.55,0.1,credit card,Delivered,5,4,APP
O003809,3,2025-11-24,C00468,P0012,1,8101.22,0,Credit Card,Delivered,2,4,App
O000563,2,2026-07-11,C00501,P0004,1,17918.13,0,COD,Delivered,2,4,Web
O005288,3,2025-01-23,C01247,P0038,1,320.1,0,Wallet,Delivered,4,4,web
O004344,2,2026-08-30,C00148,P0028,2,8679.1,0.05,UPI,Delivered,8,1,APP
O002413,1,2025-06-10,C01279,P0035,1,17949.69,0.1,Cash on Delivery,Delivered,5,3,Marketplace
O003416,2,2025-03-10,C00092,P0010,2,24182.95,0.05,credit card,Delivered,3,3,web
O003363,1,2025-08-19,C01323,P0030,2,14304.32,0.2,Cash on Delivery,Delivered,5,3,App
O003111,2,2026-03-31,C01893,P0027,4,19618.79,0.15,UPI,Delivered,,,web
O004182,2,2025-02-06,C00239,P0106,4,2588.42,0.15,Credit Card,Delivered,3,5,APP
O003576,3,2026-04-12,C00946,P0089,1,17849.21,0.1,Cash on Delivery,Delivered,6,3,web
O002784,1,2026-07-03,C00910,P0113,1,3154.14,0.1,Cash on Delivery,Delivered,1,5,Marketplace
O003378,2,2025-03-19,C01587,P0105,1,26605.24,0.05,Cash on Delivery,Delivered,,,APP
O005445,1,2025-06-16,C00116,P0037,1,18250.28,0.2,UPI,Delivered,3,5,web
O001317,4,2025-01-31,C00702,P0125,2,4589.73,0.15,COD,Delivered,4,4,Marketplace
O006219,1,2025-09-05,C01638,P0117,1,3433.21,0.15,UPI,Delivered,3,4,Web
O004957,2,2025-04-22,C01356,P0027,2,19919.69,0.2,upi,Delivered,4,,Marketplace
O005392,1,2025-09-13,C00995,P0121,1,21659.59,0.25,upi,Returned,4,4,Marketplace
O003131,2,2025-09-15,C01676,P0046,4,4056.31,0.05,credit card,Delivered,6,2,App
O002607,1,2025-05-21,C01486,P0121,2,22093.59,0.5,Cash on Delivery,Delivered,4,4,web
O002930,1,2025-04-13,C00131,P0084,4,16340.94,0,Debit Card,Delivered,2,4,APP
O003019,2,2026-08-13,C01378,P0072,1,12019.34,0.1,Wallet,Delivered,7,2,Web
O002723,1,2026-01-10,C00392,P0071,1,11365.95,0.25,Cash on Delivery,Delivered,7,3,App
O002741,3,2025-08-28,C01012,P0135,1,3295.49,0.2,credit card,Delivered,4,4,web
O006069,1,2026-04-21,C00554,P0044,2,12963.18,0.15,UPI,Delivered,5,3,App
O006026,1,2026-06-07,C01410,P0141,4,12848.39,0.2,upi,Delivered,4,4,APP
O003444,1,2026-06-04,C01627,P0027,3,19420.05,0.2,COD,Delivered,2,4,App
O002341,1,2025-01-21,C00556,P0106,1,2581.13,0.25,Debit Card,Delivered,4,3,Web
O000190,1,2025-06-01,C01464,P0126,1,2036.72,0.25,Credit Card,Delivered,1,5,App
O000181,1,2026-03-01,C01478,P0008,1,23599.74,0.15,COD,Delivered,3,3,APP
O003294,3,2025-04-22,C00340,P0002,1,10864.59,0.25,UPI,Delivered,7,2,Marketplace
O005526,3,2025-05-03,C00381,P0074,2,11214.38,0.05,Debit Card,Delivered,5,,Marketplace
O000526,1,2025-05-05,C01557,P0083,1,5680.17,0.2,Debit Card,Delivered,6,3,Marketplace
O001254,1,2025-02-09,C01623,P0102,1,16478.78,0.25,Cash on Delivery,Delivered,6,2,APP
O001956,1,2025-01-01,C00316,P0054,2,12985.6,0.3,Debit Card,Delivered,7,3,Web
O001144,1,2025-05-04,C00139,P0114,3,1276.51,0.2,COD,Delivered,6,2,APP
O000448,3,2025-03-24,C01198,P0092,1,3997.36,0.2,upi,Delivered,2,5,App
O004335,1,2026-04-23,C01397,P0107,5,23222.91,0.5,Cash on Delivery,Delivered,6,2,App
O005460,1,2025-05-10,C01626,P0029,4,5062.43,0,Cash on Delivery,Returned,5,4,APP
O000428,2,2025-08-29,C00656,P0004,1,18764.91,0.05,credit card,Cancelled,,,web
O004775,1,2025-11-08,C00002,P0041,3,20837.87,0,credit card,Delivered,4,4,Web
O003116,1,2025-10-25,C00129,P0092,2,4144.2,0.15,Cash on Delivery,Delivered,2,4,APP
O006432,1,2025-10-10,C01235,P0097,1,3462.44,0.15,upi,Delivered,1,5,APP
O005496,1,2026-02-05,C00195,P0013,3,5679.47,0.05,Debit Card,Delivered,6,2,web
O005194,1,2025-12-07,C01108,P0053,1,7662.19,0.15,credit card,Delivered,1,5,APP
O003160,1,2025-11-06,C00285,P0071,1,11480.06,0.65,credit card,Delivered,7,2,Web
O001142,2,2026-05-31,C01660,P0072,2,12705.18,0.2,COD,Delivered,3,4,App
O004389,1,2026-05-12,C00966,P0016,1,19880.69,0.15,credit card,Cancelled,,,Web
O001554,1,2025-05-06,C01953,P0090,1,4746.56,0.5,COD,Delivered,4,3,Marketplace
O001182,1,2025-04-12,C00978,P0068,1,9228.23,0.05,COD,Returned,8,1,App
O005138,2,2025-01-27,C00256,P0040,1,12740.73,0.2,Wallet,Delivered,3,4,web
O002026,2,2025-10-30,C01842,P0012,1,7721.94,0.1,COD,Cancelled,,,APP
O002814,2,2025-08-27,C00199,P0122,1,1221.71,0.15,credit card,Delivered,4,3,web
O003804,2,2025-01-27,C00543,P0121,1,22504.58,0,credit card,Delivered,2,4,Web
O004252,1,2026-08-26,C00304,P0004,1,18780.01,0.2,upi,Delivered,4,4,APP
O003588,2,2026-08-07,C01205,P0069,1,11443.66,0.05,upi,Delivered,5,3,Web
O002105,1,2025-12-03,C01087,P0139,4,3551.0,0.1,UPI,Delivered,4,3,Web
O004616,1,2026-06-29,C00042,P0046,1,4167.92,0,UPI,Delivered,8,2,Marketplace
O002681,1,2025-01-17,C01187,P0080,2,21992.12,0.25,credit card,Delivered,4,4,App
O004710,1,2025-05-20,C00406,P0070,1,4265.82,0,Cash on Delivery,Delivered,3,4,Marketplace
O005975,3,2026-03-18,C00352,P0013,1,5454.49,0.1,COD,Delivered,4,4,web
O006270,1,2025-01-28,C00395,P0057,1,4805.95,0.05,Debit Card,Delivered,6,3,App
O000316,1,2025-11-29,C01056,P0100,2,14187.52,0.1,Wallet,Delivered,3,4,Marketplace
O000277,2,2025-07-29,C01058,P0121,2,22472.24,0,Wallet,Delivered,6,3,Web
O006321,1,2025-12-27,C01642,P0007,1,12013.27,0.1,credit card,Delivered,4,4,web
O002830,1,2025-11-16,C00545,P0130,1,17650.31,0.5,Debit Card,Delivered,5,3,Web
O002749,1,2025-01-17,C01204,P0048,1,944.16,0.2,COD,Delivered,3,4,App
O000656,1,2025-12-04,C00854,P0056,5,10893.11,0,upi,Delivered,7,3,web
O005681,2,2026-02-13,C00505,P0107,2,24153.46,0.2,Credit Card,Delivered,5,2,Marketplace
O004081,1,2025-12-20,C00543,P0128,1,14681.94,0.15,COD,Delivered,6,2,APP
O000681,2,2026-06-15,C00762,P0142,1,11889.82,0.2,upi,Delivered,3,4,Marketplace
O000712,2,2025-07-06,C00443,P0076,2,26749.44,0,UPI,Delivered,4,4,web
O003732,1,2026-08-30,C01445,P0101,1,8033.07,0.1,UPI,Delivered,4,3,Marketplace
O004980,1,2026-04-18,C00940,P0110,2,8406.52,0,COD,Delivered,4,4,Marketplace
O003862,1,2025-05-14,C01924,P0123,1,9070.55,0.05,,Delivered,3,4,Web
O001778,3,2025-12-27,C00130,P0039,3,12549.92,0.05,Debit Card,Delivered,5,3,web
O006056,1,2025-02-27,C01461,P0125,2,4513.73,0.15,Debit Card,Delivered,1,5,Marketplace
O003617,2,2025-09-29,C01994,P0138,2,1040.63,0.3,upi,Delivered,5,3,Web
O000604,2,2026-05-08,C00540,P0096,1,2914.82,0.65,Cash on Delivery,Delivered,6,3,web
O004148,2,2026-08-24,C00256,P0132,1,18654.07,0.2,credit card,Delivered,,,Marketplace
O002038,1,2026-02-09,C00430,P0117,1,3394.03,0.05,upi,Delivered,6,3,App
O006436,2,2025-07-05,C01353,P0059,3,17476.72,0.15,COD,Delivered,7,2,APP
O000386,1,2026-04-01,C00514,P0085,2,10102.34,0.05,credit card,Returned,6,3,web
O003514,1,2025-10-12,C00149,P0131,1,18250.87,0,Cash on Delivery,Returned,7,1,Web
O006322,1,2026-01-03,C01626,P0007,2,11780.01,0,Credit Card,Delivered,5,3,web
O004285,2,2026-04-12,C01550,P0062,2,18209.73,0.25,COD,Delivered,5,4,App
O005626,3,2026-05-24,C01941,P0092,1,4176.66,0,credit card,Delivered,4,4,web
O006136,1,2025-02-24,C00489,P0016,1,20020.43,0.2,credit card,Delivered,4,4,Web
O002963,3,2026-03-18,C01869,P0041,1,20592.44,0.2,credit card,Delivered,4,4,App
O001792,1,2025-06-06,C00629,P0041,1,21081.94,0.15,Cash on Delivery,Delivered,5,3,web
O002543,2,2026-07-28,C01440,P0041,3,21045.88,0.1,Wallet,Delivered,1,5,web
O006227,2,2025-10-24,C01889,P0043,1,16103.86,0.65,Wallet,Delivered,2,4,APP
O004906,1,2025-06-29,C01233,P0074,1,10594.54,0.05,Debit Card,Returned,4,,App
O001841,2,2026-03-07,C01007,P0048,3,977.97,0.1,Debit Card,Delivered,3,4,web
O005597,1,2026-07-01,C01159,P0086,2,3525.42,0.25,Wallet,Delivered,5,3,App
O002125,2,2025-07-04,C01715,P0052,2,19432.2,0.15,UPI,Delivered,4,4,APP
O003902,1,2025-01-03,C01983,P0066,2,22991.15,0,Wallet,Delivered,7,2,web
O006177,1,2026-08-14,C01321,P0046,1,4292.29,0,Debit Card,Cancelled,,,Marketplace
O003732,2,2026-08-30,C01445,P0033,2,638.2,0.1,UPI,Delivered,4,3,Marketplace
O000529,1,2025-01-19,C01251,P0069,1,11293.33,0.05,Debit Card,Returned,4,4,Web
O004409,2,2025-04-13,C00633,P0046,3,4054.33,0.05,COD,Delivered,5,3,App
O006061,1,2025-08-08,C00080,P0120,2,12551.65,0.2,credit card,Delivered,3,4,Marketplace
O002729,1,2025-09-19,C01381,P0061,1,21487.06,0.1,Debit Card,Delivered,6,2,web
O002633,1,2025-06-15,C01497,P0109,1,14314.58,0.1,Cash on Delivery,Delivered,6,3,APP
O000439,1,2025-05-23,C00532,P0074,2,10625.19,0.1,Wallet,Delivered,5,3,Web
O004632,4,2025-01-16,C00365,P0070,3,4343.93,0.05,UPI,Delivered,6,3,Marketplace
O001854,3,2025-05-22,C00078,P0021,1,21311.74,0,upi,Delivered,3,4,Web
O003264,1,2025-07-01,C00263,P0029,2,4861.31,0.05,Cash on Delivery,Returned,6,3,Web
O004743,1,2026-06-01,C00294,P0141,5,12751.96,0.15,Wallet,Cancelled,,,APP
O001531,2,2025-12-21,C01794,P0022,4,5374.02,0.2,Credit Card,Delivered,6,3,APP
O006434,1,2025-07-22,C00023,P0061,1,23095.29,0,Credit Card,Cancelled,,,web
O001928,1,2025-01-20,C00126,P0081,1,22940.55,0.1,Credit Card,Delivered,2,4,Web
O003558,1,2025-07-08,C00066,P0093,3,22652.94,0.2,UPI,Delivered,1,5,web
O005802,3,2025-07-28,C00537,P0144,2,8344.66,0.15,UPI,Delivered,6,2,Marketplace
O000586,1,2025-11-11,C00457,P0058,3,13158.17,0.15,UPI,Cancelled,,,APP
O004528,2,2025-11-06,C01172,P0064,1,4829.47,0.05,Credit Card,Delivered,5,,web
O002575,1,2025-05-20,C01023,P0028,1,8326.3,0,Credit Card,Delivered,4,4,App
O001981,2,2025-01-02,C01884,P0031,1,23416.33,0.3,credit card,Delivered,,,APP
O006187,2,2026-05-01,C00722,P0055,1,9358.96,0.05,Debit Card,Delivered,1,5,Marketplace
O002171,1,2026-01-23,C01503,P0072,2,12411.1,0,Wallet,Returned,1,4,APP
O003729,1,2025-01-31,C01215,P0028,1,8634.9,0.05,Wallet,Delivered,2,4,Web
O005422,2,2025-07-28,C01326,P0038,1,328.88,0.1,credit card,Delivered,6,3,Web
O003322,1,2026-01-26,C00922,P0142,1,12069.24,0.3,Cash on Delivery,Delivered,5,2,APP
O001703,1,2025-07-11,C01695,P0110,1,8797.59,0.15,COD,Cancelled,,,App
O003120,2,2025-03-13,C01794,P0014,1,5559.79,0.1,COD,Delivered,5,3,Web
O002789,1,2026-02-21,C01558,P0048,1,991.57,0.05,credit card,Delivered,2,5,web
O002492,2,2026-03-11,C01359,P0142,1,11907.16,0.15,Cash on Delivery,Returned,6,3,App
O000835,2,2025-07-29,C01123,P0020,3,25937.46,0.2,Cash on Delivery,Delivered,2,,App
O004094,2,2025-10-20,C01485,P0091,1,251.22,0.05,upi,Delivered,3,4,Marketplace
O001215,2,2026-06-04,C00230,P0016,2,20895.52,0.05,upi,Delivered,3,4,web
O001461,2,2025-10-31,C00561,P0054,1,12545.89,0.1,,Delivered,4,4,web
O003546,1,2025-12-08,C01780,P0086,1,3789.28,0.05,Debit Card,Delivered,3,,Marketplace
O001410,1,2026-08-11,C00991,P0051,2,4179.95,0.15,UPI,Delivered,4,4,App
O001629,1,2025-01-08,C01171,P0118,1,3001.77,0.1,upi,Delivered,3,3,Marketplace
O004453,1,2025-02-04,C01624,P0079,1,7897.73,0.25,Credit Card,Returned,5,3,Web
O005219,1,2026-01-25,C00440,P0110,1,8730.45,0.15,,Delivered,6,2,web
O004942,2,2025-11-20,C01684,P0081,1,22115.31,0.25,credit card,Delivered,4,4,Marketplace
O005897,2,2026-05-11,C00605,P0079,1,7345.11,0.2,Debit Card,Delivered,5,3,Web
O004629,2,2026-02-13,C00407,P0020,1,25310.26,0.1,Credit Card,Delivered,6,2,Marketplace
O002812,1,2025-07-16,C01599,P0083,2,5369.88,0.05,credit card,Delivered,4,3,web
O006131,2,2026-05-03,C00527,P0017,1,3285.35,0,Debit Card,Delivered,6,3,Web
O003301,2,2025-04-08,C01174,P0028,1,8595.87,0,Credit Card,Delivered,3,3,App
O000142,2,2026-05-31,C01423,P0077,1,10973.21,0.2,Cash on Delivery,Delivered,3,4,Marketplace
O000017,1,2026-07-21,C01144,P0102,2,16387.12,0.15,Cash on Delivery,Delivered,3,4,Web
O006175,1,2026-04-17,C01312,P0022,2,5147.64,0.15,Cash on Delivery,Delivered,6,3,App
O004244,1,2025-12-05,C00995,P0032,2,20808.28,0.15,credit card,Delivered,4,3,Web
O006150,1,2025-02-13,C00052,P0044,1,13319.43,0.25,upi,Delivered,5,4,Web
O003003,1,2026-07-02,C01226,P0079,1,7711.47,0.1,credit card,Returned,3,5,web
O000496,3,2025-12-26,C00453,P0141,1,13063.68,0,upi,Delivered,2,5,App
O004061,2,2026-06-10,C00727,P0083,1,5456.14,0.1,credit card,Delivered,3,4,web
O000623,1,2026-01-31,C01470,P0056,2,10813.9,0.1,Wallet,Delivered,4,4,web
O003694,1,2025-08-25,C01740,P0144,1,8054.61,0.25,Cash on Delivery,Delivered,6,3,APP
O002617,1,2025-07-02,C00106,P0072,1,12111.48,0.1,Cash on Delivery,Returned,4,4,APP
O002092,1,2025-05-23,C01786,P0072,1,12353.87,0.2,Debit Card,Delivered,6,3,App
O003903,1,2025-12-21,C00766,P0126,2,2009.33,0.25,upi,Delivered,3,4,Marketplace
O001441,1,2026-03-22,C00168,P0125,1,4643.31,0.5,UPI,Delivered,7,1,Web
O000099,1,2026-06-05,C00035,P0040,4,12938.64,0.1,Debit Card,Delivered,4,4,Web
O003249,1,2025-06-26,C00300,P0080,2,22603.0,0,credit card,Delivered,6,3,APP
O005328,1,2025-12-29,C01688,P0063,1,16578.89,0.2,upi,Delivered,,,web
O002772,1,2026-07-31,C01377,P0070,1,4311.94,0.2,UPI,Delivered,7,1,APP
O001996,1,2026-03-05,C00883,P0025,1,3997.77,0.05,Wallet,Cancelled,,,Marketplace
O001712,3,2025-11-08,C01452,P0143,1,4020.34,0.15,Credit Card,Delivered,4,3,App
O002687,1,2025-02-09,C01637,P0112,1,22134.43,0.2,upi,Delivered,7,2,App
O003618,1,2026-05-10,C00680,P0066,1,22205.18,0.2,UPI,Delivered,2,,App
O001581,1,2025-04-26,C00721,P0133,1,3664.49,0.2,Credit Card,Delivered,8,1,web
O002432,1,2025-06-19,C01693,P0043,1,16714.37,0,COD,Delivered,5,3,App
O004080,3,2026-08-08,C00691,P0022,1,5235.63,0.2,upi,Delivered,5,2,web
O003835,1,2026-01-09,C00337,P0030,1,14822.01,0.65,Wallet,Delivered,1,4,web
O001802,1,2025-11-17,C01928,P0124,1,13776.11,0.05,Cash on Delivery,Delivered,3,4,web
O003512,1,2025-05-21,C00274,P0080,1,22504.2,0.2,Debit Card,Delivered,5,3,Web
O001395,2,2025-02-02,C01737,P0042,1,6900.32,0,Credit Card,Delivered,,,Marketplace
O002598,2,2025-03-30,C00401,P0003,2,18649.68,0.15,Debit Card,Delivered,4,4,Web
O004804,1,2025-08-14,C01397,P0051,2,4219.04,0,COD,Delivered,2,4,APP
O000985,2,2025-04-30,C00537,P0088,1,25257.98,0,Credit Card,Delivered,9,2,App
O005549,1,2026-02-01,C01927,P0007,1,11872.73,0.05,Wallet,Delivered,6,3,web
O000567,1,2025-11-03,C01645,P0122,2,1169.94,0.1,upi,Delivered,6,2,App
O002524,1,2026-08-18,C00471,P0134,3,18524.09,0.1,COD,Delivered,3,4,Marketplace
O002459,1,2026-08-23,C01209,P0144,1,8073.72,0.15,Debit Card,Returned,3,,Web
O002767,2,2026-07-06,C00317,P0105,1,26095.0,0.05,UPI,Returned,5,3,web
O003014,1,2025-05-13,C01857,P0040,1,13267.01,0.15,COD,Delivered,5,3,web
O002628,2,2026-08-02,C00959,P0056,4,10474.66,0.25,COD,Delivered,,,web
O003354,1,2025-12-10,C01965,P0066,3,22213.52,0.15,UPI,Delivered,3,4,Marketplace
O002530,4,2026-08-18,C00578,P0039,1,12758.31,0.05,Wallet,Delivered,2,5,App
O005885,1,2025-02-06,C00211,P0139,2,3427.45,0.2,upi,Delivered,6,2,APP
O000680,1,2025-12-05,C00055,P0063,1,17685.73,0,Cash on Delivery,Delivered,4,4,APP
O005623,1,2026-08-19,C01805,P0061,1,21565.42,0.2,,Delivered,5,,Marketplace
O002274,1,2025-08-09,C01552,P0038,1,322.56,0,credit card,Delivered,6,2,Marketplace
O005318,1,2025-08-20,C00899,P0071,2,10924.13,0.15,Credit Card,Delivered,3,4,APP
O005118,2,2025-08-13,C00637,P0005,1,5474.78,0.25,Credit Card,Delivered,7,1,Web
O000070,2,2026-04-13,C00685,P0044,1,13302.22,0.05,Wallet,Delivered,4,4,Web
O005533,3,2025-06-28,C00953,P0068,2,9616.59,0.05,COD,Delivered,5,3,App
O000688,3,2026-04-06,C01302,P0018,1,13857.54,0.25,credit card,Returned,2,4,APP
O000634,3,2026-07-10,C00891,P0110,2,8425.03,0.25,upi,Delivered,,,App
O001480,3,2026-02-22,C00913,P0078,2,26384.9,0,UPI,Delivered,4,3,Marketplace
O004128,3,2026-01-17,C00048,P0121,2,22213.43,0.15,COD,Delivered,4,4,web
O005917,1,2025-09-05,C01776,P0128,1,13965.91,0.2,upi,Delivered,3,3,web
O004456,2,2025-03-12,C00169,P0050,1,17215.33,0.2,Debit Card,Delivered,1,5,Marketplace
O003227,2,2025-08-29,C00045,P0135,1,3481.44,0.5,credit card,Delivered,1,5,Marketplace
O002659,2,2026-03-29,C01710,P0105,4,26715.82,0.1,Credit Card,Delivered,2,4,APP
O000058,1,2026-08-26,C01123,P0141,1,13156.67,0.1,Debit Card,Delivered,6,3,Web
O001327,2,2025-06-30,C01443,P0094,3,6082.95,0,credit card,Delivered,5,3,Marketplace
O001248,1,2025-01-20,C01086,P0059,1,17137.86,0.15,COD,Delivered,5,4,App
O004090,2,2026-03-06,C01583,P0074,1,11047.54,0.25,Credit Card,Delivered,5,3,Web
O004782,2,2025-10-01,C01405,P0052,1,18487.87,0,Cash on Delivery,Delivered,3,4,web
O002125,3,2025-07-04,C01715,P0060,1,16627.17,0.2,UPI,Delivered,4,4,APP
O005453,2,2026-06-20,C00522,P0042,2,6936.67,0.15,COD,Delivered,4,3,web
O005853,1,2026-04-09,C00292,P0107,1,23786.5,0,Wallet,Delivered,4,3,web
O001781,2,2025-02-03,C01569,P0054,2,12818.24,0.15,upi,Delivered,6,3,App
O004244,2,2025-12-05,C00995,P0131,1,17764.01,0.1,credit card,Delivered,4,3,Web
O003918,3,2025-02-03,C00428,P0081,3,22684.91,0.1,Debit Card,Delivered,5,2,APP
O003715,1,2025-03-27,C01926,P0055,1,9334.22,0.05,Credit Card,Delivered,2,,Web
O005441,2,2025-02-07,C00473,P0125,1,4435.04,0.15,Cash on Delivery,Returned,4,4,Web
O003203,1,2026-03-04,C00122,P0027,1,18899.7,0.2,COD,Delivered,3,,APP
O000642,1,2026-07-28,C00062,P0109,2,15119.79,0.15,upi,Cancelled,,,web
O005182,2,2025-08-16,C00522,P0143,1,4210.44,0.05,Cash on Delivery,Delivered,6,2,Marketplace
O003196,1,2026-05-25,C00650,P0021,4,21967.96,0.5,upi,Cancelled,,,web
O004495,1,2025-05-14,C00899,P0006,1,20064.79,0.3,credit card,Returned,6,3,Web
O005094,1,2025-04-20,C01165,P0103,1,27574.42,0.5,Cash on Delivery,Delivered,5,3,Marketplace
O001751,1,2025-12-11,C00818,P0013,1,5360.42,0,credit card,Delivered,6,2,App
O004212,4,2025-07-18,C01154,P0008,1,23129.96,0.05,Credit Card,Delivered,2,4,App
O000989,1,2025-08-29,C00100,P0051,1,4109.1,0.05,Wallet,Delivered,5,2,Marketplace
O002097,3,2026-06-12,C01097,P0032,1,20133.71,0.05,UPI,Delivered,3,3,web
O003258,2,2026-04-26,C01997,P0069,1,11573.59,0.1,Credit Card,Delivered,7,2,Web
O001583,3,2026-05-31,C01275,P0102,3,16565.1,0,COD,Delivered,4,3,Web
O000641,1,2025-05-18,C00265,P0001,1,9095.01,0.1,UPI,Delivered,4,4,APP
O004915,2,2025-03-08,C01474,P0143,3,3958.7,0.5,credit card,Delivered,4,3,APP
O005869,1,2026-07-21,C00719,P0096,1,3042.05,0.5,Debit Card,Delivered,2,4,APP
O001895,1,2026-08-25,C00154,P0104,1,4928.15,0,Debit Card,Delivered,5,3,Marketplace
O006094,1,2025-06-06,C01910,P0031,1,23271.37,0,COD,Delivered,8,2,App
O002279,2,2026-07-10,C01776,P0079,2,7429.04,0.2,COD,Returned,4,3,App
O000165,1,2025-11-23,C00400,P0062,2,18008.75,0.15,Cash on Delivery,Delivered,4,3,App
O003516,1,2026-08-29,C00041,P0096,1,3019.93,0,Debit Card,Delivered,6,3,APP
O006217,1,2026-07-04,C00809,P0107,1,23128.89,0,Wallet,Delivered,6,3,Web
O000624,1,2025-10-08,C01181,P0009,1,14814.91,0.2,upi,Delivered,6,2,web
O004840,1,2025-09-30,C01941,P0056,1,10954.42,0,credit card,Delivered,4,4,web
O003265,3,2025-03-28,C01064,P0047,1,27649.99,0.25,upi,Delivered,4,4,web
O002667,2,2025-03-23,C00554,P0138,1,1024.07,0.05,upi,Cancelled,,,APP
O000330,1,2025-06-25,C00467,P0110,2,8536.24,0.2,UPI,Delivered,6,3,App
O003588,4,2026-08-07,C01205,P0105,1,26248.26,0.2,upi,Delivered,5,3,Web
O005553,2,2025-05-26,C00544,P0065,2,16940.42,0,credit card,Delivered,3,4,Marketplace
O001111,2,2026-03-01,C01529,P0035,1,17548.23,0.15,credit card,Cancelled,,,Marketplace
O000902,2,2025-07-19,C00712,P0044,1,13552.24,0.25,credit card,Delivered,4,,Web
O006284,2,2026-07-28,C01136,P0048,2,982.61,0,Credit Card,Delivered,2,4,APP
O005044,1,2025-04-05,C01708,P0033,1,636.8,0.15,Debit Card,Delivered,3,,Marketplace
O005567,1,2026-07-05,C00346,P0098,1,13181.16,0.2,Credit Card,Delivered,3,,Web
O002295,1,2025-08-09,C01799,P0085,2,10147.2,0.5,COD,Delivered,5,3,web
O000478,1,2025-09-06,C00018,P0087,2,6579.69,0.15,Wallet,Cancelled,,,Marketplace
O005067,1,2026-08-25,C01007,P0136,1,13923.48,0.1,credit card,Returned,4,3,Marketplace
O002451,1,2025-07-07,C01816,P0015,1,21396.74,0.05,COD,Delivered,5,3,Web
O003098,2,2025-11-12,C01610,P0074,1,11232.49,0.15,Credit Card,Delivered,4,4,APP
O001449,1,2026-05-07,C00775,P0085,2,9969.04,0.1,Wallet,Delivered,2,5,Web
O001095,1,2025-09-15,C00505,P0031,1,23026.7,0.1,Debit Card,Delivered,7,2,Marketplace
O005454,1,2025-09-20,C00874,P0108,2,22114.87,0.1,UPI,Cancelled,,,Web
O004748,1,2026-01-20,C01219,P0027,1,19335.1,0.2,upi,Delivered,4,3,APP
O000080,1,2026-02-07,C00944,P0040,1,12832.43,0.05,UPI,Returned,7,2,web
O000559,2,2026-05-14,C01322,P0116,1,12068.0,0.1,Debit Card,Delivered,2,4,APP
O000114,1,2025-11-05,C01842,P0106,2,2436.45,0,COD,Delivered,2,5,APP
O003256,1,2025-02-24,C00384,P0134,2,18263.86,0,Credit Card,Delivered,5,4,App
O002975,1,2026-06-13,C00431,P0025,2,3925.84,0.15,COD,Delivered,4,4,web
O003772,1,2026-08-12,C00879,P0052,2,18499.42,0.1,Wallet,Cancelled,,,App
O005849,1,2025-07-11,C00505,P0036,4,19210.93,0.15,Credit Card,Delivered,6,2,Web
O005584,1,2026-04-06,C01632,P0023,2,26434.31,0.2,Wallet,Cancelled,,,web
O006409,1,2025-11-14,C01369,P0071,4,10961.95,0,upi,Delivered,1,5,web
O000235,1,2026-08-10,C01872,P0050,1,17642.09,0.15,credit card,Delivered,4,3,APP
O000983,1,2026-08-13,C01031,P0079,1,7652.71,0.05,Cash on Delivery,Delivered,4,3,APP
O002913,1,2025-02-20,C00769,P0069,1,11272.41,0.25,Wallet,Delivered,4,4,APP
O006036,2,2025-04-24,C01467,P0114,1,1290.38,0.05,upi,Delivered,2,4,App
O004858,1,2025-07-24,C01542,P0102,1,16612.06,0.5,Credit Card,Returned,3,4,Web
O002520,1,2025-09-05,C00106,P0069,2,11878.51,0,Debit Card,Returned,1,5,Web
O004224,1,2025-02-23,C00601,P0034,2,8201.17,0.1,credit card,Delivered,5,2,APP
O006386,2,2026-05-30,C00553,P0074,2,10523.39,0.2,Debit Card,Delivered,3,3,web
O003162,1,2025-11-29,C00689,P0035,2,18051.7,0.25,upi,Delivered,7,2,web
O005813,2,2026-01-28,C01434,P0086,1,3662.15,0.05,Debit Card,Delivered,5,4,APP
O000239,1,2026-08-03,C00417,P0034,1,8363.05,0.15,COD,Cancelled,,,Marketplace
O005534,2,2025-06-30,C01726,P0138,1,1046.66,0.05,Credit Card,Returned,4,3,App
O006356,2,2025-08-23,C01234,P0131,1,18453.05,0.2,Debit Card,Delivered,3,4,Web
O002612,1,2026-05-02,C01802,P0115,1,4876.91,0.1,UPI,Delivered,2,5,APP
O000424,1,2025-06-05,C00859,P0054,3,13338.62,0.05,UPI,Delivered,7,3,APP
O003207,2,2026-05-19,C01504,P0031,1,23402.15,0.05,COD,Delivered,3,4,Web
O001107,3,2026-04-03,C00961,P0035,1,17705.23,0,COD,Delivered,6,3,APP
O000022,1,2025-02-12,C01120,P0025,2,4005.96,0.25,UPI,Delivered,5,4,web
O000468,1,2026-03-02,C00537,P0100,1,13271.96,0.15,Debit Card,Delivered,7,2,web
O002911,1,2025-04-12,C00444,P0006,2,21254.31,0.15,COD,Delivered,1,5,Marketplace
O003791,1,2025-12-07,C00393,P0109,2,14607.21,0,upi,Delivered,5,4,App
O004370,1,2025-04-02,C00686,P0135,3,3389.84,0.1,COD,Delivered,6,3,Marketplace
O003982,1,2025-11-06,C01062,P0073,1,9400.75,0.15,Wallet,Delivered,3,5,Web
O006404,1,2025-04-30,C00606,P0084,2,16978.88,0,credit card,Delivered,5,2,Marketplace
O004649,1,2025-05-19,C01021,P0089,1,18085.56,0.1,COD,Delivered,5,,web
O003768,1,2025-05-18,C00870,P0074,2,10647.48,0.1,UPI,Delivered,4,,Web
O001642,2,2025-10-02,C00021,P0055,1,9541.8,0.1,Cash on Delivery,Delivered,2,5,web
O001495,1,2025-08-13,C00392,P0144,2,7973.26,0.1,upi,Delivered,5,2,Web
O004212,3,2025-07-18,C01154,P0016,1,21084.09,0.2,Credit Card,Delivered,2,4,App
O000566,3,2026-03-07,C01533,P0030,2,14184.05,0,Wallet,Delivered,4,3,Web
O003485,2,2025-06-21,C00937,P0106,2,2615.07,0.15,Debit Card,Delivered,7,3,Marketplace
O005909,1,2025-05-21,C00952,P0102,1,17186.6,0.2,COD,Delivered,3,4,Web
O002541,1,2025-09-12,C00963,P0129,2,14581.02,0.3,Debit Card,Delivered,6,3,Web
O004167,3,2025-09-11,C00971,P0077,1,11069.43,0.1,Wallet,Delivered,7,2,web
O003383,1,2025-12-16,C01133,P0129,4,15206.83,0.15,Cash on Delivery,Delivered,2,4,APP
O002879,2,2026-06-18,C01597,P0035,2,17800.56,0.15,Credit Card,Returned,4,4,App
O002627,2,2025-10-04,C00908,P0131,1,17849.08,0.25,credit card,Delivered,5,2,web
O004703,2,2025-07-17,C00319,P0085,2,9779.06,0.1,UPI,Delivered,5,3,App
O001228,1,2025-10-20,C00403,P0102,2,16917.73,0.05,UPI,Delivered,3,3,App
O001150,1,2025-11-24,C01651,P0075,1,10477.14,0,Wallet,Delivered,5,,APP
O005917,2,2025-09-05,C01776,P0010,1,22651.74,0.2,upi,Delivered,3,3,web
O006491,2,2025-12-09,C01676,P0049,1,1446.43,0.1,UPI,Delivered,5,2,APP
O000857,1,2025-08-25,C01169,P0118,2,3082.42,0.05,Credit Card,Returned,3,4,APP
O000930,2,2025-03-23,C01857,P0066,1,21963.98,0,Wallet,Delivered,5,2,web
O003716,1,2026-01-16,C00921,P0041,3,20062.03,0.05,Debit Card,Delivered,7,1,Web
O001555,1,2026-06-22,C00983,P0006,1,20173.07,0,Credit Card,Returned,1,5,Marketplace
O006312,2,2025-12-02,C00996,P0097,5,3501.93,0,Wallet,Delivered,4,3,App
O000818,3,2025-11-14,C01166,P0110,1,8698.81,0.1,Cash on Delivery,Delivered,6,2,web
O002269,1,2025-04-22,C01888,P0063,2,17064.74,0.1,credit card,Delivered,6,2,Web
O004385,2,2026-08-28,C01144,P0092,1,4203.29,0.2,Wallet,Delivered,3,4,APP
O003128,1,2026-05-31,C00822,P0120,1,13177.05,0.25,UPI,Delivered,1,4,Marketplace
O004647,1,2025-02-02,C00157,P0099,3,20381.46,0.25,COD,Delivered,4,3,App
O002663,2,2025-09-28,C01872,P0135,1,3420.19,0.25,COD,Delivered,8,2,App
O002495,1,2026-04-11,C01173,P0050,1,17148.38,0,UPI,Delivered,4,3,App
O005796,2,2025-07-13,C00689,P0058,1,12587.72,0.2,Credit Card,Delivered,5,2,web
O002991,2,2026-05-16,C00211,P0023,1,27779.59,0.25,COD,Delivered,5,2,Marketplace
O003839,1,2026-02-15,C00867,P0110,1,8472.22,0.2,Debit Card,Delivered,1,,web
O002971,1,2025-02-04,C01441,P0037,2,18523.76,0,Debit Card,Delivered,2,5,APP
O003408,2,2026-08-05,C00389,P0021,1,21705.18,0,Debit Card,Delivered,5,4,Marketplace
O000042,3,2026-07-18,C01314,P0009,1,13896.3,0,COD,Delivered,,,Web
O003553,2,2025-04-14,C00742,P0067,1,11081.25,0.15,COD,Delivered,2,5,Web
O000499,1,2026-04-18,C00946,P0101,1,8151.95,0,Credit Card,Cancelled,,,web
O000053,1,2025-12-26,C01932,P0001,1,9086.38,0,UPI,Delivered,2,4,App
O005744,1,2025-02-03,C01559,P0030,1,14597.39,0.65,Cash on Delivery,Delivered,6,2,web
O002338,1,2025-09-20,C00222,P0021,2,22259.39,0.1,upi,Delivered,2,5,Marketplace
O006290,1,2026-08-28,C00601,P0035,4,18452.12,0.1,Wallet,Delivered,4,3,web
O000911,3,2025-12-13,C01204,P0070,1,4295.9,0.05,Credit Card,Delivered,5,3,web
O005051,3,2025-01-25,C01436,P0058,1,12765.85,0.05,,Delivered,4,3,Web
O005607,1,2025-04-21,C00741,P0135,1,3540.13,0.2,Credit Card,Delivered,4,4,Web
O003728,2,2025-07-24,C00680,P0047,2,28859.89,0.2,credit card,Delivered,6,3,Web
O000004,1,2025-09-10,C00111,P0074,1,11078.63,0,credit card,Delivered,4,3,Web
O002875,3,2026-03-19,C01702,P0104,4,4870.18,0.1,Cash on Delivery,Delivered,5,3,Web
O001013,1,2026-05-15,C01227,P0116,2,11918.29,0,UPI,Delivered,7,2,App
O001646,1,2025-06-08,C00157,P0128,1,14560.48,0.1,upi,Delivered,4,3,APP
O006029,1,2025-01-16,C01010,P0107,1,23435.03,0.05,upi,Delivered,2,,web
O004499,2,2025-08-04,C01348,P0083,1,5671.46,0.05,COD,Delivered,7,2,APP
O003467,2,2025-11-04,C00353,P0080,2,22432.87,0.05,Wallet,Delivered,6,2,Web
O004827,1,2025-07-10,C00418,P0089,3,18352.57,0.15,Debit Card,Delivered,5,3,App
O002569,2,2025-10-31,C00434,P0109,1,14930.64,0,UPI,Delivered,3,4,Web
O005756,4,2026-02-24,C01027,P0002,1,10183.94,0.05,COD,Delivered,4,4,Marketplace
O001102,1,2026-08-02,C01118,P0099,2,20746.84,0.1,upi,Returned,3,4,Marketplace
O002622,2,2025-08-12,C01553,P0065,1,17732.27,0.05,UPI,Delivered,7,2,Web
O006306,1,2025-03-26,C00558,P0132,1,19484.89,0.15,UPI,Cancelled,,,web
O002469,1,2025-03-27,C01472,P0037,1,17622.05,0.1,Credit Card,Delivered,5,3,Web
O005212,2,2025-02-14,C01085,P0067,1,11373.91,0,COD,Delivered,6,2,Marketplace
O003167,2,2025-02-01,C01694,P0031,1,22054.11,0.1,Debit Card,Delivered,2,4,App
O003849,3,2025-03-23,C00886,P0019,2,25480.99,0.2,Cash on Delivery,Delivered,4,4,Marketplace
O001294,2,2025-12-25,C01969,P0015,1,22551.12,0.05,Credit Card,Delivered,,,APP
O000576,1,2025-05-15,C01106,P0052,1,18943.47,0.15,Wallet,Delivered,7,2,APP
O004505,1,2026-03-27,C01230,P0044,1,13020.74,0,upi,Delivered,4,3,APP
O001712,1,2025-11-08,C01452,P0126,1,2063.27,0.1,Credit Card,Delivered,4,3,App
O000651,2,2026-04-21,C01867,P0030,2,14076.93,0.15,upi,Returned,6,3,Web
O001516,1,2025-02-26,C00908,P0009,1,14837.94,0.1,Wallet,Delivered,4,3,web
O004561,1,2026-03-23,C00442,P0098,2,12242.28,0.1,credit card,Delivered,4,4,Marketplace
O003917,1,2026-01-19,C00602,P0139,3,3436.97,0,upi,Delivered,5,,APP
O005643,1,2025-04-04,C01414,P0040,1,13447.08,0.05,Wallet,Delivered,5,3,APP
O003393,1,2025-09-25,C00932,P0049,1,1477.76,0,Debit Card,Delivered,2,5,APP
O003992,1,2025-12-21,C01647,P0010,1,23957.32,0.15,Wallet,Returned,4,4,App
O005984,1,2025-09-17,C00161,P0039,1,12542.85,0.1,upi,Delivered,3,4,Web
O006008,1,2026-07-26,C01052,P0117,2,3656.29,0,Wallet,Delivered,4,3,APP
O005436,2,2026-01-28,C01884,P0106,1,2562.76,0.1,credit card,Delivered,2,5,Web
O004733,2,2026-03-26,C00535,P0091,1,260.9,0.05,upi,Delivered,4,3,Web
O001952,3,2026-03-13,C00835,P0052,1,19828.53,0.1,Wallet,Cancelled,,,App
O004974,1,2026-05-09,C01011,P0102,5,17336.87,0,Wallet,Delivered,4,4,App
O002395,2,2026-08-22,C01824,P0094,1,6413.27,0.3,credit card,Returned,5,3,APP
O001441,2,2026-03-22,C00168,P0094,2,6473.47,0.05,UPI,Delivered,7,1,Web
O004156,3,2025-02-13,C01294,P0054,1,13305.96,0.1,Credit Card,Delivered,3,4,APP
O005160,1,2025-06-22,C01525,P0054,1,12970.43,0.1,credit card,Delivered,1,4,APP
O000440,1,2025-08-02,C00742,P0017,1,3364.84,0.1,Debit Card,Delivered,4,4,Web
O001230,1,2026-08-17,C00038,P0111,2,1895.42,0.15,Wallet,Delivered,3,,Web
O000093,2,2026-01-01,C01670,P0084,1,16488.74,0.15,Wallet,Delivered,3,,Marketplace
O004077,2,2026-05-01,C01648,P0064,2,4488.27,0.15,Wallet,Delivered,5,3,Marketplace
O001540,3,2025-03-09,C01004,P0139,5,3528.04,0.15,COD,Delivered,2,,Marketplace
O002301,1,2026-08-01,C00475,P0037,1,17447.91,0.1,upi,Delivered,1,4,App
O004389,2,2026-05-12,C00966,P0037,2,18247.08,0.3,credit card,Cancelled,,,Web
O000103,1,2026-05-04,C01646,P0041,2,19945.29,0,Credit Card,Delivered,4,3,App
O006060,1,2025-09-19,C01071,P0133,2,3735.83,0.05,UPI,Delivered,4,3,APP
O003771,1,2025-06-14,C01366,P0058,3,12870.81,0.15,UPI,Delivered,2,5,App
O002402,1,2025-07-22,C00463,P0039,3,12791.05,0.2,UPI,Delivered,1,5,Web
O001450,2,2026-05-28,C00977,P0058,1,13131.57,0.1,Cash on Delivery,Delivered,4,3,Web
O000172,1,2025-01-02,C00278,P0054,1,12657.83,0.05,credit card,Delivered,2,5,App
O000966,1,2025-06-11,C00328,P0094,1,6187.61,0.05,UPI,Returned,5,2,App
O002829,1,2025-08-21,C01979,P0014,4,5476.19,0.1,Credit Card,Delivered,6,2,Marketplace
O000467,2,2025-06-30,C01013,P0118,1,3040.51,0.1,credit card,Delivered,1,4,App
O001037,1,2025-08-03,C01064,P0060,1,16996.1,0.3,COD,Delivered,2,5,Web
O001463,3,2026-07-03,C00745,P0121,1,21979.37,0.25,UPI,Delivered,5,4,APP
O000675,1,2025-10-28,C00845,P0001,1,9079.44,0.1,UPI,Delivered,6,3,Web
O004494,3,2025-04-24,C00535,P0086,2,3579.66,0,credit card,Cancelled,,,Marketplace
O001724,1,2025-03-18,C01556,P0076,1,27604.74,0.15,Wallet,Delivered,7,1,Marketplace
O001864,2,2025-04-13,C01575,P0083,1,5509.82,0.05,Wallet,Delivered,6,3,APP
O001848,1,2025-12-09,C00757,P0035,3,18081.2,0.2,Credit Card,Delivered,4,3,APP
O000037,4,2025-11-25,C00494,P0099,1,19442.39,0.1,upi,Delivered,8,2,APP
O002441,1,2025-11-08,C01945,P0041,2,20375.27,0.25,COD,Delivered,6,3,APP
O001669,1,2025-09-09,C00771,P0071,1,10790.25,0.1,UPI,Delivered,3,4,App
O002203,2,2025-06-08,C00929,P0118,1,3124.91,0.15,UPI,Delivered,7,1,Web
O000271,1,2025-11-12,C00087,P0137,1,4750.44,0.2,credit card,Delivered,5,2,web
O000741,1,2026-07-01,C00576,P0141,1,13057.29,0.15,upi,Delivered,4,3,APP
O001565,2,2025-10-11,C01286,P0118,1,2994.82,0.65,COD,Delivered,2,5,Web
O000320,1,2025-05-28,C01642,P0110,3,8657.29,0.1,credit card,Delivered,5,4,APP
O000564,1,2026-04-08,C01859,P0098,1,12500.73,0.05,Debit Card,Delivered,6,2,App
O005691,1,2026-07-07,C01938,P0035,1,17908.91,0.15,Wallet,Delivered,1,4,APP
O003315,1,2026-07-07,C01287,P0109,2,14885.87,0,Debit Card,Delivered,4,4,Web
O004992,1,2026-04-29,C01642,P0031,1,22541.57,0,Cash on Delivery,Delivered,4,4,APP
O001871,2,2025-12-13,C00944,P0035,1,17369.94,0.05,credit card,Delivered,5,3,App
O002705,1,2026-01-06,C00277,P0125,1,4490.2,0.3,credit card,Returned,5,3,APP
O006266,2,2025-07-30,C00896,P0050,1,17701.47,0.1,upi,Returned,,,Web
O003019,3,2026-08-13,C01378,P0026,2,13630.58,0,Wallet,Delivered,7,2,Web
O003480,2,2026-05-27,C01598,P0072,2,12045.63,0.05,Wallet,Delivered,3,3,App
O004130,2,2025-05-02,C00426,P0127,2,14177.65,0,upi,Delivered,4,3,APP
O000291,1,2025-05-21,C01882,P0100,2,13876.92,0.1,credit card,Delivered,2,5,App
O003149,2,2025-10-11,C01712,P0099,1,19317.6,0.1,Cash on Delivery,Delivered,3,3,Web
O001056,2,2026-02-08,C01982,P0080,2,22099.59,0,UPI,Cancelled,,,APP
O004450,1,2025-02-26,C00030,P0019,5,24126.78,0.15,upi,Delivered,3,4,web
O003904,1,2025-05-09,C00254,P0053,1,7187.0,0.05,Credit Card,Delivered,5,4,APP
O004454,1,2025-07-29,C00888,P0095,1,16227.93,0.1,Cash on Delivery,Cancelled,,,App
O001040,2,2025-06-19,C01724,P0005,1,5290.26,0.1,COD,Delivered,3,4,App
O006242,1,2025-06-15,C01914,P0127,1,14230.13,0.15,Credit Card,Delivered,1,4,APP
O001471,3,2026-04-11,C00939,P0049,1,1401.24,0.2,COD,Delivered,6,2,APP
O000019,1,2026-06-30,C01427,P0123,1,8822.48,0,UPI,Delivered,3,5,web
O002640,1,2025-09-29,C00289,P0120,1,13050.56,0.65,UPI,Delivered,3,4,App
O001025,1,2025-08-03,C01306,P0078,1,26626.42,0.15,Cash on Delivery,Delivered,2,4,web
O005115,1,2025-02-17,C01831,P0136,1,13838.13,0.15,Debit Card,Delivered,3,4,App
O006333,2,2026-01-07,C01571,P0034,2,8177.8,0.15,Wallet,Delivered,4,4,App
O004810,1,2026-07-04,C01160,P0130,1,17814.11,0.05,Credit Card,Returned,2,5,App
O001523,1,2026-01-02,C01033,P0003,4,19463.39,0.1,credit card,Cancelled,,,Marketplace
O003243,3,2026-03-11,C00648,P0052,2,18598.0,0,COD,Delivered,2,4,Web
O002899,1,2025-12-01,C01026,P0132,2,18935.18,0,Cash on Delivery,Delivered,4,3,Web
O000633,1,2025-06-19,C01918,P0078,2,26414.93,0.1,Credit Card,Delivered,2,4,Marketplace
O006489,2,2025-08-08,C01603,P0072,1,12005.23,0.25,Debit Card,Delivered,6,2,App
O000860,1,2026-07-03,C00774,P0084,1,17076.6,0.05,Wallet,Cancelled,,,App
O005129,2,2026-07-08,C01153,P0096,2,2947.79,0.1,upi,Delivered,4,,Web
O000774,1,2025-08-11,C01392,P0089,1,18051.76,0.05,Wallet,Delivered,4,4,web
O001605,2,2025-11-14,C01480,P0080,1,22993.43,0,UPI,Cancelled,,,Marketplace
O001470,1,2026-01-25,C00239,P0133,1,3923.04,0.15,Wallet,Delivered,6,3,web
O004997,2,2025-05-30,C00876,P0043,2,16332.1,0.05,upi,Delivered,7,2,Web
O006357,4,2025-05-13,C01116,P0055,1,9592.33,0.05,Wallet,Delivered,5,3,Web
O003654,1,2025-11-22,C00062,P0051,1,4089.53,0.15,Wallet,Cancelled,,,Marketplace
O005856,3,2025-04-09,C00063,P0067,3,11265.88,0,Credit Card,Delivered,4,3,Marketplace
O002996,2,2025-12-19,C00500,P0091,1,246.22,0.05,upi,Delivered,1,5,Marketplace
O000512,2,2026-03-05,C01582,P0138,1,1040.36,0.2,upi,Delivered,4,4,Web
O002639,1,2026-01-03,C01010,P0134,1,17870.03,0.05,Wallet,Delivered,4,3,Marketplace
O000876,2,2026-04-24,C01475,P0127,2,14191.18,0.1,UPI,Delivered,6,3,web
O003270,2,2026-03-05,C00382,P0129,3,15223.3,0.05,upi,Cancelled,,,APP
O004073,1,2026-03-02,C00185,P0020,1,25292.44,0.1,UPI,Delivered,4,4,web
O005430,1,2025-05-02,C01011,P0055,3,8972.78,0.05,credit card,Delivered,4,3,Marketplace
O006104,2,2026-05-10,C01891,P0116,1,11738.7,0.2,Credit Card,Delivered,5,3,Marketplace
O000036,3,2026-02-10,C00903,P0072,1,11769.53,0.15,Debit Card,Delivered,4,3,Marketplace
O001515,1,2026-04-14,C01645,P0052,1,19580.65,0,credit card,Cancelled,,,Marketplace
O006389,2,2025-09-01,C01318,P0022,2,5299.13,0.05,COD,Delivered,2,4,web
O000256,3,2026-07-01,C00160,P0076,3,27512.11,0,Cash on Delivery,Delivered,5,3,App
O004592,2,2026-04-28,C00733,P0054,1,13153.21,0.05,COD,Delivered,4,3,Marketplace
O004839,1,2026-02-03,C01648,P0086,2,3737.63,0.5,Credit Card,Returned,4,4,App
O005804,2,2025-12-24,C01122,P0128,1,13799.08,0.2,credit card,Cancelled,,,Web
O004967,1,2025-09-26,C01735,P0098,3,12681.74,0.05,credit card,Delivered,4,4,Web
O003502,1,2025-10-01,C01024,P0022,2,5240.83,0.05,Wallet,Delivered,8,1,APP
O005129,1,2026-07-08,C01153,P0099,1,20550.86,0.05,upi,Delivered,4,,Web
O001952,1,2026-03-13,C00835,P0104,2,4858.67,0,Wallet,Cancelled,,,App
O003199,2,2025-08-12,C00337,P0073,2,9171.58,0.15,Cash on Delivery,Delivered,2,5,App
O000055,1,2025-03-30,C01797,P0059,2,17267.31,0.15,Debit Card,Delivered,5,3,Marketplace
O004142,1,2025-04-12,C00807,P0014,1,5580.9,0,Credit Card,Delivered,4,3,APP
O002428,1,2026-02-17,C00413,P0040,3,12693.25,0.1,UPI,Delivered,4,3,APP
O006374,3,2025-03-30,C01085,P0120,2,13412.98,0,credit card,Delivered,3,3,web
O002710,3,2025-08-12,C00232,P0138,2,1012.9,0.2,Wallet,Delivered,2,4,Web
O006153,1,2025-09-12,C00316,P0111,1,1844.51,0,upi,Delivered,5,3,web
O001652,1,2025-07-20,C01696,P0118,2,3103.93,0.15,UPI,Delivered,4,3,App
O002152,1,2026-01-23,C01743,P0101,1,8154.45,0.3,Wallet,Delivered,2,5,App
O004508,1,2025-01-23,C01919,P0099,2,19395.47,0.2,Wallet,Delivered,4,,web
O000074,1,2025-03-10,C01122,P0045,1,28408.56,0,Credit Card,Returned,5,,Marketplace
O004737,1,2025-12-16,C01073,P0104,1,4827.39,0.15,Credit Card,Delivered,4,4,web
O000355,1,2025-02-24,C00833,P0051,1,4039.77,0.05,UPI,Delivered,3,3,APP
O000343,1,2025-06-19,C00158,P0074,1,10990.38,0,upi,Delivered,5,3,web
O002709,1,2025-03-17,C01969,P0056,1,10778.37,0,Cash on Delivery,Cancelled,,,Marketplace
O002052,2,2026-05-21,C00813,P0005,2,5165.79,0.05,Credit Card,Delivered,3,4,web
O000209,3,2026-06-02,C00789,P0115,2,4805.87,0.1,UPI,Delivered,5,2,APP
O004290,1,2026-06-07,C01572,P0092,1,4004.88,0,upi,Delivered,5,,Marketplace
O003822,1,2025-04-26,C01814,P0050,2,17399.09,0.15,Debit Card,Delivered,3,4,APP
O001778,1,2025-12-27,C00130,P0111,1,1810.56,0.15,Debit Card,Delivered,5,3,web
O001533,2,2025-06-29,C01670,P0116,2,11964.06,0.05,UPI,Delivered,4,4,App
O002755,3,2025-08-29,C01207,P0052,1,18947.89,0.05,Wallet,Delivered,6,3,Marketplace
O002111,1,2026-01-29,C00291,P0030,1,15044.28,0.1,Wallet,Delivered,3,4,web
O001303,1,2026-03-08,C00396,P0099,3,20752.31,0.05,UPI,Delivered,4,4,Web
O000545,2,2025-01-02,C00616,P0025,1,3984.83,0.15,upi,Delivered,5,4,Web
O002087,1,2025-07-08,C01958,P0095,1,15411.0,0.2,Debit Card,Delivered,4,3,web
O000264,1,2025-01-20,C00232,P0046,1,4091.02,0.65,Cash on Delivery,Delivered,3,4,web
O005253,2,2025-06-28,C00450,P0020,1,25804.88,0.15,Debit Card,Delivered,2,4,App
O001745,1,2025-03-24,C01948,P0041,1,19857.04,0.2,COD,Delivered,5,3,Marketplace
O000371,1,2025-04-04,C00213,P0022,1,5355.31,0.25,Debit Card,Delivered,6,2,Marketplace
O003461,4,2025-12-09,C01334,P0143,1,4145.71,0.1,Cash on Delivery,Delivered,7,2,Marketplace
O002200,1,2025-06-18,C01364,P0140,2,13980.7,0.2,Cash on Delivery,Delivered,1,4,App
O001631,2,2025-01-17,C01467,P0048,1,998.78,0.05,UPI,Delivered,2,5,Marketplace
O003125,1,2025-06-08,C01678,P0142,1,11928.5,0.2,UPI,Delivered,8,1,Marketplace
O005749,1,2025-11-09,C00038,P0121,1,20977.28,0.05,upi,Delivered,2,5,App
O000365,2,2025-05-31,C00607,P0020,1,24643.71,0.2,credit card,Delivered,7,2,Marketplace
O006271,2,2025-11-04,C00064,P0085,1,9842.39,0.3,Wallet,Cancelled,,,web
O006109,3,2025-05-24,C00858,P0015,1,23015.68,0.5,upi,Delivered,5,4,Web
O002576,2,2025-10-20,C00662,P0015,1,21796.34,0.1,upi,Delivered,6,3,APP
O004654,3,2025-04-08,C00042,P0001,1,9307.82,0.1,credit card,Delivered,4,4,Marketplace
O002113,1,2026-01-28,C00476,P0097,2,3495.77,0.1,Cash on Delivery,Delivered,2,,web
O002205,1,2026-04-13,C00203,P0046,1,3973.29,0,Cash on Delivery,Delivered,8,2,APP
O004476,1,2025-08-15,C00344,P0121,2,22321.4,0.1,upi,Delivered,4,3,Web
O002111,2,2026-01-29,C00291,P0013,1,5632.53,0.1,Wallet,Delivered,3,4,web
O004824,1,2026-06-10,C01104,P0025,1,3902.03,0.15,COD,Delivered,4,3,Web
O001188,1,2025-09-01,C00572,P0127,1,13964.52,0.05,Cash on Delivery,Cancelled,,,web
O000565,1,2026-02-02,C00574,P0060,1,16528.29,0,COD,Delivered,5,3,Marketplace
O000150,2,2025-09-16,C00270,P0144,1,8358.92,0.25,UPI,Delivered,6,2,web
O005578,1,2025-11-24,C00286,P0053,2,7366.51,0,UPI,Delivered,7,2,Web
O004528,1,2025-11-06,C01172,P0131,1,19066.44,0.05,Credit Card,Delivered,5,,web
O006114,2,2025-11-25,C01134,P0031,1,23056.39,0.15,credit card,Returned,7,3,App
O000206,1,2026-05-20,C01586,P0110,2,8501.05,0.25,upi,Delivered,4,3,Marketplace
O004026,2,2025-10-09,C00226,P0002,2,10367.57,0,credit card,Delivered,3,4,web
O005703,1,2025-08-14,C00836,P0082,1,15171.93,0,Wallet,Delivered,4,3,web
O005055,1,2025-01-20,C00806,P0073,1,8866.39,0.5,COD,Delivered,3,4,Web
O005126,1,2025-06-15,C01877,P0003,2,19425.67,0.1,credit card,Delivered,1,5,App
O003590,1,2025-09-06,C00600,P0041,1,20262.83,0.15,credit card,Delivered,1,5,App
O001712,2,2025-11-08,C01452,P0056,3,10634.14,0.05,Credit Card,Delivered,4,3,App
O004137,2,2025-08-11,C01936,P0054,1,13287.07,0.15,Debit Card,Delivered,3,4,Web
O000862,1,2025-06-09,C01562,P0054,1,13130.18,0,credit card,Delivered,3,4,Web
O005335,1,2026-07-23,C01533,P0017,2,3368.84,0.15,COD,Delivered,4,4,web
O000148,4,2025-04-19,C01134,P0001,1,9577.57,0.65,credit card,Delivered,5,3,App
O002984,1,2025-02-08,C01470,P0095,1,15584.88,0,Credit Card,Delivered,6,2,Marketplace
O005975,2,2026-03-18,C00352,P0083,2,5397.2,0.15,COD,Delivered,4,4,web
O001431,1,2026-02-27,C01214,P0096,1,2967.47,0.05,Wallet,Delivered,4,3,Web
O003347,1,2025-08-04,C00092,P0031,3,23225.69,0.2,Wallet,Returned,7,2,web
O002035,1,2026-02-04,C00100,P0124,2,14271.31,0.25,upi,Delivered,4,3,App
O006268,2,2026-04-13,C01309,P0072,5,12180.11,0.15,COD,Cancelled,,,App
O004583,1,2026-05-06,C01528,P0069,1,11574.48,0.05,upi,Delivered,4,4,APP
O000353,1,2025-04-08,C01053,P0138,3,989.01,0.1,COD,Delivered,3,4,Marketplace
O001041,1,2026-08-06,C01361,P0063,3,17216.74,0.15,Wallet,Delivered,2,4,App
O002464,1,2025-01-09,C00148,P0084,1,16710.53,0,COD,Delivered,1,4,App
O004777,1,2025-01-08,C00446,P0004,1,18481.3,0.15,UPI,Delivered,5,3,web
O000629,2,2025-02-22,C01566,P0019,1,25985.45,0.25,Cash on Delivery,Delivered,5,3,web
O001857,1,2025-07-20,C01507,P0029,1,4837.05,0.25,credit card,Delivered,3,4,App
O004164,1,2026-08-18,C00470,P0026,4,14291.13,0.05,credit card,Delivered,5,3,App
O004456,3,2025-03-12,C00169,P0041,1,19851.39,0.15,Debit Card,Delivered,1,5,Marketplace
O003436,1,2025-04-25,C00968,P0137,2,4727.04,0.2,credit card,Delivered,5,3,web
O006172,1,2025-06-19,C01732,P0092,1,4035.97,0.05,credit card,Cancelled,,,Marketplace
O002526,1,2025-01-13,C01927,P0055,1,9431.83,0.1,Wallet,Delivered,2,5,web
O002719,1,2025-11-01,C01523,P0014,2,5696.92,0.25,Wallet,Delivered,4,3,APP
O005108,2,2025-08-25,C00134,P0066,1,23046.88,0.2,credit card,Delivered,3,4,App
O006171,2,2026-02-27,C01723,P0050,2,17244.08,0.2,Debit Card,Cancelled,,,Marketplace
O003199,1,2025-08-12,C00337,P0063,1,16658.74,0.1,Cash on Delivery,Delivered,2,5,App
O004425,1,2025-02-10,C00806,P0142,1,11489.78,0,Debit Card,Delivered,6,3,Marketplace
O004973,1,2025-03-16,C00645,P0024,1,21005.9,0.5,Credit Card,Returned,4,4,Web
O006191,1,2025-03-17,C00728,P0144,1,8009.78,0.05,credit card,Delivered,5,3,App
O004652,1,2026-08-29,C00693,P0009,1,14386.4,0.05,Wallet,Delivered,4,4,App
O003352,1,2025-04-10,C00056,P0038,3,342.33,0.2,Credit Card,Delivered,3,4,Marketplace
O000945,1,2025-09-10,C01929,P0120,1,12868.31,0,UPI,Delivered,4,,Marketplace
O001274,2,2025-05-19,C00793,P0109,1,15022.98,0.1,upi,Delivered,8,2,APP
O003214,2,2025-01-24,C00988,P0128,1,14433.16,0.15,UPI,Delivered,6,3,APP
O000654,2,2026-04-27,C00486,P0071,3,10891.39,0.1,Debit Card,Delivered,3,4,Marketplace
O001459,1,2025-10-23,C00712,P0046,2,4166.79,0.1,Wallet,Delivered,1,4,App
O003302,2,2025-02-08,C01961,P0106,1,2536.96,0.05,Credit Card,Delivered,4,4,APP
O000055,2,2025-03-30,C01797,P0037,1,17556.29,0.2,Debit Card,Delivered,5,3,Marketplace
O006308,1,2025-01-21,C00571,P0060,2,16254.74,0.15,credit card,Delivered,4,3,App
O005896,1,2026-01-13,C00643,P0003,1,18870.86,0.2,Wallet,Delivered,6,3,APP
O000384,1,2026-07-08,C00036,P0085,2,10258.21,0.1,UPI,Delivered,1,4,Web
O005485,1,2025-03-13,C00727,P0123,1,9335.78,0.25,UPI,Cancelled,,,Web
O001223,1,2026-03-23,C01503,P0072,2,11862.99,0,Cash on Delivery,Delivered,3,4,web
O001454,1,2025-02-22,C01700,P0113,5,3011.98,0.15,UPI,Delivered,5,3,Marketplace
O005213,2,2026-07-17,C01699,P0048,1,981.2,0,upi,Delivered,5,4,web
O002069,2,2025-07-07,C00199,P0048,2,1008.8,0.15,Wallet,Delivered,3,4,Marketplace
O002747,2,2025-01-25,C00864,P0025,2,4074.79,0.5,UPI,Delivered,5,3,APP
O000489,1,2026-06-20,C01653,P0123,1,9386.39,0.1,COD,Delivered,5,3,Marketplace
O002073,1,2026-07-03,C00221,P0074,2,11138.84,0.15,upi,Delivered,5,3,App
O003265,2,2025-03-28,C01064,P0097,1,3592.89,0.1,upi,Delivered,4,4,web
O001777,1,2025-10-23,C01155,P0052,1,18374.38,0.25,credit card,Delivered,5,3,Marketplace
O001508,2,2026-03-28,C00841,P0113,1,3153.24,0.1,Debit Card,Delivered,3,4,Web
O000201,1,2025-08-13,C01746,P0061,2,22238.56,0,Cash on Delivery,Delivered,6,3,App
O001293,1,2025-07-04,C00583,P0023,1,26214.74,0.5,upi,Delivered,5,4,App
O000435,1,2026-06-29,C00051,P0100,1,14148.78,0.15,upi,Delivered,6,3,Web
O002155,1,2025-02-19,C00696,P0006,1,19730.62,0.05,UPI,Delivered,1,,Web
O003602,1,2025-04-18,C01682,P0068,1,9600.73,0.1,Credit Card,Delivered,8,1,Web
O006060,2,2025-09-19,C01071,P0064,4,4506.77,0.1,UPI,Delivered,4,3,APP
O001183,1,2025-08-11,C00153,P0068,1,9644.55,0.15,credit card,Cancelled,,,web
O001884,3,2025-10-23,C00661,P0051,5,4014.42,0.05,Debit Card,Delivered,2,4,web
O005426,1,2026-02-28,C01054,P0061,1,22894.13,0.25,Cash on Delivery,Delivered,2,4,Web
O000418,1,2025-11-24,C00258,P0002,4,10164.29,0.25,COD,Cancelled,,,Web
O004642,1,2025-11-29,C00446,P0089,1,18679.39,0.1,Credit Card,Delivered,1,4,web
O002251,1,2026-05-13,C00600,P0014,1,5483.96,0.1,COD,Delivered,3,3,Marketplace
O001052,1,2025-08-26,C00711,P0039,3,11852.46,0.5,UPI,Delivered,3,3,APP
O002557,3,2025-12-10,C00757,P0070,4,4051.62,0.3,Debit Card,Cancelled,,,APP
O001009,2,2025-11-01,C00627,P0074,1,10763.4,0.05,Wallet,Delivered,7,2,web
O001224,2,2026-04-25,C01935,P0093,1,23042.81,0.65,Credit Card,Returned,3,3,Web
O002284,1,2026-07-31,C00824,P0117,1,3389.38,0,credit card,Delivered,2,4,Web
O005321,1,2026-01-07,C01822,P0122,4,1141.95,0.15,COD,Delivered,4,3,Marketplace
O003886,1,2025-02-27,C01035,P0071,1,10922.61,0.2,Debit Card,Delivered,3,4,App
O003652,2,2025-04-08,C00086,P0102,1,16950.84,0,Credit Card,Delivered,5,3,Web
O004460,1,2025-04-13,C00199,P0108,2,21316.77,0,credit card,Delivered,4,3,Web
O005700,1,2025-08-17,C01041,P0042,2,7068.15,0.15,upi,Delivered,6,3,Web
O000430,2,2025-02-21,C01274,P0109,1,14806.8,0.1,UPI,Delivered,7,2,Web
O003649,1,2026-07-01,C00823,P0004,1,18045.49,0.15,upi,Delivered,5,3,web
O000863,3,2026-01-29,C00384,P0032,1,21350.37,0.25,COD,Delivered,3,4,Web
O002985,1,2026-08-07,C00240,P0139,2,3487.4,0.05,Wallet,Delivered,3,4,APP
O002414,1,2025-05-31,C01444,P0142,1,11637.68,0.1,Cash on Delivery,Delivered,,,APP
O006208,1,2026-06-08,C01604,P0069,2,11190.67,0,credit card,Delivered,5,3,Marketplace
O006215,1,2025-08-03,C01745,P0083,1,5453.51,0.5,credit card,Delivered,2,4,App
O005533,2,2025-06-28,C00953,P0141,3,12551.04,0.1,COD,Delivered,5,3,App
O004239,1,2026-04-14,C01409,P0042,1,7085.32,0.1,Wallet,Delivered,5,4,APP
O002167,2,2025-07-24,C00134,P0033,1,614.51,0.15,Credit Card,Delivered,5,3,Web
O005998,1,2025-12-07,C01957,P0063,1,17042.81,0.1,Debit Card,Delivered,6,2,App
O005978,1,2025-05-21,C01183,P0143,1,4185.24,0.15,COD,Delivered,3,4,App
O000554,2,2026-06-30,C01364,P0131,1,18132.76,0,COD,Delivered,4,4,App
O001543,2,2026-04-07,C01550,P0095,2,15702.82,0.15,Debit Card,Delivered,5,,App
O003504,2,2026-08-02,C01309,P0008,3,22536.35,0.25,upi,Delivered,7,2,Web
O003942,2,2025-04-20,C01376,P0068,1,9077.24,0.5,Debit Card,Delivered,4,3,App
O000502,1,2025-11-12,C01223,P0121,1,22086.36,0.15,credit card,Delivered,4,,Web
O003844,3,2026-03-28,C01533,P0062,1,19050.27,0.05,Debit Card,Delivered,3,5,Marketplace
O005110,1,2025-02-17,C01071,P0097,1,3534.44,0.65,Cash on Delivery,Delivered,7,,Marketplace
O004318,2,2025-11-12,C01269,P0023,5,26768.28,0.15,UPI,Returned,6,2,App
O001490,1,2025-07-01,C00616,P0033,1,604.39,0,Cash on Delivery,Returned,4,4,App
O006043,3,2026-06-02,C00683,P0126,1,2104.25,0.3,COD,Delivered,2,4,APP
O001768,1,2026-01-30,C00565,P0001,1,8983.22,0,UPI,Delivered,2,5,APP
O006496,2,2025-01-22,C00014,P0025,1,4087.07,0.2,Credit Card,Delivered,4,4,web
O006080,1,2025-01-28,C01648,P0060,1,16536.18,0.05,,Delivered,3,4,Marketplace
O003322,3,2026-01-26,C00922,P0092,1,4080.32,0.1,Cash on Delivery,Delivered,5,2,APP
O002605,1,2026-03-28,C00901,P0091,1,250.45,0.25,COD,Delivered,6,3,APP
O001401,2,2026-07-03,C01812,P0069,1,12037.35,0.2,Debit Card,Returned,7,2,App
O002085,4,2025-12-14,C01122,P0111,1,1916.59,0.2,upi,Delivered,2,4,Web
O002359,2,2025-01-17,C00812,P0016,1,20264.67,0.5,Wallet,Delivered,6,2,Marketplace
O003288,3,2025-05-11,C01797,P0091,1,250.84,0.15,Wallet,Delivered,2,,APP
O003176,1,2026-04-19,C01982,P0110,2,8640.37,0.1,upi,Cancelled,,,APP
O002974,1,2025-09-22,C01371,P0076,1,27789.15,0.15,COD,Delivered,,,Web
O003430,3,2026-01-18,C00744,P0100,1,14260.85,0.1,Cash on Delivery,Delivered,7,2,App
O000906,1,2025-08-16,C00290,P0102,2,16405.27,0,Debit Card,Delivered,3,5,web
O000439,2,2025-05-23,C00532,P0007,1,12115.32,0.15,Wallet,Delivered,5,3,Web
O000785,1,2025-11-13,C01762,P0031,2,21744.27,0.15,COD,Delivered,6,3,App
O003446,2,2026-01-01,C01625,P0069,2,11870.21,0.15,Cash on Delivery,Returned,3,4,Marketplace
O005657,1,2025-11-18,C01121,P0025,1,4106.07,0.25,COD,Delivered,4,,APP
O005808,4,2025-08-04,C01705,P0076,1,27345.37,0.5,Debit Card,Delivered,6,2,Marketplace
O005705,1,2025-01-03,C00622,P0106,1,2503.7,0.25,upi,Delivered,3,4,web
O003279,2,2025-04-20,C01331,P0141,2,12545.29,0.05,Debit Card,Delivered,2,4,Marketplace
O000727,3,2025-05-22,C00850,P0022,1,5495.26,0.2,Cash on Delivery,Cancelled,,,Web
O003665,3,2025-12-08,C00088,P0107,1,22728.23,0.05,UPI,Delivered,4,4,App
O004987,2,2025-09-06,C01719,P0118,2,3126.43,0.3,credit card,Delivered,3,3,web
O003229,2,2026-06-20,C00930,P0072,2,12414.88,0.15,credit card,Delivered,2,4,web
O000733,1,2025-02-17,C01661,P0107,2,24039.13,0.15,UPI,Delivered,4,3,Marketplace
O002730,2,2026-06-16,C00254,P0039,2,12442.35,0.15,Cash on Delivery,Delivered,5,4,App
O002355,2,2026-02-21,C00495,P0028,2,8272.02,0.25,upi,Delivered,1,5,Marketplace
O003356,2,2025-01-18,C00167,P0008,1,21884.28,0.5,UPI,Delivered,7,2,App
O005834,1,2026-08-26,C00566,P0086,1,3630.74,0,UPI,Cancelled,,,App
O004027,1,2025-04-11,C01719,P0141,2,12434.72,0.1,upi,Delivered,4,4,web
O003290,1,2025-02-14,C00728,P0130,2,17792.07,0.05,COD,Delivered,1,4,Marketplace
O003641,1,2026-06-04,C01875,P0030,3,14774.88,0,upi,Delivered,4,4,web
O003853,1,2025-07-01,C00443,P0124,4,13711.52,0.3,upi,Delivered,6,3,App
O004813,1,2025-09-12,C00345,P0029,3,4849.75,0.2,COD,Delivered,4,3,App
O003429,2,2025-10-02,C00447,P0140,1,13949.21,0.1,UPI,Returned,4,3,Web
O000711,2,2025-01-24,C00028,P0063,2,17521.22,0.15,Debit Card,Delivered,7,2,web
O003175,2,2025-03-19,C01505,P0101,1,8083.61,0.05,UPI,Returned,4,4,Marketplace
O004689,2,2025-02-27,C01874,P0111,2,1858.53,0.15,Credit Card,Delivered,5,3,Marketplace
O005788,1,2025-02-03,C00915,P0070,3,4258.16,0.25,credit card,Delivered,6,2,web
O005217,3,2025-05-21,C01989,P0095,1,15437.97,0.15,COD,Delivered,3,4,App
O000125,3,2025-02-21,C01372,P0010,1,23980.43,0.25,upi,Cancelled,,,web
O001417,2,2026-05-16,C01909,P0124,1,13560.36,0.05,upi,Delivered,4,4,App
O000936,2,2025-09-02,C00496,P0068,1,9034.24,0,upi,Delivered,3,4,App
O006255,2,2025-01-06,C00047,P0100,1,13547.84,0.15,upi,Delivered,2,5,Web
O003208,2,2025-11-30,C01427,P0015,1,22222.36,0.15,Wallet,Delivered,4,4,Web
O002457,1,2025-03-20,C00442,P0074,1,10641.88,0.05,UPI,Returned,5,3,APP
O004878,1,2025-02-10,C01811,P0044,2,13742.67,0,credit card,Delivered,2,5,Marketplace
O006089,3,2026-05-12,C00086,P0004,2,18141.26,0.05,Credit Card,Delivered,5,3,App
O001475,2,2025-08-21,C01854,P0051,2,4216.06,0.25,COD,Cancelled,,,App
O000415,3,2026-06-18,C00414,P0086,1,3698.21,0.2,Credit Card,Delivered,6,2,web
O001806,2,2025-07-14,C00324,P0086,2,3747.58,0,Wallet,Delivered,4,4,Marketplace
O004830,2,2025-03-20,C00222,P0018,1,13829.88,0.25,upi,Delivered,3,4,APP
O003547,1,2025-02-19,C00651,P0123,2,9371.99,0,Debit Card,Delivered,2,4,Marketplace
O002374,1,2026-02-26,C00723,P0041,1,21113.1,0.15,Wallet,Delivered,5,3,App
O001213,1,2025-10-28,C00077,P0119,1,19583.1,0,Cash on Delivery,Delivered,2,5,Web
O002251,2,2026-05-13,C00600,P0105,1,26336.41,0.05,COD,Delivered,3,3,Marketplace
O004071,2,2025-07-08,C01452,P0128,1,14446.12,0.1,credit card,Delivered,5,,Marketplace
O006005,2,2025-05-07,C00164,P0001,1,9011.62,0.1,credit card,Delivered,3,3,App
O001459,2,2025-10-23,C00712,P0120,1,13108.56,0,Wallet,Delivered,1,4,App
O005751,1,2025-01-12,C00646,P0060,2,17069.15,0,Cash on Delivery,Delivered,3,4,Marketplace
O000861,1,2025-03-11,C00033,P0090,2,4803.27,0.25,Wallet,Delivered,5,2,Marketplace
O000040,1,2025-07-09,C00472,P0119,3,20467.52,0.15,UPI,Delivered,4,4,App
O001696,1,2026-05-23,C01815,P0056,1,11117.68,0.25,upi,Delivered,6,3,web
O000219,2,2025-05-06,C00656,P0036,1,18221.62,0.1,COD,Delivered,5,3,Web
O005702,2,2025-03-09,C01156,P0062,1,18601.21,0.2,credit card,Delivered,6,,APP
O003793,2,2026-04-11,C00464,P0067,1,11320.6,0.2,credit card,Delivered,3,4,web
O001551,1,2025-08-01,C00450,P0098,1,12424.61,0.05,UPI,Returned,3,4,App
O000256,2,2026-07-01,C00160,P0025,2,4114.02,0.1,Cash on Delivery,Delivered,5,3,App
O001432,3,2025-12-29,C01650,P0108,1,21263.17,0.1,Debit Card,Cancelled,,,Web
O006204,1,2025-10-06,C01162,P0041,3,20513.79,0,upi,Delivered,6,2,Web
O003796,1,2025-08-21,C01671,P0080,5,21925.74,0.5,UPI,Delivered,6,2,APP
O004856,1,2026-06-12,C01610,P0026,1,13755.17,0,Wallet,Delivered,7,2,App
O000564,2,2026-04-08,C01859,P0002,1,10797.8,0.1,Debit Card,Delivered,6,2,App
O000713,1,2025-11-29,C01871,P0071,1,10841.25,0.15,Credit Card,Delivered,7,3,Web
O003810,2,2025-10-19,C01131,P0016,1,20078.85,0,UPI,Delivered,6,3,Marketplace
O004078,1,2025-09-04,C00864,P0083,1,5578.96,0,Wallet,Returned,3,3,Marketplace
O005110,2,2025-02-17,C01071,P0112,2,21059.87,0.1,Cash on Delivery,Delivered,7,,Marketplace
O005214,1,2025-04-06,C00311,P0120,1,12852.06,0.1,Cash on Delivery,Delivered,4,3,App
O003749,2,2025-05-17,C00977,P0131,1,18984.85,0.15,upi,Delivered,2,4,App
O002992,1,2026-01-22,C01870,P0072,1,12061.2,0,Wallet,Delivered,6,3,Web
O003102,1,2026-01-09,C00302,P0023,1,26969.2,0.15,upi,Delivered,3,4,App
O006052,3,2026-01-31,C01970,P0005,1,5107.96,0.3,Cash on Delivery,Delivered,5,3,Web
O004640,2,2025-03-12,C01805,P0092,1,4228.06,0.15,upi,Returned,4,4,Web
O003753,1,2025-09-27,C01715,P0101,1,8468.96,0.3,,Delivered,6,3,App
O004123,2,2026-06-30,C01027,P0125,1,4565.43,0.1,UPI,Returned,6,2,App
O002794,1,2025-09-01,C01726,P0082,1,15131.62,0.1,credit card,Delivered,,,Marketplace
O004789,2,2026-06-05,C00084,P0137,1,4838.33,0.1,credit card,Delivered,8,1,App
O000580,1,2026-05-21,C00291,P0110,2,8748.58,0.1,credit card,Cancelled,,,web
O000672,1,2025-03-18,C01322,P0102,2,16865.03,0.1,Cash on Delivery,Delivered,4,4,App
O002336,1,2025-06-23,C00427,P0087,1,6716.77,0.05,UPI,Cancelled,,,web
O005416,1,2025-10-31,C01201,P0039,2,12073.42,0.2,Wallet,Delivered,5,,APP
O006062,1,2026-06-25,C00778,P0107,2,24204.59,0.65,credit card,Delivered,1,4,App
O004683,2,2025-12-10,C00101,P0097,2,3603.7,0.05,credit card,Returned,4,4,web
O003162,2,2025-11-29,C00689,P0126,1,2012.51,0,upi,Delivered,7,2,web
O004641,2,2025-10-17,C00440,P0124,1,13808.75,0.2,UPI,Delivered,5,3,APP
O001915,1,2025-03-05,C00481,P0006,1,20033.66,0,Wallet,Delivered,6,2,APP
O004682,1,2026-02-15,C00420,P0052,1,18777.19,0.2,COD,Delivered,5,3,Web
O004064,1,2025-10-14,C01131,P0110,1,8211.66,0.05,credit card,Delivered,1,5,App
O005911,3,2026-05-20,C01283,P0035,1,17845.35,0.65,COD,Delivered,2,4,APP
O000706,2,2026-01-11,C00969,P0119,1,20113.06,0.05,credit card,Delivered,3,4,Marketplace
O001953,2,2025-10-28,C01189,P0030,1,14495.83,0.05,Credit Card,Delivered,5,3,Web
O002921,1,2025-03-05,C00479,P0101,2,8527.83,0.3,COD,Delivered,2,4,App
O001842,1,2025-10-20,C00896,P0077,1,10759.3,0.05,COD,Delivered,9,2,web
O000301,2,2025-11-27,C01462,P0096,2,2947.7,0.05,Debit Card,Delivered,1,4,Marketplace
O003691,4,2025-07-26,C01139,P0016,1,21102.14,0.05,Wallet,Delivered,3,3,Web
O005544,1,2025-09-29,C01327,P0115,2,4784.66,0.2,Credit Card,Delivered,5,3,Web
O005068,1,2026-08-14,C01384,P0074,5,10716.6,0.2,COD,Delivered,1,4,Web
O000820,1,2026-01-09,C00689,P0094,4,6334.86,0.15,Debit Card,Delivered,2,4,Web
O002017,1,2025-08-20,C00559,P0019,1,25123.94,0.2,Cash on Delivery,Delivered,7,2,APP
O004274,1,2025-10-09,C01443,P0124,1,13432.21,0.15,Debit Card,Delivered,5,4,APP
O003997,1,2025-06-28,C01888,P0122,2,1196.81,0.15,COD,Cancelled,,,App
O004582,2,2025-03-11,C00142,P0005,1,5191.79,0.05,Wallet,Delivered,2,5,Web
O000015,1,2025-04-04,C01566,P0070,1,4362.33,0.15,upi,Delivered,3,3,APP
O005653,1,2026-01-08,C00459,P0134,1,18331.12,0,Credit Card,Delivered,4,4,Marketplace
O000608,2,2025-08-20,C00037,P0081,1,21789.31,0.2,Debit Card,Delivered,6,3,App
O000224,1,2026-06-20,C00806,P0095,1,15737.01,0.2,credit card,Delivered,5,3,APP
O001903,2,2025-09-11,C00722,P0070,1,4087.75,0.05,Wallet,Delivered,7,1,APP
O000229,2,2025-03-21,C00125,P0056,1,10726.67,0.05,UPI,Delivered,3,3,App
O005433,1,2025-02-15,C00217,P0116,1,11656.67,0.05,UPI,Delivered,7,1,APP
O006100,2,2026-04-12,C00593,P0099,1,19836.06,0.1,Wallet,Delivered,2,5,Marketplace
O003707,2,2025-10-07,C00271,P0105,1,26061.78,0.1,credit card,Delivered,6,,web
O001085,1,2026-02-10,C01312,P0108,2,21522.26,0.1,credit card,Returned,6,2,Marketplace
O005027,1,2025-11-20,C01738,P0048,5,0,0.15,credit card,Delivered,5,3,Web
O001555,2,2026-06-22,C00983,P0040,2,12668.06,0.05,Credit Card,Returned,1,5,Marketplace
O006381,3,2025-03-01,C00395,P0126,1,2012.9,0,Debit Card,Delivered,4,3,Marketplace
O003721,1,2026-04-05,C01866,P0117,3,3549.34,0.05,Debit Card,Delivered,5,,Web
O000209,2,2026-06-02,C00789,P0027,1,19042.36,0,UPI,Delivered,5,2,APP
O006329,1,2026-05-22,C00934,P0125,1,4713.11,0.15,Wallet,Delivered,3,4,web
O001824,2,2025-02-22,C01653,P0023,1,26365.8,0.2,Wallet,Delivered,5,3,App
O005432,1,2026-04-30,C01193,P0080,1,21658.39,0.2,Debit Card,Delivered,3,4,web
O002719,2,2025-11-01,C01523,P0105,1,25205.09,0.1,Wallet,Delivered,4,3,APP
O000068,1,2025-04-19,C00941,P0039,2,12407.38,0.15,Credit Card,Delivered,4,,Marketplace
O006234,3,2025-07-25,C01491,P0068,1,9671.21,0.25,COD,Delivered,5,4,Web
O000021,2,2025-11-22,C01332,P0103,2,27427.21,0.15,credit card,Delivered,3,4,Web
O002992,2,2026-01-22,C01870,P0102,1,16458.09,0.1,Wallet,Delivered,6,3,Web
O002958,1,2025-11-20,C00936,P0048,2,1019.81,0,Credit Card,Delivered,6,2,Web
O002649,3,2025-07-11,C01512,P0014,1,5779.6,0.05,UPI,Delivered,2,4,Marketplace
O006335,1,2026-03-10,C00649,P0135,1,3558.81,0.15,upi,Returned,6,2,APP
O003528,1,2026-08-17,C01833,P0098,2,12623.08,0.15,Credit Card,Delivered,6,3,App
O001988,2,2026-03-27,C00587,P0137,1,4596.58,0.5,UPI,Cancelled,,,Marketplace
O001760,2,2026-01-26,C00879,P0025,2,4047.0,0.05,Debit Card,Returned,6,3,Marketplace
O000159,1,2025-04-20,C00730,P0128,2,14345.85,0,Wallet,Delivered,6,2,APP
O005153,2,2026-08-27,C01815,P0063,1,17298.71,0.1,Credit Card,Delivered,5,3,Marketplace
O002579,1,2025-11-23,C00409,P0106,1,2501.64,0.05,Wallet,Delivered,4,3,Web
O000810,1,2025-06-12,C00424,P0103,1,28232.48,0.1,UPI,Delivered,4,4,APP
O003994,3,2025-12-02,C01436,P0039,1,12508.57,0.15,Wallet,Delivered,,,web
O001345,3,2026-06-19,C01122,P0090,1,4759.69,0,UPI,Returned,5,4,web
O002587,2,2025-05-12,C00747,P0038,1,329.37,0.25,Credit Card,Delivered,1,5,App
O000874,4,2025-03-08,C00895,P0082,1,15798.95,0.25,credit card,Delivered,4,3,Marketplace
O004642,2,2025-11-29,C00446,P0130,1,17040.3,0.05,Credit Card,Delivered,1,4,web
O000979,1,2026-06-07,C01139,P0066,1,22773.45,0.3,credit card,Delivered,5,3,App
O001321,1,2026-05-22,C00497,P0057,1,4751.61,0.2,COD,Delivered,5,2,APP
O000987,2,2025-03-18,C00331,P0065,1,17000.94,0.25,upi,Delivered,5,3,web
O001589,2,2026-03-07,C01329,P0098,1,12375.48,0.05,COD,Cancelled,,,Marketplace
O002085,3,2025-12-14,C01122,P0001,1,9126.85,0.3,upi,Delivered,2,4,Web
O003394,2,2026-03-19,C00215,P0072,1,11916.23,0.15,COD,Delivered,8,2,Web
O002006,1,2025-12-10,C01036,P0138,1,977.28,0.15,credit card,Delivered,5,3,web
O004202,4,2025-10-05,C01550,P0062,1,17988.83,0.3,COD,Delivered,1,5,Marketplace
O005882,3,2026-04-20,C00247,P0081,1,21948.18,0.05,credit card,Delivered,4,3,App
O002637,1,2025-10-31,C01027,P0076,1,27281.79,0.15,UPI,Returned,7,,App
O002773,2,2026-05-17,C00252,P0024,2,20555.33,0.1,Cash on Delivery,Delivered,3,5,APP
O001717,1,2026-04-24,C01078,P0126,1,2081.31,0.1,Debit Card,Delivered,6,3,Web
O006396,3,2026-08-19,C01603,P0134,4,18216.43,0.15,UPI,Delivered,4,,App
O005279,2,2026-03-16,C01439,P0035,1,18512.59,0.1,Debit Card,Delivered,3,4,web
O002121,3,2025-12-11,C01341,P0093,1,23687.75,0.15,Credit Card,Delivered,4,4,App
O004747,1,2025-08-29,C01200,P0011,1,16212.62,0.15,credit card,Returned,4,4,App
O000791,2,2025-01-19,C00639,P0007,1,11639.32,0,upi,Delivered,6,3,Web
O002300,2,2025-01-12,C01741,P0062,4,18839.27,0,Wallet,Delivered,6,2,web
O006425,1,2025-12-05,C00954,P0137,2,4694.12,0.25,upi,Delivered,3,3,App
O002969,3,2026-02-01,C01294,P0113,1,2970.55,0,UPI,Delivered,4,3,web
O000003,2,2026-04-06,C00817,P0004,1,18169.41,0,upi,Delivered,1,5,web
O004579,1,2025-05-20,C00734,P0038,1,327.23,0.05,Credit Card,Delivered,4,4,App
O000862,2,2025-06-09,C01562,P0136,1,13569.8,0.15,credit card,Delivered,3,4,Web
O001854,2,2025-05-22,C00078,P0091,2,260.29,0.1,upi,Delivered,3,4,Web
O005639,1,2025-07-30,C01450,P0086,3,3791.76,0.1,UPI,Delivered,4,4,web
O000741,2,2026-07-01,C00576,P0004,4,18729.42,0.1,upi,Delivered,4,3,APP
O003857,2,2026-07-19,C01492,P0090,1,4975.19,0.15,Cash on Delivery,Delivered,5,3,Marketplace
O001427,1,2025-09-12,C00583,P0100,1,13263.44,0.1,Debit Card,Delivered,3,4,Web
O002493,2,2026-07-18,C01954,P0140,1,13678.78,0.1,Wallet,Delivered,4,3,Web
O005302,1,2025-10-27,C00365,P0037,1,18368.28,0.2,Wallet,Delivered,,,APP
O003024,1,2026-04-01,C01465,P0122,1,1206.15,0,Wallet,Delivered,1,5,App
O005903,1,2026-06-21,C01216,P0096,2,3043.56,0.3,credit card,Delivered,6,3,App
O001046,1,2026-03-20,C00976,P0118,1,3123.72,0.1,credit card,Cancelled,,,Marketplace
O006451,3,2026-08-27,C01343,P0039,1,12703.08,0,Wallet,Delivered,3,4,APP
O000364,2,2026-05-02,C00168,P0058,1,12914.39,0,Wallet,Delivered,1,4,web
O004233,2,2026-06-11,C00138,P0027,2,19945.94,0.2,Debit Card,Delivered,5,2,APP
O004542,1,2026-02-14,C01589,P0122,5,1174.18,0.05,Debit Card,Delivered,7,2,web
O002165,2,2025-03-24,C01381,P0113,1,2998.87,0,COD,Returned,5,3,APP
O000192,1,2025-04-05,C00788,P0117,2,3401.02,0,Credit Card,Delivered,5,3,APP
O005295,1,2025-01-23,C01433,P0070,1,4087.99,0.1,Debit Card,Delivered,4,3,APP
O004943,3,2025-12-31,C00946,P0102,1,16951.32,0.05,Wallet,Delivered,5,2,Web
O000823,1,2025-07-14,C01405,P0128,2,13943.99,0.15,credit card,Delivered,2,,APP
O003919,1,2025-06-28,C01423,P0051,1,4183.82,0,COD,Delivered,3,4,Web
O002048,3,2026-07-13,C00981,P0014,2,5863.76,0.15,Debit Card,Delivered,3,4,Web
O002372,1,2025-07-27,C01355,P0046,1,4097.45,0.3,Debit Card,Delivered,5,3,APP
O002940,1,2025-05-16,C00849,P0094,1,6035.07,0.05,Debit Card,Delivered,4,4,App
O000979,2,2026-06-07,C01139,P0015,2,21609.74,0,credit card,Delivered,5,3,App
O002588,2,2025-05-14,C00299,P0127,1,14286.9,0.25,Debit Card,Delivered,5,3,Marketplace
O002258,2,2026-08-09,C00738,P0110,1,8401.37,0.3,Debit Card,Delivered,3,4,App
O002867,1,2025-05-18,C01833,P0103,1,26720.7,0.1,Credit Card,Delivered,4,3,APP
O002170,1,2026-01-30,C01899,P0070,4,4115.49,0.05,Wallet,Delivered,4,3,web
O001973,2,2025-11-05,C00871,P0012,2,8036.61,0.15,Cash on Delivery,Delivered,3,3,App
O006446,1,2026-06-26,C01338,P0101,2,8084.47,0.05,credit card,Delivered,3,5,Web
O003254,1,2025-07-22,C00500,P0091,4,256.37,0.15,Wallet,Delivered,4,3,Web
O001856,1,2025-02-26,C01530,P0072,3,12420.7,0.25,COD,Delivered,2,4,Marketplace
O004970,2,2026-06-19,C01804,P0089,3,17442.08,0.15,credit card,Delivered,5,3,App
O003530,2,2026-07-12,C01614,P0144,1,8234.1,0.25,Debit Card,Delivered,5,2,web
O003689,1,2025-10-18,C00082,P0018,1,14159.14,0.05,Debit Card,Delivered,4,4,Web
O001178,3,2025-06-28,C01658,P0099,1,20154.49,0.05,UPI,Returned,5,3,Marketplace
O003687,1,2025-07-12,C01464,P0065,1,17074.29,0.05,Cash on Delivery,Delivered,3,3,Web
O001976,1,2025-01-03,C01309,P0098,1,13093.32,0.3,Wallet,Returned,4,4,APP
O005274,1,2026-01-15,C01376,P0062,3,18127.27,0,Credit Card,Delivered,2,4,App
O001557,3,2026-01-16,C00688,P0110,1,8691.01,0,Credit Card,Delivered,5,3,APP
O005348,3,2026-04-04,C01208,P0144,2,8584.16,0.1,UPI,Delivered,3,4,web
O003878,1,2025-08-16,C01909,P0130,1,17999.41,0.1,Wallet,Delivered,3,4,APP
O001033,1,2025-03-10,C00324,P0057,1,4584.95,0.05,Cash on Delivery,Delivered,6,3,web
O000454,1,2026-01-17,C00461,P0124,1,13775.74,0.15,upi,Cancelled,,,App
O001701,1,2025-03-22,C01328,P0051,1,4198.85,0.25,Debit Card,Delivered,5,3,Web
O005259,2,2025-10-08,C01558,P0084,1,16236.53,0.15,UPI,Delivered,1,4,web
O004480,2,2025-02-05,C01025,P0028,1,8378.45,0.15,Cash on Delivery,Delivered,7,2,Marketplace
O004997,1,2025-05-30,C00876,P0121,1,22396.57,0.15,upi,Delivered,7,2,Web
O004429,1,2025-05-26,C00620,P0123,1,8853.06,0.3,UPI,Delivered,7,2,App
O002126,4,2025-05-17,C01932,P0140,3,13199.75,0.15,Credit Card,Delivered,4,4,App
O001008,2,2025-07-30,C00748,P0008,1,22052.83,0.15,upi,Delivered,4,3,Web
O004149,1,2025-10-18,C01603,P0083,3,5473.2,0.15,COD,Delivered,3,4,Web
O002055,2,2025-10-21,C01317,P0013,1,5721.58,0.1,Wallet,Delivered,3,3,APP
O000496,2,2025-12-26,C00453,P0113,1,3175.53,0.15,upi,Delivered,2,5,App
O004994,1,2026-01-22,C00571,P0078,4,25404.59,0.1,credit card,Delivered,7,3,web
O006303,1,2026-07-13,C01511,P0129,1,14860.56,0.3,Debit Card,Delivered,5,3,Marketplace
O004945,1,2026-03-01,C01371,P0075,1,10482.28,0.2,credit card,Delivered,3,4,web
O006386,1,2026-05-30,C00553,P0094,1,6027.71,0.05,Debit Card,Delivered,3,3,web
O006218,1,2025-05-23,C01421,P0015,1,22804.63,0.3,UPI,Delivered,6,2,APP
O005202,1,2026-01-02,C01495,P0130,2,16927.72,0,upi,Delivered,4,3,Web
O005614,3,2025-12-27,C01069,P0013,1,5758.78,0,COD,Delivered,3,4,APP
O002578,1,2025-07-10,C00454,P0092,1,4124.88,0.15,Credit Card,Delivered,4,3,Web
O005031,1,2026-08-13,C00176,P0143,1,4089.05,0.1,Credit Card,Delivered,6,3,Marketplace
O004851,1,2026-08-27,C00138,P0131,3,18641.1,0.1,Cash on Delivery,Delivered,3,4,web
O001369,1,2026-02-18,C00028,P0041,1,19705.82,0.15,Wallet,Delivered,2,5,Web
O000448,1,2025-03-24,C01198,P0078,2,26781.33,0.1,upi,Delivered,2,5,App
O002243,2,2025-07-27,C00906,P0052,4,19663.85,0.15,upi,Delivered,5,3,App
O006399,2,2025-10-14,C01316,P0084,2,17070.97,0.05,Wallet,Delivered,4,3,web
O005081,2,2025-03-23,C00425,P0097,1,3511.53,0.15,upi,Delivered,3,4,Web
O003135,2,2025-12-19,C01596,P0140,1,13112.09,0.05,COD,Delivered,2,5,App
O001622,1,2025-02-03,C01195,P0094,3,6386.39,0.1,Debit Card,Cancelled,,,Web
O004954,2,2026-06-22,C00744,P0093,1,23743.47,0.1,COD,Delivered,5,3,Web
O002367,4,2026-02-18,C01162,P0038,1,328.04,0.1,upi,Delivered,1,4,Web
O005176,1,2025-09-06,C00376,P0076,4,27694.63,0.15,upi,Returned,6,,Web
O006273,1,2025-11-13,C00322,P0067,2,11201.78,0.2,Debit Card,Cancelled,,,Marketplace
O001022,1,2026-05-18,C00932,P0017,2,3245.44,0,Debit Card,Delivered,5,3,APP
O002792,2,2025-12-27,C01739,P0131,3,18594.98,0.1,UPI,Cancelled,,,Web
O004727,1,2026-07-23,C00413,P0121,2,22035.34,0.05,Credit Card,Delivered,7,3,APP
O005275,1,2025-02-09,C00306,P0139,1,3669.18,0,Credit Card,Delivered,5,2,web
O003412,1,2026-08-27,C01230,P0086,5,3679.98,0.1,upi,Delivered,5,4,APP
O003697,1,2026-07-02,C01307,P0128,1,14544.11,0.2,UPI,Delivered,2,4,Web
O004557,1,2026-04-30,C01650,P0012,1,7985.42,0.3,credit card,Delivered,6,2,APP
O001861,2,2025-11-11,C01166,P0030,1,14914.13,0,UPI,Returned,4,4,web
O005186,1,2025-11-08,C00274,P0137,2,4642.66,0.15,UPI,Delivered,5,2,Web
O003331,4,2026-04-28,C00633,P0126,1,2099.57,0,Cash on Delivery,Delivered,3,4,APP
O001336,1,2025-05-17,C00148,P0046,1,4149.43,0,upi,Delivered,5,4,web
O000662,1,2025-01-31,C00897,P0139,1,3493.86,0.1,upi,Delivered,3,4,APP
O005764,1,2025-07-19,C00587,P0023,2,26160.94,0.25,COD,Delivered,6,3,App
O001717,2,2026-04-24,C01078,P0092,2,4103.53,0.15,Debit Card,Delivered,6,3,Web
O001606,2,2025-07-25,C00755,P0013,2,5697.85,0.3,Wallet,Delivered,5,3,web
O003012,2,2026-02-26,C01195,P0003,1,18817.64,0,COD,Delivered,5,3,web
O004292,2,2026-03-11,C01514,P0089,2,18435.28,0.2,Debit Card,Delivered,5,3,web
O002490,1,2025-07-16,C01832,P0116,2,11615.63,0.15,Cash on Delivery,Delivered,,,web
O001950,3,2026-02-07,C01897,P0069,1,11455.93,0.05,Wallet,Delivered,5,3,APP
O005850,1,2025-01-29,C01965,P0046,2,4174.75,0.05,COD,Cancelled,,,Marketplace
O003502,2,2025-10-01,C01024,P0113,1,3084.19,0.25,Wallet,Delivered,8,1,APP
O005825,1,2026-01-24,C01403,P0098,2,12843.16,0,Credit Card,Delivered,4,,APP
O004906,2,2025-06-29,C01233,P0043,1,16442.74,0.15,Debit Card,Returned,4,,App
O001435,3,2025-08-29,C01927,P0035,1,17608.14,0.15,Debit Card,Delivered,4,4,Web
O003974,1,2026-06-03,C00534,P0100,1,13786.46,0,Cash on Delivery,Delivered,4,4,web
O004308,1,2026-04-11,C00294,P0052,2,19684.02,0.05,credit card,Delivered,3,4,Marketplace
O006408,2,2025-03-18,C01145,P0045,1,27982.04,0.1,upi,Delivered,2,4,Marketplace
O005511,1,2025-07-13,C01500,P0104,1,5038.75,0.15,Wallet,Delivered,2,4,APP
O006327,2,2026-02-22,C01085,P0111,1,1796.91,0.25,credit card,Delivered,4,4,APP
O000072,1,2026-05-16,C01481,P0029,1,4798.23,0.2,COD,Delivered,3,4,Marketplace
O004854,1,2025-12-07,C01272,P0072,2,12223.83,0.2,Credit Card,Delivered,2,4,Web
O003819,2,2026-06-03,C01801,P0117,2,3533.3,0.05,upi,Delivered,6,2,App
O003280,1,2026-06-06,C00628,P0023,1,25793.03,0.1,Credit Card,Returned,4,3,Web
O000842,1,2025-06-01,C00556,P0085,3,9886.25,0.05,Debit Card,Delivered,3,3,web
O004646,1,2026-03-23,C01959,P0023,1,26287.48,0.1,UPI,Returned,2,,Marketplace
O003072,1,2025-04-03,C00512,P0084,1,17364.34,0.05,upi,Delivered,4,3,App
O002875,1,2026-03-19,C01702,P0040,1,13360.85,0.3,Cash on Delivery,Delivered,5,3,Web
O004973,2,2025-03-16,C00645,P0084,1,16759.82,0.15,Credit Card,Returned,4,4,Web
O003854,3,2025-10-02,C01974,P0076,1,26869.15,0.3,Cash on Delivery,Delivered,6,2,Marketplace
O004951,2,2025-11-25,C00199,P0076,2,26719.99,0,credit card,Delivered,5,4,Web
O006279,1,2025-09-20,C00334,P0032,2,20958.38,0.1,Cash on Delivery,Delivered,,,APP
O002318,1,2026-02-01,C01793,P0041,1,20093.79,0.2,upi,Delivered,3,3,APP
O005310,1,2025-07-22,C00522,P0030,1,14583.53,0,upi,Delivered,,,APP
O003079,2,2026-08-13,C00468,P0095,1,15819.51,0.3,Cash on Delivery,Delivered,2,4,web
O005327,3,2026-05-31,C00529,P0035,2,17518.47,0.1,Cash on Delivery,Delivered,3,5,App
O002221,1,2025-02-03,C01224,P0036,1,18131.91,0.15,credit card,Delivered,5,4,Marketplace
O004494,1,2025-04-24,C00535,P0104,2,4804.55,0.05,credit card,Cancelled,,,Marketplace
O002140,1,2025-11-30,C00617,P0077,2,10707.81,0.1,Debit Card,Delivered,,,Marketplace
O005259,1,2025-10-08,C01558,P0010,3,23546.55,0,UPI,Delivered,1,4,web
O003769,2,2026-02-19,C00083,P0056,1,10976.04,0.15,Credit Card,Delivered,4,3,APP
O001189,1,2025-04-11,C01939,P0009,1,14825.19,0.1,Debit Card,Delivered,7,2,Marketplace
O005495,1,2025-02-13,C01793,P0063,1,16789.2,0.1,Cash on Delivery,Delivered,4,4,Web
O003897,2,2025-06-29,C00970,P0057,2,4575.93,0.15,Cash on Delivery,Delivered,4,3,Web
O002739,1,2025-12-21,C01998,P0140,2,13703.11,0.2,credit card,Cancelled,,,Web
O006276,1,2025-03-13,C01350,P0035,1,18394.22,0.2,UPI,Delivered,4,3,web
O000027,2,2025-02-21,C00670,P0081,1,22082.81,0.05,Debit Card,Delivered,6,2,APP
O001021,1,2026-08-08,C01691,P0005,1,5407.64,0,Cash on Delivery,Delivered,5,3,APP
O004472,1,2026-06-16,C00275,P0117,5,3422.84,0.15,Credit Card,Delivered,,,Web
O005714,2,2026-06-09,C00948,P0092,3,4118.68,0,UPI,Delivered,4,3,Marketplace
O000814,1,2025-12-30,C01778,P0120,3,12995.97,0.05,COD,Returned,3,4,APP
O002214,4,2025-10-23,C00492,P0104,1,5068.06,0,Credit Card,Delivered,3,4,Web
O002031,1,2025-12-26,C00418,P0120,1,12938.76,0.1,Wallet,Delivered,5,3,APP
O005398,2,2025-08-04,C00150,P0061,2,22517.24,0,Debit Card,Cancelled,,,APP
O000374,3,2025-01-17,C00278,P0075,1,10666.38,0.1,Wallet,Delivered,6,2,App
O005399,1,2026-05-29,C01460,P0117,1,3451.11,0.2,Cash on Delivery,Returned,3,,Web
O000872,1,2026-08-28,C01539,P0139,3,3431.06,0.1,Cash on Delivery,Delivered,2,5,web
O004369,1,2026-06-17,C00631,P0142,2,11846.2,0.1,COD,Delivered,4,4,App
O002395,1,2026-08-22,C01824,P0003,1,19875.85,0.1,credit card,Returned,5,3,APP
O006435,3,2025-04-01,C01926,P0040,4,12527.76,0.05,Cash on Delivery,Delivered,8,2,App
O004698,2,2026-07-01,C00906,P0129,1,14640.25,0.1,Credit Card,Delivered,7,2,App
O002151,2,2025-10-21,C01350,P0142,1,12195.47,0,upi,Returned,1,5,Marketplace
O003010,2,2026-04-26,C00448,P0082,2,15152.44,0.05,COD,Delivered,1,5,APP
O003126,3,2025-09-26,C00652,P0024,2,20953.37,0.15,Cash on Delivery,Delivered,3,3,App
O005588,1,2025-02-10,C01518,P0079,1,7309.95,0.1,UPI,Delivered,5,3,web
O005663,1,2026-03-04,C00724,P0078,1,25594.95,0.25,Wallet,Delivered,3,3,Web
O005823,1,2025-01-05,C00821,P0067,1,10734.23,0,,Delivered,4,3,Web
O002300,1,2025-01-12,C01741,P0079,1,7494.86,0.3,Wallet,Delivered,6,2,web
O000674,1,2026-05-07,C00958,P0058,2,13105.98,0.1,UPI,Delivered,4,4,web
O000537,1,2025-08-11,C01141,P0141,1,12943.23,0.05,UPI,Delivered,6,2,web
O006271,3,2025-11-04,C00064,P0033,1,618.56,0.15,Wallet,Cancelled,,,web
O004364,3,2026-04-23,C00444,P0103,3,26752.12,0,UPI,Delivered,4,3,APP
O006194,1,2025-12-26,C01295,P0109,1,15309.28,0.15,Credit Card,Delivered,4,4,Web
O001589,1,2026-03-07,C01329,P0020,5,25441.73,0.1,COD,Cancelled,,,Marketplace
O000447,1,2026-01-02,C00379,P0098,1,12227.15,0.1,Debit Card,Cancelled,,,APP
O005120,3,2026-02-15,C00845,P0014,1,5607.25,0.15,Debit Card,Returned,4,3,Marketplace
O006383,1,2025-08-21,C00365,P0005,1,5138.69,0.05,credit card,Delivered,6,3,web
O002214,2,2025-10-23,C00492,P0076,2,27590.39,0,Credit Card,Delivered,3,4,Web
O002986,2,2025-05-18,C00267,P0042,2,6965.7,0.1,Credit Card,Delivered,5,3,Web
O001891,1,2026-02-11,C01000,P0081,1,22617.1,0,Wallet,Delivered,4,4,APP
O002406,1,2025-08-06,C01547,P0052,2,19114.08,0.15,Credit Card,Delivered,7,3,Web
O004870,1,2025-05-18,C00801,P0027,2,19523.14,0.25,Debit Card,Returned,,,Marketplace
O003513,1,2026-06-07,C01194,P0109,2,14472.68,0.1,credit card,Delivered,2,5,Web
O006187,3,2026-05-01,C00722,P0064,1,4800.43,0.15,Debit Card,Delivered,1,5,Marketplace
O003221,2,2025-02-08,C00044,P0002,1,10724.96,0,upi,Delivered,1,5,Marketplace
O006354,2,2026-05-11,C01005,P0069,5,11301.72,0.25,credit card,Delivered,3,4,APP
O005908,1,2025-08-03,C01501,P0052,1,19542.02,0.15,Debit Card,Delivered,4,3,Marketplace
O002659,1,2026-03-29,C01710,P0099,1,19513.29,0.3,Credit Card,Delivered,2,4,APP
O000952,2,2026-04-02,C01888,P0139,1,3681.76,0.3,Wallet,Delivered,4,4,App
O005015,1,2025-08-24,C00276,P0117,3,3502.54,0.3,Debit Card,Delivered,5,3,APP
O003774,2,2025-09-21,C00383,P0013,1,5661.04,0.05,Wallet,Cancelled,,,Marketplace
O000326,1,2026-06-17,C01790,P0057,2,4744.31,0.1,Debit Card,Delivered,1,,App
O000128,1,2026-06-16,C01023,P0043,1,16428.1,0.05,COD,Delivered,6,3,App
O005356,2,2025-01-16,C01026,P0060,1,16583.23,0.15,Debit Card,Delivered,4,3,Web
O000395,2,2025-03-05,C00005,P0026,1,13476.46,0.1,UPI,Delivered,3,4,APP
O005388,1,2026-03-06,C01741,P0067,1,11323.9,0.1,upi,Cancelled,,,App
O001028,1,2026-06-02,C00488,P0031,1,21863.53,0.25,Credit Card,Delivered,4,3,App
O001623,3,2026-04-08,C01559,P0140,1,13861.05,0.1,Credit Card,Delivered,4,3,Web
O000548,1,2025-09-13,C00723,P0092,1,4036.66,0.2,Cash on Delivery,Returned,4,3,web
O000488,1,2026-07-30,C00362,P0069,3,11308.7,0.2,Credit Card,Delivered,7,,Marketplace
O003697,2,2026-07-02,C01307,P0091,1,255.59,0.15,UPI,Delivered,2,4,Web
O005349,1,2025-09-24,C01035,P0031,1,22214.47,0.1,UPI,Delivered,4,4,Web
O000719,2,2026-05-27,C00926,P0081,2,21677.3,0.3,Debit Card,Delivered,6,3,App
O003834,2,2025-06-11,C00548,P0067,1,11424.18,0.2,upi,Delivered,5,4,APP
O002250,1,2026-01-13,C01136,P0077,1,11210.5,0.05,Wallet,Delivered,3,3,Web
O003947,2,2025-05-24,C00754,P0090,1,4939.46,0.05,credit card,Delivered,4,3,Marketplace
O005119,2,2025-09-04,C01423,P0079,2,7526.09,0.25,upi,Delivered,2,4,web
O005835,1,2025-10-03,C01635,P0004,1,19015.08,0.15,Wallet,Delivered,5,3,Web
O004126,3,2026-06-03,C00516,P0086,2,3677.61,0.1,upi,Delivered,2,4,Marketplace
O002018,1,2026-04-10,C01381,P0041,2,20175.45,0.15,credit card,Cancelled,,,APP
O005756,2,2026-02-24,C01027,P0054,3,13097.57,0.1,COD,Delivered,4,4,Marketplace
O001004,1,2025-03-09,C00986,P0060,1,17099.33,0.05,Cash on Delivery,Delivered,6,3,App
O001844,1,2025-10-19,C01147,P0051,4,4305.58,0.05,Wallet,Cancelled,,,web
O002622,1,2025-08-12,C01553,P0002,1,10844.4,0.15,UPI,Delivered,7,2,Web
O000209,1,2026-06-02,C00789,P0052,1,19752.07,0.05,UPI,Delivered,5,2,APP
O003175,3,2025-03-19,C01505,P0061,3,22644.48,0.1,UPI,Returned,4,4,Marketplace
O004225,1,2026-02-12,C00147,P0003,1,19356.05,0.1,Debit Card,Cancelled,,,web
O005752,2,2025-11-22,C00786,P0055,2,8893.3,0.1,UPI,Delivered,,,Marketplace
O002625,1,2025-03-11,C00580,P0090,1,4685.73,0,UPI,Returned,3,3,Web
O001870,1,2025-03-29,C00585,P0058,1,12504.38,0.1,Cash on Delivery,Delivered,5,3,Marketplace
O004173,2,2025-08-12,C01543,P0113,1,3171.97,0.3,Credit Card,Delivered,3,4,APP
O003318,1,2025-11-27,C00210,P0073,1,9451.33,0.25,upi,Delivered,5,3,APP
O004031,1,2026-05-29,C00034,P0096,3,2915.1,0.15,UPI,Delivered,5,3,Web
O001286,3,2025-08-07,C01371,P0046,1,4015.7,0.1,UPI,Cancelled,,,APP
O002046,1,2025-01-08,C00395,P0123,2,8875.29,0.05,Debit Card,Delivered,5,4,web
O002638,1,2026-01-28,C01242,P0030,1,14756.35,0.25,Cash on Delivery,Delivered,4,,Web
O005034,1,2025-04-01,C01822,P0022,1,5347.62,0.2,Credit Card,Delivered,2,4,Marketplace
O003676,2,2026-07-04,C01285,P0050,2,17328.69,0.15,credit card,Returned,5,3,Marketplace
O005297,1,2026-04-29,C00587,P0038,2,323.83,0.1,Debit Card,Delivered,5,3,Web
O005882,4,2026-04-20,C00247,P0035,1,17694.14,0.2,credit card,Delivered,4,3,App
O002864,1,2026-02-14,C00266,P0129,1,15161.81,0.15,UPI,Delivered,3,3,web
O000290,1,2025-02-03,C00605,P0121,1,22052.66,0.2,Credit Card,Returned,3,4,APP
O001860,1,2025-03-14,C01241,P0061,1,22232.86,0.1,Debit Card,Delivered,2,5,APP
O006122,3,2026-03-31,C01728,P0121,1,21383.27,0.1,Debit Card,Delivered,8,2,web
O005838,1,2025-09-14,C01123,P0123,1,9096.51,0.1,Cash on Delivery,Delivered,6,2,web
O004281,2,2025-11-09,C01958,P0009,1,13825.39,0.25,upi,Delivered,6,2,Marketplace
O004584,2,2025-06-22,C00073,P0082,1,15297.94,0.2,Debit Card,Delivered,6,3,App
O002679,2,2025-07-09,C01688,P0006,1,20554.85,0.15,Wallet,Delivered,2,4,App
O001260,1,2026-05-09,C00430,P0007,1,0,0.05,UPI,Cancelled,,,Marketplace
O002110,2,2026-08-27,C01087,P0020,1,26542.36,0.15,Credit Card,Returned,6,3,APP
O006490,1,2025-08-17,C00286,P0081,1,21815.7,0.25,COD,Cancelled,,,APP
O003302,3,2025-02-08,C01961,P0018,3,14555.71,0.05,Credit Card,Delivered,4,4,APP
O003831,1,2025-01-21,C00061,P0004,1,18711.4,0.2,credit card,Returned,2,4,APP
O002572,2,2025-08-27,C00192,P0110,2,8365.91,0.05,credit card,Delivered,1,5,Marketplace
O001855,2,2026-04-21,C01044,P0080,1,23269.96,0.2,credit card,Delivered,5,3,APP
O002270,1,2025-12-15,C01572,P0011,4,16407.96,0.1,,Delivered,6,3,Web
O001619,2,2025-05-18,C00349,P0089,2,17436.23,0,Wallet,Delivered,5,4,web
O002674,1,2025-05-08,C00106,P0036,1,19150.13,0.1,upi,Delivered,,,App
O003882,1,2025-03-09,C01074,P0093,2,24048.73,0.2,UPI,Delivered,1,4,web
O003715,2,2025-03-27,C01926,P0080,1,22615.79,0.1,Credit Card,Delivered,2,,Web
O006227,1,2025-10-24,C01889,P0079,1,7548.75,0.05,Wallet,Delivered,2,4,APP
O005398,1,2025-08-04,C00150,P0014,1,5833.05,0.15,Debit Card,Cancelled,,,APP
O005228,1,2025-05-07,C01426,P0007,1,11994.59,0.25,Debit Card,Delivered,3,3,web
O001625,1,2025-11-03,C01411,P0047,1,28543.69,0,UPI,Delivered,2,5,web
O001245,2,2026-05-12,C01244,P0097,1,3534.46,0.05,UPI,Delivered,,,Web
O002537,1,2026-06-03,C00196,P0027,1,19495.2,0.25,Wallet,Delivered,5,2,Marketplace
O001356,1,2025-02-13,C01742,P0004,1,17957.25,0.15,credit card,Cancelled,,,App
O000203,1,2026-06-06,C00803,P0040,1,13085.45,0.1,Cash on Delivery,Delivered,4,4,Web
O002315,1,2026-08-04,C00236,P0088,3,24520.28,0.25,credit card,Delivered,1,5,Marketplace
O005725,1,2025-11-09,C01612,P0003,1,18364.69,0.1,COD,Delivered,,,Marketplace
O000707,1,2025-08-18,C00081,P0013,1,5539.68,0.2,Debit Card,Delivered,5,3,Marketplace
O005727,1,2026-08-04,C01170,P0118,1,3152.84,0.15,credit card,Delivered,3,4,Web
O004217,2,2025-06-09,C01190,P0115,1,4944.41,0.1,credit card,Delivered,4,4,Web
O002755,1,2025-08-29,C01207,P0095,4,15313.05,0.25,Wallet,Delivered,6,3,Marketplace
O004264,3,2025-02-15,C00834,P0077,1,11169.18,0,Wallet,Delivered,2,4,Web
O000921,2,2026-04-05,C00526,P0131,1,18796.89,0,Wallet,Returned,6,3,Marketplace
O004059,1,2025-10-17,C00042,P0103,2,28275.63,0.1,Credit Card,Delivered,4,4,web
O005781,1,2026-04-01,C00754,P0126,1,2091.2,0.1,upi,Delivered,6,3,APP
O005275,2,2025-02-09,C00306,P0030,1,14547.28,0.1,Credit Card,Delivered,5,2,web
O006106,1,2025-05-29,C01108,P0119,1,19496.39,0.1,Cash on Delivery,Delivered,5,3,web
O003080,1,2026-01-19,C00435,P0134,1,18424.85,0.15,Wallet,Delivered,6,3,web
O005552,1,2026-07-16,C00779,P0056,1,11032.79,0.05,Wallet,Returned,3,4,web
O000483,1,2025-07-17,C01272,P0035,1,17298.76,0.25,upi,Delivered,7,2,APP
O000945,3,2025-09-10,C01929,P0036,1,19128.64,0.1,UPI,Delivered,4,,Marketplace
O003014,2,2025-05-13,C01857,P0002,1,10402.44,0.05,COD,Delivered,5,3,web
O006023,1,2026-04-23,C00018,P0113,1,3069.07,0.1,credit card,Delivered,2,5,App
O004173,1,2025-08-12,C01543,P0014,1,5615.49,0,Credit Card,Delivered,3,4,APP
O006223,1,2025-01-30,C00844,P0129,2,14885.47,0.05,UPI,Delivered,6,3,App
O004555,1,2026-02-02,C01586,P0045,1,27690.04,0.25,Cash on Delivery,Delivered,5,3,App
O002310,1,2026-02-09,C00044,P0002,1,10579.27,0.1,UPI,Delivered,3,4,Marketplace
O001547,1,2026-01-31,C00154,P0092,2,4210.7,0.15,UPI,Delivered,4,4,App
O005407,1,2026-04-12,C01610,P0106,1,2581.91,0.25,Debit Card,Cancelled,,,web
O000056,1,2026-06-12,C01896,P0022,2,5398.86,0.1,Wallet,Delivered,2,4,APP
O002460,1,2026-04-26,C01946,P0023,1,26173.57,0.15,UPI,Delivered,4,3,App
O002559,1,2026-07-27,C00220,P0137,1,4715.53,0.1,Credit Card,Delivered,4,3,APP
O002823,1,2025-03-27,C01391,P0111,1,1930.89,0.15,Credit Card,Delivered,5,3,APP
O000893,1,2026-07-05,C01419,P0080,1,22373.31,0.2,Debit Card,Delivered,3,4,App
O005794,2,2025-05-13,C01472,P0030,1,14622.59,0.1,Credit Card,Returned,6,3,App
O001747,1,2025-01-14,C01720,P0017,1,3338.8,0.5,credit card,Delivered,2,5,web
O002185,1,2025-07-31,C01709,P0061,1,21523.92,0,upi,Delivered,5,3,Web
O000340,1,2025-11-23,C00983,P0091,2,245.87,0.1,Wallet,Delivered,9,2,Marketplace
O006028,1,2025-01-04,C01318,P0084,3,16753.15,0,UPI,Delivered,8,1,Web
O001529,1,2026-07-20,C00868,P0069,1,11581.13,0.1,Wallet,Delivered,4,4,App
O006082,1,2026-08-27,C00844,P0105,2,26286.06,0.15,Cash on Delivery,Delivered,1,5,Marketplace
O002937,2,2025-11-04,C01377,P0012,2,7786.02,0.05,Debit Card,Delivered,3,3,web
O005921,1,2025-11-01,C01573,P0063,3,17061.34,0.1,Credit Card,Delivered,3,4,web
O004506,2,2025-05-08,C00968,P0004,2,18818.31,0.15,Debit Card,Delivered,3,5,Web
O002679,1,2025-07-09,C01688,P0105,2,25201.61,0,Wallet,Delivered,2,4,App
O002135,2,2025-05-31,C01295,P0084,1,16510.3,0.1,upi,Delivered,4,4,App
O005276,1,2026-01-07,C00285,P0041,2,20807.25,0.05,upi,Delivered,5,3,APP
O002523,3,2026-01-04,C00153,P0135,3,3310.37,0.25,UPI,Delivered,7,3,App
O003341,1,2026-08-01,C01171,P0138,1,1004.74,0.15,Cash on Delivery,Delivered,5,3,Marketplace
O000368,1,2025-09-26,C01036,P0099,1,20807.23,0,upi,Delivered,3,4,App
O004958,2,2025-12-07,C00886,P0015,2,21924.34,0.25,COD,Cancelled,,,App
O003719,2,2025-03-23,C00701,P0070,3,4062.03,0,Cash on Delivery,Returned,4,4,App
O001005,1,2026-03-17,C00112,P0121,1,22454.83,0.1,UPI,Delivered,6,3,Marketplace
O002427,1,2026-07-22,C00517,P0053,1,7714.01,0.05,credit card,Delivered,6,2,App
O001105,3,2025-08-17,C01592,P0019,3,24845.72,0.1,credit card,Delivered,5,3,Web
O001588,2,2026-04-10,C00318,P0085,1,10353.74,0,upi,Delivered,5,4,Marketplace
O001894,2,2025-11-17,C00072,P0122,1,1158.79,0,Debit Card,Delivered,3,5,web
O003277,1,2026-08-29,C00983,P0040,1,13191.79,0,Debit Card,Delivered,5,2,APP
O003757,1,2026-01-31,C00266,P0075,1,10586.61,0.05,Credit Card,Delivered,4,3,Marketplace
O002343,2,2025-03-12,C01391,P0127,1,14262.93,0,Cash on Delivery,Delivered,1,5,web
O003382,1,2026-08-25,C00579,P0120,1,12593.97,0.15,Cash on Delivery,Delivered,4,3,Web
O004118,1,2025-05-03,C01472,P0079,1,7822.93,0.15,Cash on Delivery,Delivered,3,4,App
O001370,1,2025-04-01,C00855,P0114,5,1275.57,0.25,upi,Delivered,2,4,APP
O006252,2,2025-04-17,C01262,P0086,1,3606.72,0.25,Wallet,Delivered,3,4,App
O005526,1,2025-05-03,C00381,P0077,5,10936.42,0.1,Debit Card,Delivered,5,,Marketplace
O002507,1,2026-02-24,C01000,P0005,1,5462.67,0.2,Cash on Delivery,Delivered,6,3,Web
O000641,2,2025-05-18,C00265,P0049,1,1507.1,0.2,UPI,Delivered,4,4,APP
O002797,2,2025-02-01,C01959,P0060,2,17118.53,0.2,credit card,Delivered,4,4,Web
O003879,2,2025-09-02,C01259,P0117,1,3619.03,0.1,COD,Delivered,3,3,APP
O005127,3,2025-10-23,C01761,P0114,1,1264.92,0.2,UPI,Delivered,3,3,Marketplace
O004757,1,2025-06-05,C00602,P0037,1,17429.06,0,UPI,Delivered,5,3,Marketplace
O001365,2,2025-05-13,C00577,P0017,1,3175.91,0.05,Cash on Delivery,Delivered,4,3,APP
O004405,1,2025-04-08,C01532,P0136,1,13758.82,0.3,COD,Returned,6,,web
O004719,1,2026-07-12,C01258,P0061,1,22138.76,0.2,COD,Delivered,7,3,Marketplace
O004637,1,2026-04-24,C01926,P0120,2,12849.99,0.05,upi,Delivered,3,4,Marketplace
O003106,1,2026-05-10,C00412,P0062,1,19152.16,0,Debit Card,Returned,3,5,Marketplace
O005155,1,2026-03-29,C01095,P0034,1,8221.57,0.15,Cash on Delivery,Returned,5,4,APP
O003087,1,2025-11-03,C01975,P0009,2,14953.96,0.25,Debit Card,Delivered,8,,APP
O001000,1,2025-02-22,C00169,P0045,1,27820.32,0.25,COD,Delivered,5,2,APP
O005234,1,2025-05-21,C00483,P0141,2,13297.59,0,Wallet,Cancelled,,,APP
O002106,3,2025-05-28,C00204,P0072,3,12110.67,0.15,credit card,Delivered,5,3,Web
O003079,1,2026-08-13,C00468,P0107,1,24132.23,0.25,Cash on Delivery,Delivered,2,4,web
O001957,1,2025-07-04,C01086,P0055,1,9440.92,0.5,Debit Card,Delivered,4,4,APP
O006149,1,2025-05-18,C00446,P0093,1,23713.73,0.1,upi,Returned,5,3,App
O001714,2,2026-01-13,C01591,P0108,1,21508.19,0.25,Credit Card,Delivered,3,3,Marketplace
O005531,1,2025-11-01,C00344,P0031,3,22185.82,0,Cash on Delivery,Returned,6,3,Marketplace
O001573,1,2025-10-28,C00337,P0121,3,20939.68,0,Cash on Delivery,Delivered,6,2,App
O005382,2,2026-07-06,C00159,P0079,1,7498.32,0,COD,Delivered,5,2,App
O004659,2,2026-06-04,C00958,P0104,1,4807.05,0.1,Credit Card,Delivered,3,4,web
O001261,3,2025-05-24,C01971,P0085,1,10181.98,0.25,upi,Delivered,6,3,Web
O003289,1,2025-12-11,C00700,P0137,1,4531.83,0.15,Credit Card,Delivered,6,3,APP
O003311,2,2025-11-13,C01289,P0059,1,17137.45,0.1,upi,Delivered,1,5,Marketplace
O005671,1,2026-02-09,C01347,P0117,3,3607.05,0.2,Credit Card,Delivered,5,3,web
O000012,1,2025-08-29,C00757,P0114,1,1294.29,0.25,Wallet,Delivered,5,3,APP
O001178,4,2025-06-28,C01658,P0103,1,26860.79,0,UPI,Returned,5,3,Marketplace
O002445,3,2025-07-19,C01557,P0115,1,4725.19,0,Credit Card,Delivered,6,2,Web
O005212,1,2025-02-14,C01085,P0070,1,4353.68,0.15,COD,Delivered,6,2,Marketplace
O001956,2,2025-01-01,C00316,P0101,2,8491.71,0.15,Debit Card,Delivered,7,3,Web
O006432,2,2025-10-10,C01235,P0041,1,20892.32,0.1,upi,Delivered,1,5,APP
O000702,2,2025-03-18,C00808,P0077,1,11032.93,0.25,upi,Delivered,5,3,App
O002114,2,2026-07-27,C00565,P0026,1,13487.19,0.1,credit card,Delivered,6,2,Marketplace
O002151,3,2025-10-21,C01350,P0032,3,20672.88,0.05,upi,Returned,1,5,Marketplace
O006202,1,2026-07-10,C01109,P0128,1,14285.96,0.25,COD,Delivered,5,,Web
O004551,1,2026-07-26,C01129,P0130,1,17953.01,0.1,Cash on Delivery,Delivered,5,2,web
O004932,1,2025-08-10,C01093,P0032,2,20509.0,0.15,Credit Card,Cancelled,,,Web
O002186,3,2025-08-24,C01205,P0011,1,16452.7,0.2,Wallet,Delivered,1,5,APP
O006479,2,2025-12-28,C00144,P0130,1,18018.64,0.15,upi,Delivered,6,2,APP
O002232,3,2026-07-29,C01079,P0061,1,22846.23,0,UPI,Delivered,5,3,Marketplace
O004506,1,2025-05-08,C00968,P0052,1,18983.17,0.1,Debit Card,Delivered,3,5,Web
O005439,1,2026-04-06,C00945,P0108,1,21932.03,0,COD,Delivered,4,3,web
O000918,3,2025-06-23,C01956,P0132,1,18660.49,0.05,Debit Card,Delivered,2,4,App
O001057,1,2025-09-03,C00521,P0026,1,13781.48,0.2,credit card,Delivered,3,3,App
O002983,1,2025-07-23,C00003,P0122,1,1146.8,0.1,credit card,Cancelled,,,Web
O000697,2,2025-06-16,C00581,P0008,2,22367.84,0,COD,Delivered,2,4,Web
O005613,1,2025-01-05,C00760,P0090,1,4935.82,0.15,COD,Delivered,6,3,App
O006287,1,2025-12-30,C00189,P0144,2,8232.33,0.15,upi,Delivered,3,5,Marketplace
O005981,2,2026-01-22,C00402,P0090,2,4970.84,0.15,COD,Delivered,1,5,Web
O004111,1,2026-02-03,C01893,P0055,1,9234.02,0.25,Cash on Delivery,Delivered,6,3,APP
O002195,1,2026-01-05,C01876,P0105,1,25140.86,0.1,upi,Returned,4,3,APP
O000506,1,2026-04-04,C01613,P0121,2,21327.5,0.1,Cash on Delivery,Returned,4,4,web
O006191,2,2025-03-17,C00728,P0143,1,3975.28,0.1,credit card,Delivered,5,3,App
O003149,1,2025-10-11,C01712,P0103,1,27872.44,0.05,Cash on Delivery,Delivered,3,3,Web
O005185,1,2025-05-26,C00005,P0037,1,18424.51,0,Debit Card,Delivered,8,2,Marketplace
O001545,1,2025-05-27,C00669,P0140,1,13774.5,0,COD,Delivered,10,1,web
O003082,1,2026-07-21,C00058,P0038,1,335.67,0,upi,Returned,2,,Web
O005661,2,2026-08-03,C00015,P0104,2,5054.17,0.15,Credit Card,Delivered,5,4,web
O001225,1,2025-09-22,C01946,P0122,1,1209.04,0.2,Debit Card,Cancelled,,,Web
O001042,2,2026-03-01,C00116,P0144,1,8199.78,0.15,Wallet,Delivered,3,3,web
O001859,1,2025-10-14,C01980,P0004,2,18079.66,0.05,Debit Card,Delivered,5,3,Web
O004399,1,2025-10-29,C01656,P0029,1,5065.11,0.2,UPI,Delivered,5,2,Marketplace
O001405,1,2026-06-02,C00618,P0114,1,1258.13,0.2,COD,Delivered,7,3,web
O003161,1,2025-04-16,C01827,P0130,1,17767.78,0.05,upi,Delivered,4,3,APP
O000732,1,2026-02-17,C01553,P0004,2,18994.45,0.2,Credit Card,Delivered,6,3,App
O003860,1,2026-03-21,C00482,P0087,2,6553.2,0.1,UPI,Delivered,5,3,Web
O000875,2,2025-08-26,C00722,P0061,1,21506.98,0.05,Wallet,Cancelled,,,APP
O001916,2,2026-05-18,C00153,P0125,2,4637.38,0.15,Credit Card,Delivered,6,2,Marketplace
O000118,1,2026-02-10,C01601,P0081,3,22683.12,0.15,UPI,Delivered,5,,App
O005336,1,2025-12-16,C01351,P0095,1,16155.23,0,Wallet,Delivered,4,4,web
O001759,1,2025-11-18,C01367,P0109,1,14524.92,0.2,Cash on Delivery,Delivered,3,4,APP
O001752,1,2025-02-26,C01734,P0131,1,19003.07,0.05,COD,Returned,4,4,App
O006347,1,2025-01-13,C01842,P0051,1,4182.37,0.1,UPI,Delivered,4,4,Marketplace
O005846,1,2025-04-16,C00964,P0050,1,18361.29,0.3,COD,Delivered,4,,APP
O000660,1,2026-04-08,C00086,P0065,1,17284.45,0.05,Credit Card,Cancelled,,,App
O006093,1,2025-12-31,C01660,P0019,1,24050.23,0.15,Debit Card,Delivered,4,3,web
O000238,2,2026-03-31,C01598,P0015,1,22456.32,0.25,Cash on Delivery,Delivered,5,3,Web
O002061,2,2026-03-22,C00896,P0115,2,4797.77,0.1,UPI,Delivered,1,5,Web
O003261,2,2025-02-25,C01201,P0058,3,12689.64,0.15,Wallet,Delivered,3,4,Marketplace
O004510,1,2025-05-04,C01871,P0105,1,25509.48,0.25,Debit Card,Delivered,5,3,Marketplace
O001238,1,2025-03-12,C00276,P0015,1,21572.69,0.15,Debit Card,Delivered,4,3,APP
O004521,1,2026-03-13,C00554,P0108,1,22112.77,0.15,Wallet,Delivered,1,5,Web
O000249,2,2025-09-09,C00760,P0023,1,26504.31,0.1,Credit Card,Delivered,6,,APP
O002621,1,2025-03-19,C01412,P0063,1,17310.24,0.3,upi,Delivered,5,3,Marketplace
O006242,2,2025-06-15,C01914,P0106,2,2494.16,0.1,Credit Card,Delivered,1,4,APP
O005342,2,2026-02-03,C01483,P0076,1,27472.04,0.05,Cash on Delivery,Delivered,2,5,web
O005318,2,2025-08-20,C00899,P0006,3,20678.27,0.15,Credit Card,Delivered,3,4,APP
O003677,2,2026-07-13,C01163,P0031,1,23394.68,0.2,Debit Card,Delivered,5,2,APP
O005259,1,2025-10-08,C01558,P0010,3,23546.55,0,UPI,Delivered,1,4,web
O001090,2,2025-06-10,C01276,P0075,3,10502.58,0.1,UPI,Returned,7,2,Marketplace
O000418,4,2025-11-24,C00258,P0049,1,1448.41,0.1,COD,Cancelled,,,Web
O000804,1,2025-07-07,C00840,P0121,2,21048.04,0,Wallet,Delivered,4,4,App
O005533,1,2025-06-28,C00953,P0024,3,19981.31,0.25,COD,Delivered,5,3,App
O003628,1,2026-08-26,C01513,P0023,1,27483.9,0.5,Cash on Delivery,Delivered,2,4,Marketplace
O002809,2,2025-11-04,C00115,P0136,1,13172.06,0.05,Cash on Delivery,Delivered,6,3,web
O003031,2,2026-08-19,C00045,P0005,1,5154.41,0.25,Debit Card,Delivered,3,4,Web
O001165,1,2026-06-01,C00534,P0113,2,3012.21,0,UPI,Delivered,4,3,Web
O005697,1,2025-12-08,C01485,P0095,1,15917.66,0,credit card,Cancelled,,,Web
O006314,1,2026-03-06,C01391,P0115,1,4866.13,0.1,Cash on Delivery,Delivered,4,3,APP
O006308,3,2025-01-21,C00571,P0102,2,16515.98,0.05,credit card,Delivered,4,3,App
O003020,2,2025-01-27,C01345,P0105,1,25916.61,0,upi,Delivered,4,3,web
O003017,1,2025-07-29,C00284,P0105,1,25016.41,0.2,Wallet,Delivered,3,3,APP
O000406,2,2026-05-20,C01481,P0118,1,3149.44,0.3,Credit Card,Delivered,,,Web
O001477,1,2025-07-09,C00708,P0049,1,1428.49,0.2,Wallet,Delivered,4,4,APP
O006470,2,2026-06-18,C01615,P0137,2,4838.27,0,Debit Card,Delivered,6,3,web
O000367,1,2025-06-18,C00796,P0049,1,1428.15,0.05,Debit Card,Delivered,3,4,Web
O004230,1,2026-06-23,C01313,P0007,1,11733.0,0.15,Debit Card,Delivered,4,4,web
O002098,1,2025-07-24,C01076,P0067,1,10872.6,0.05,Credit Card,Delivered,4,,APP
O001051,2,2025-01-01,C01776,P0025,3,3835.53,0.2,Cash on Delivery,Returned,6,2,APP
O005925,1,2026-07-04,C00162,P0077,1,10847.02,0.15,Credit Card,Delivered,4,3,APP
O001183,2,2025-08-11,C00153,P0024,1,21434.02,0.05,credit card,Cancelled,,,web
O001045,1,2025-11-04,C01992,P0013,1,5768.78,0.2,Credit Card,Delivered,4,4,Web
O001994,1,2025-02-04,C00355,P0027,2,20073.29,0.25,Cash on Delivery,Returned,4,3,APP
O003574,1,2025-08-13,C00094,P0072,2,12695.72,0.15,upi,Delivered,6,3,web
O000982,1,2026-06-29,C00549,P0045,1,28314.76,0.15,Wallet,Delivered,6,2,APP
O005246,1,2026-04-24,C00206,P0052,1,19705.53,0.1,Credit Card,Delivered,4,3,APP
O005072,3,2026-01-23,C01060,P0034,2,8719.59,0,Debit Card,Delivered,5,3,APP
O005661,1,2026-08-03,C00015,P0139,2,3593.75,0.1,Credit Card,Delivered,5,4,web
O004160,1,2026-06-23,C01140,P0091,1,247.83,0.1,Wallet,Delivered,4,3,APP
O003309,1,2026-03-05,C00284,P0036,1,19194.36,0.15,Wallet,Cancelled,,,web
O005172,1,2026-08-13,C00355,P0011,3,17135.75,0.1,upi,Delivered,4,3,Web
O004467,2,2025-03-26,C01009,P0101,2,8369.28,0.05,Credit Card,Returned,6,3,web
O004898,4,2026-08-27,C00105,P0049,1,1472.92,0.1,Cash on Delivery,Delivered,4,4,App
O004913,1,2025-04-08,C00609,P0098,1,12357.2,0.05,upi,Delivered,4,3,web
O005543,1,2026-03-13,C01271,P0071,2,11381.5,0.05,Debit Card,Cancelled,,,Marketplace
O005713,2,2025-03-22,C01938,P0045,1,29502.45,0.15,Cash on Delivery,Delivered,6,3,APP
O003888,1,2025-10-10,C00300,P0107,1,23698.14,0,Credit Card,Delivered,7,1,web
O002500,2,2025-08-08,C00881,P0015,1,22882.76,0.15,,Delivered,6,2,APP
O003837,1,2025-03-17,C00780,P0113,1,3055.4,0.05,upi,Delivered,6,3,Web
O004157,1,2025-11-06,C01529,P0049,2,1477.29,0.15,COD,Delivered,3,5,APP
O001569,2,2026-08-10,C00702,P0089,1,17648.8,0.15,credit card,Delivered,6,3,APP
O005483,2,2025-05-26,C00674,P0034,1,8311.6,0.2,UPI,Delivered,6,3,Web
O004838,1,2026-07-05,C01131,P0057,2,4846.73,0.15,UPI,Delivered,4,3,App
O002385,1,2026-06-28,C01253,P0065,3,17027.19,0,Credit Card,Delivered,5,3,Marketplace
O005820,3,2025-03-01,C01020,P0045,5,28062.44,0.15,credit card,Delivered,2,4,APP
O004779,1,2025-06-16,C01014,P0107,3,24062.21,0.15,Credit Card,Delivered,5,3,Marketplace
O000162,1,2026-04-19,C01498,P0116,1,11827.36,0,upi,Delivered,1,5,APP
O002360,1,2025-05-14,C00340,P0105,1,25272.16,0.1,Debit Card,Delivered,3,4,Marketplace
O003005,1,2025-02-27,C00244,P0056,1,10428.17,0.3,Cash on Delivery,Delivered,2,5,App
O003584,1,2025-01-29,C00783,P0072,3,12384.85,0.2,Wallet,Delivered,6,3,web
O003002,2,2026-08-01,C00701,P0036,1,19292.46,0.1,Debit Card,Delivered,4,,Web
O001219,2,2025-11-10,C00041,P0066,2,22063.31,0.2,Debit Card,Cancelled,,,web
O005847,1,2025-04-09,C01943,P0119,3,20263.65,0.2,upi,Delivered,5,3,Web
O004287,1,2025-07-15,C01229,P0085,3,10047.01,0.2,Wallet,Delivered,5,,web
O006108,1,2025-03-31,C01609,P0053,1,7593.61,0.25,credit card,Delivered,6,2,Web
O004491,1,2026-02-01,C00830,P0015,1,21733.2,0.05,COD,Returned,6,2,App
O005160,3,2025-06-22,C01525,P0107,1,23171.64,0.05,credit card,Delivered,1,4,APP
O000544,1,2025-12-19,C00996,P0105,2,26287.5,0.1,Debit Card,Delivered,7,3,web
O001211,2,2026-04-03,C01524,P0081,1,22522.07,0,upi,Delivered,6,3,web
O003363,2,2025-08-19,C01323,P0036,1,19268.59,0.1,Cash on Delivery,Delivered,5,3,App
O003670,3,2026-05-22,C01534,P0081,2,21607.29,0.15,Debit Card,Delivered,3,4,APP
O001396,2,2025-03-23,C01232,P0077,1,11215.32,0,credit card,Delivered,8,1,APP
O004325,1,2025-03-22,C00338,P0010,1,23882.11,0.15,upi,Delivered,3,4,APP
O004424,1,2025-03-21,C01028,P0098,5,12344.35,0.15,upi,Delivered,7,2,web
O005363,1,2025-08-31,C00276,P0025,1,4107.52,0.05,COD,Delivered,3,4,Marketplace
O004630,2,2025-06-10,C01868,P0099,1,20572.43,0.1,Credit Card,Delivered,2,5,APP
O000988,1,2026-05-23,C00768,P0119,1,20367.85,0.1,upi,Delivered,4,4,Web
O003713,1,2025-06-16,C01522,P0130,1,16950.95,0.05,Wallet,Delivered,2,4,Web
O004482,1,2025-03-03,C01561,P0037,1,17663.67,0,Wallet,Delivered,1,5,App
O004212,2,2025-07-18,C01154,P0071,2,0,0,Credit Card,Delivered,2,4,App
O005510,2,2026-01-07,C00828,P0115,1,4955.75,0.2,upi,Delivered,5,3,APP
O001519,1,2025-01-31,C00164,P0016,1,20461.89,0.05,Debit Card,Delivered,3,4,App
O005289,3,2025-09-19,C00361,P0015,1,21853.3,0.1,Wallet,Delivered,6,2,web
O000924,1,2025-03-11,C01643,P0111,4,1827.79,0.3,Wallet,Delivered,3,4,Web
O001991,2,2026-01-14,C00543,P0114,1,1279.42,0.1,COD,Delivered,7,2,Web
O005893,1,2026-07-17,C01200,P0068,1,9687.31,0.2,Credit Card,Delivered,,,Web
O001174,1,2025-12-02,C00525,P0141,2,12804.51,0.1,Debit Card,Delivered,5,4,Marketplace
O003068,3,2025-09-26,C00549,P0093,5,23801.01,0.2,upi,Delivered,2,4,Marketplace
O001508,1,2026-03-28,C00841,P0058,1,13493.06,0,Debit Card,Delivered,3,4,Web
O004357,2,2025-01-02,C01558,P0062,1,17892.37,0.15,Wallet,Delivered,2,4,Web
O004808,2,2025-04-02,C00990,P0108,1,20990.58,0.15,UPI,Delivered,4,4,Marketplace
O005979,1,2026-07-11,C01161,P0003,2,18592.3,0.1,Wallet,Delivered,7,2,web
O001053,1,2026-07-14,C01949,P0112,1,21986.31,0.25,Wallet,Delivered,5,3,App
O002409,4,2025-02-18,C00138,P0034,2,8628.87,0.15,COD,Delivered,7,2,Web
O000144,1,2025-10-07,C01375,P0006,1,20910.43,0.15,UPI,Delivered,4,3,web
O003004,1,2026-02-20,C00722,P0012,2,7899.62,0.1,Wallet,Returned,4,4,web
O004876,2,2025-01-11,C01640,P0105,1,26652.13,0,upi,Delivered,4,3,App
O003715,3,2025-03-27,C01926,P0057,1,4791.07,0,Credit Card,Delivered,2,,Web
O001682,1,2025-06-27,C01651,P0137,1,4648.21,0.05,Cash on Delivery,Delivered,4,4,web
O000120,2,2025-01-23,C00450,P0110,1,8714.17,0.05,Cash on Delivery,Delivered,6,2,web
O000840,1,2025-02-12,C00873,P0046,2,4290.8,0.1,COD,Delivered,4,4,web
O000331,2,2026-03-07,C01017,P0139,1,3554.63,0.15,credit card,Delivered,1,5,Marketplace
O003470,2,2026-03-12,C01805,P0033,2,601.19,0.1,Cash on Delivery,Delivered,6,3,Marketplace
O000647,1,2026-07-20,C01103,P0137,3,4622.18,0.25,UPI,Delivered,,,APP
O005487,1,2025-06-16,C00337,P0002,3,10197.72,0,credit card,Delivered,7,3,Marketplace
O000412,1,2025-04-16,C00563,P0130,1,17431.5,0.3,credit card,Delivered,5,2,web
O003698,1,2025-09-29,C00648,P0053,1,7718.27,0.1,Debit Card,Delivered,6,2,web
O002336,2,2025-06-23,C00427,P0121,1,22297.22,0,UPI,Cancelled,,,web
O005992,1,2025-02-04,C00629,P0107,5,24528.82,0.25,UPI,Delivered,4,3,Marketplace
O001453,1,2025-06-05,C00592,P0002,2,10547.85,0.3,Wallet,Delivered,5,3,web
O002340,1,2026-04-23,C00585,P0115,1,4609.05,0.05,upi,Delivered,3,4,Web
O001244,1,2025-04-26,C01172,P0104,3,5113.53,0.5,Cash on Delivery,Returned,4,3,App
O000443,1,2025-02-02,C00730,P0009,1,14757.38,0,Debit Card,Delivered,5,3,Web
O002151,1,2025-10-21,C01350,P0105,1,24711.47,0.25,upi,Returned,1,5,Marketplace
O001145,1,2025-01-03,C00747,P0112,2,21081.85,0,Cash on Delivery,Delivered,1,4,Web
O003661,1,2026-02-11,C01884,P0026,1,13552.83,0.05,Wallet,Returned,4,4,Marketplace
O004536,2,2026-04-11,C00545,P0104,3,5044.78,0.1,Debit Card,Delivered,4,4,web
O005365,1,2026-05-07,C00313,P0137,1,4789.14,0.15,credit card,Returned,2,4,Marketplace
O000601,1,2025-04-11,C01102,P0030,1,14619.59,0.1,UPI,Delivered,3,3,Web
O003331,1,2026-04-28,C00633,P0105,1,25007.62,0.15,Cash on Delivery,Delivered,3,4,APP
O002901,1,2025-07-17,C01864,P0084,1,17039.55,0.15,Debit Card,Delivered,5,3,APP
O003507,1,2026-06-19,C00735,P0047,2,29015.53,0,Cash on Delivery,Delivered,3,5,APP
O004764,2,2026-01-03,C01077,P0127,1,14013.78,0.15,Wallet,Delivered,4,,APP
O003498,1,2026-06-28,C01882,P0099,5,19568.82,0.2,Wallet,Delivered,3,3,App
O005812,2,2025-03-28,C00682,P0105,2,25929.66,0.1,Debit Card,Delivered,4,3,App
O003257,1,2025-05-26,C00403,P0113,1,3126.38,0.3,Debit Card,Returned,8,1,APP
O005558,2,2026-08-02,C01019,P0104,1,4843.42,0.2,Credit Card,Delivered,5,3,APP
O004128,2,2026-01-17,C00048,P0011,4,17245.84,0,COD,Delivered,4,4,web
O003960,1,2025-05-06,C01672,P0030,2,14022.13,0.2,upi,Delivered,6,3,web
O000079,3,2025-03-17,C00962,P0008,1,22874.49,0.1,UPI,Delivered,4,4,APP
O003092,1,2025-09-13,C01425,P0119,1,19046.42,0.15,upi,Delivered,4,,App
O005961,1,2025-10-25,C01697,P0048,1,965.8,0.1,Cash on Delivery,Delivered,3,4,web
O000763,2,2026-08-20,C01442,P0074,1,11065.65,0.2,upi,Delivered,5,2,Marketplace
O000409,3,2026-02-20,C01022,P0112,2,21203.78,0.15,upi,Delivered,,,APP
O001631,3,2025-01-17,C01467,P0140,3,13617.54,0.15,UPI,Delivered,2,5,Marketplace
O005087,3,2025-05-10,C01470,P0122,1,1161.63,0,credit card,Delivered,5,3,Marketplace
O001752,2,2025-02-26,C01734,P0093,1,24155.19,0.15,COD,Returned,4,4,App
O004822,1,2025-05-22,C00643,P0124,2,13682.24,0.15,Debit Card,Delivered,4,4,App
O004962,1,2026-02-08,C01315,P0134,1,18222.21,0.15,credit card,Delivered,2,4,web
O005656,1,2025-10-12,C00510,P0029,1,4895.64,0.1,credit card,Delivered,5,3,App
O002626,1,2025-10-28,C00949,P0012,4,7653.01,0,Wallet,Delivered,6,3,App
O002483,3,2025-03-29,C00043,P0044,1,12949.49,0.3,Wallet,Delivered,7,1,APP
O002532,2,2026-04-18,C00301,P0124,1,13914.47,0.3,Wallet,Delivered,3,3,Marketplace
O004748,2,2026-01-20,C01219,P0109,1,14581.45,0.3,upi,Delivered,4,3,APP
O004529,1,2025-09-23,C01547,P0012,3,7699.47,0,Debit Card,Delivered,4,4,APP
O000325,1,2026-03-24,C00943,P0109,1,15084.37,0,COD,Delivered,4,4,App
O004982,3,2026-05-24,C00163,P0124,1,13738.84,0.15,Debit Card,Delivered,4,4,App
O003640,1,2026-06-05,C01123,P0141,4,12669.73,0,Debit Card,Delivered,2,,Marketplace
O005360,1,2025-05-10,C00500,P0067,1,11259.83,0,COD,Delivered,5,3,web
O000279,1,2025-05-09,C01875,P0002,3,10537.52,0.1,UPI,Returned,5,3,Web
O001742,1,2026-04-01,C00935,P0097,3,3435.16,0,Credit Card,Delivered,7,1,APP
O004701,1,2025-11-24,C01801,P0059,2,17683.44,0.1,upi,Delivered,3,3,Web
O001981,1,2025-01-02,C01884,P0123,2,9223.74,0.05,credit card,Delivered,,,APP
O002988,2,2025-12-23,C00117,P0045,2,27439.09,0.25,Wallet,Delivered,4,4,APP
O002167,1,2025-07-24,C00134,P0019,1,24242.81,0.1,Credit Card,Delivered,5,3,Web
O004821,2,2026-06-09,C00232,P0046,1,4297.35,0.5,upi,Delivered,1,4,APP
O005910,2,2025-12-09,C01558,P0027,3,20220.02,0.2,,Delivered,1,4,APP
O001978,3,2026-04-15,C00778,P0012,1,7868.61,0.05,Credit Card,Delivered,1,5,web
O004790,2,2026-03-29,C01532,P0021,1,22772.01,0.2,UPI,Delivered,4,3,web
O004206,3,2025-01-23,C00300,P0009,1,14202.16,0.3,Credit Card,Delivered,6,2,Web
O001488,2,2026-03-21,C00357,P0068,1,9427.91,0.3,Wallet,Cancelled,,,App
O004261,1,2025-05-08,C00787,P0011,1,17116.9,0,credit card,Returned,1,5,App
O000949,4,2025-02-14,C00453,P0081,2,21850.95,0.05,upi,Delivered,1,5,Marketplace
O004683,1,2025-12-10,C00101,P0009,1,13975.73,0.2,credit card,Returned,4,4,web
O001359,1,2026-04-18,C01280,P0122,1,1134.57,0.15,Cash on Delivery,Delivered,6,3,APP
O000280,2,2026-06-23,C00882,P0002,1,10877.68,0,Wallet,Delivered,3,4,APP
O004280,3,2025-10-26,C00900,P0049,4,1417.64,0,credit card,Delivered,,,Marketplace
O001524,2,2025-09-03,C01048,P0133,1,3867.45,0.15,Credit Card,Delivered,5,4,Marketplace
O002028,2,2026-04-21,C00901,P0080,1,22690.71,0,COD,Delivered,6,2,web
O002756,1,2025-02-22,C00101,P0093,1,22412.01,0.25,upi,Delivered,5,3,web
O002862,2,2026-07-01,C01737,P0074,1,11081.1,0,credit card,Returned,5,3,APP
O001011,1,2026-08-27,C01954,P0018,1,14011.54,0.05,COD,Returned,3,4,App
O003183,1,2025-09-16,C01201,P0016,2,20571.11,0.15,COD,Delivered,3,5,Marketplace
O004156,1,2025-02-13,C01294,P0097,2,3584.51,0.2,Credit Card,Delivered,3,4,APP
O002122,3,2025-11-28,C00054,P0126,1,2042.89,0.1,Credit Card,Delivered,7,3,web
O002192,2,2025-12-20,C01389,P0127,1,14525.65,0.1,Cash on Delivery,Delivered,3,4,Web
O000873,1,2025-10-27,C01727,P0095,4,15259.32,0.2,UPI,Delivered,7,2,APP
O001765,2,2026-01-26,C01256,P0090,1,4846.95,0.1,Cash on Delivery,Delivered,4,,App
O000964,1,2026-01-04,C00171,P0023,1,26804.1,0.15,Cash on Delivery,Delivered,1,,Marketplace
O002141,3,2026-05-22,C00210,P0004,1,18143.39,0.15,Wallet,Delivered,2,5,web
O000394,1,2025-08-09,C00249,P0092,1,4000.92,0.05,Credit Card,Delivered,3,3,Marketplace
O006494,1,2025-10-29,C00829,P0129,1,14997.92,0.05,COD,Returned,4,4,App
O005750,2,2026-01-22,C00660,P0074,3,11046.16,0.15,upi,Delivered,6,3,APP
O000255,2,2025-03-06,C01338,P0081,1,22941.73,0.15,UPI,Delivered,5,4,Marketplace
O005627,1,2026-01-27,C00690,P0071,1,11184.31,0,Cash on Delivery,Delivered,5,3,Marketplace
O001251,3,2026-01-12,C00743,P0111,1,1818.49,0.3,upi,Delivered,3,4,Marketplace
O002747,1,2025-01-25,C00864,P0096,1,3052.86,0.15,UPI,Delivered,5,3,APP
O000020,4,2025-04-02,C00615,P0053,1,7221.63,0,upi,Delivered,4,4,Marketplace
O000910,1,2026-07-20,C00774,P0035,1,17273.02,0.2,upi,Delivered,8,2,App
O000454,2,2026-01-17,C00461,P0031,2,22556.08,0,upi,Cancelled,,,App
O000820,4,2026-01-09,C00689,P0032,1,20671.93,0.2,Debit Card,Delivered,2,4,Web
O006489,1,2025-08-08,C01603,P0141,1,13192.18,0.2,Debit Card,Delivered,6,2,App
O000919,1,2026-03-25,C00361,P0033,1,620.88,0.1,Cash on Delivery,Cancelled,,,web
O002516,2,2025-07-02,C00905,P0137,1,4517.79,0.1,UPI,Delivered,5,3,Marketplace
O004260,1,2025-10-13,C00068,P0063,1,17669.44,0.1,credit card,Delivered,5,2,Marketplace
O005487,2,2025-06-16,C00337,P0144,1,8513.58,0.2,credit card,Delivered,7,3,Marketplace
O005462,1,2026-02-28,C01666,P0067,1,11320.79,0.15,UPI,Delivered,6,3,Marketplace
O000856,2,2026-05-04,C00766,P0035,2,17501.32,0.2,COD,Delivered,3,4,Web
O006206,1,2026-08-25,C01612,P0094,2,6235.63,0,Wallet,Delivered,8,1,Web
O002903,1,2026-01-21,C01056,P0038,1,330.17,0.3,Cash on Delivery,Delivered,1,4,Marketplace
O000485,1,2025-02-06,C01299,P0109,1,14487.64,0.2,credit card,Returned,2,4,web
O002444,1,2025-10-02,C01684,P0128,1,13691.78,0.25,upi,Delivered,4,3,web
O002344,2,2026-05-14,C01508,P0061,1,22573.4,0.15,Credit Card,Delivered,1,5,App
O006435,2,2025-04-01,C01926,P0074,1,10439.85,0.25,Cash on Delivery,Delivered,8,2,App
O000664,1,2026-02-25,C00073,P0037,1,18761.02,0.05,Credit Card,Delivered,5,3,APP
O004347,1,2025-08-02,C01427,P0012,1,8004.13,0.2,Credit Card,Delivered,5,3,APP
O000870,1,2025-11-19,C01808,P0044,1,13056.35,0.25,upi,Delivered,4,3,Web
O005471,3,2025-09-20,C01415,P0034,2,8314.71,0.15,Debit Card,Delivered,4,,APP
O001993,1,2025-05-15,C00650,P0127,1,14133.96,0.05,credit card,Returned,3,3,App
O006373,1,2025-03-24,C00557,P0102,1,16862.85,0,upi,Delivered,4,3,web
O005094,2,2025-04-20,C01165,P0083,2,5488.52,0.15,Cash on Delivery,Delivered,5,3,Marketplace
O002644,3,2025-04-13,C00751,P0129,1,14968.42,0.05,credit card,Delivered,6,2,Web
O004404,1,2026-03-25,C01660,P0136,1,14152.27,0.05,credit card,Delivered,5,,Marketplace
O005272,3,2026-03-26,C00797,P0079,1,7598.29,0,Cash on Delivery,Delivered,7,2,web
O001866,2,2025-09-18,C00844,P0005,1,5290.28,0.1,upi,Delivered,,,Web
O002089,1,2025-08-15,C01333,P0084,1,16308.24,0.15,Wallet,Delivered,1,5,Web
O004372,1,2026-05-10,C01048,P0054,1,12391.04,0.1,Debit Card,Delivered,5,3,APP
O002886,2,2025-09-23,C00653,P0122,1,1216.07,0.25,Cash on Delivery,Delivered,4,4,Web
O004421,1,2025-07-14,C00966,P0129,1,14613.12,0.2,UPI,Delivered,6,2,APP
O003925,2,2026-07-27,C01928,P0129,1,15191.64,0.05,Cash on Delivery,Delivered,4,4,Web
O003185,1,2025-12-29,C01558,P0054,1,12575.36,0.2,Debit Card,Delivered,6,2,APP
O004314,2,2026-06-20,C01147,P0038,1,332.51,0.1,credit card,Delivered,5,3,Marketplace
O001210,2,2026-03-28,C01279,P0089,4,17425.98,0.15,Credit Card,Delivered,5,,App
O005829,1,2026-05-06,C00816,P0063,1,17466.9,0,upi,Delivered,7,2,APP
O005151,2,2025-08-16,C00625,P0041,1,21061.27,0.15,Wallet,Delivered,5,2,web
O004250,1,2026-07-22,C01372,P0083,1,5587.94,0,Cash on Delivery,Delivered,4,3,App
O004276,1,2026-07-01,C01745,P0117,1,3519.32,0.15,Credit Card,Delivered,3,5,web
O006201,1,2026-07-06,C01724,P0095,2,15112.8,0,COD,Cancelled,,,APP
O002355,1,2026-02-21,C00495,P0027,1,19542.48,0.1,upi,Delivered,1,5,Marketplace
O004152,2,2026-01-16,C00977,P0040,1,13353.54,0.15,COD,Returned,4,3,Marketplace
O002239,1,2026-01-12,C00299,P0017,2,3368.14,0.1,COD,Delivered,3,4,web
O003968,1,2026-04-07,C01613,P0110,1,8333.89,0.1,Debit Card,Delivered,,,Web
O002142,2,2025-10-18,C00622,P0053,1,7230.45,0.5,upi,Returned,7,1,APP
O004354,2,2025-08-20,C00361,P0136,2,14037.81,0,Credit Card,Delivered,3,5,APP
O002877,2,2025-07-03,C00535,P0069,2,11567.85,0.1,Wallet,Returned,4,4,APP
O004632,2,2025-01-16,C00365,P0051,1,3995.49,0,UPI,Delivered,6,3,Marketplace
O001084,3,2026-04-25,C00211,P0118,1,3124.26,0.05,,Delivered,6,3,Web
O003793,1,2026-04-11,C00464,P0135,2,3463.23,0.05,credit card,Delivered,3,4,web
O000863,4,2026-01-29,C00384,P0060,3,17346.82,0.05,COD,Delivered,3,4,Web
O004345,1,2025-05-14,C00066,P0093,1,22517.98,0.15,COD,Delivered,,,Web
O000774,2,2025-08-11,C01392,P0033,1,630.73,0.05,Wallet,Delivered,4,4,web
O002791,1,2025-06-09,C01141,P0129,1,15251.85,0,COD,Delivered,5,3,APP
O001094,2,2025-09-12,C00310,P0131,1,18927.54,0.15,Credit Card,Delivered,8,2,Web
O001450,1,2026-05-28,C00977,P0029,1,4926.1,0.1,Cash on Delivery,Delivered,4,3,Web
O005019,1,2025-01-28,C00211,P0102,1,17102.53,0,upi,Cancelled,,,App
O004964,1,2025-07-04,C00837,P0013,1,5653.8,0,credit card,Delivered,4,3,APP
O003255,3,2026-04-09,C01819,P0116,1,12174.87,0.3,Wallet,Delivered,4,3,APP
O004077,1,2026-05-01,C01648,P0093,1,22755.08,0.1,Wallet,Delivered,5,3,Marketplace
O005037,1,2026-07-13,C01071,P0017,2,3251.32,0.1,Wallet,Delivered,5,4,App
O004598,2,2025-05-27,C01600,P0021,1,21504.01,0.2,upi,Delivered,2,5,Web
O005808,1,2025-08-04,C01705,P0135,1,3468.45,0.05,Debit Card,Delivered,6,2,Marketplace
O006080,2,2025-01-28,C01648,P0099,4,20481.77,0.2,,Delivered,3,4,Marketplace
O003504,1,2026-08-02,C01309,P0084,1,16538.46,0.15,upi,Delivered,7,2,Web
O004237,1,2026-05-08,C01807,P0005,1,5450.94,0.2,UPI,Delivered,6,2,web
O003056,3,2025-02-22,C00783,P0106,1,2479.05,0.15,Credit Card,Delivered,3,3,App
O006342,2,2026-05-22,C00937,P0053,3,7433.96,0.1,Debit Card,Delivered,2,5,APP
O004162,1,2025-07-22,C00340,P0109,1,14308.32,0.05,Wallet,Delivered,2,5,Marketplace
O002653,1,2025-07-27,C00481,P0085,2,9949.06,0.25,credit card,Cancelled,,,web
O000607,1,2025-12-12,C00658,P0130,1,17581.44,0,UPI,Delivered,6,3,Web
O002589,1,2026-02-18,C00900,P0049,3,1475.59,0.15,UPI,Delivered,7,1,APP
O005734,1,2026-05-12,C00303,P0052,1,19103.95,0,Wallet,Cancelled,,,web
O001951,1,2025-04-02,C00257,P0134,4,18900.03,0.05,Credit Card,Delivered,3,3,App
O001671,1,2026-04-15,C01211,P0056,1,10477.47,0.05,Wallet,Delivered,5,3,web
O001939,2,2025-07-17,C01508,P0041,2,21297.41,0.3,COD,Delivered,9,1,App
O003889,1,2025-07-13,C00063,P0030,1,14106.61,0.1,COD,Delivered,4,4,Marketplace
O002989,1,2025-07-02,C01911,P0056,1,11133.35,0.15,Wallet,Delivered,2,4,App
O004982,1,2026-05-24,C00163,P0105,1,24878.04,0,Debit Card,Delivered,4,4,App
O001212,1,2025-09-21,C01770,P0014,1,5802.45,0.3,Debit Card,Delivered,3,3,App
O001560,4,2026-02-28,C01193,P0031,1,23014.91,0.05,Wallet,Delivered,3,4,App
O003333,2,2025-01-20,C00349,P0019,1,24529.52,0.15,upi,Delivered,3,5,APP
O004292,1,2026-03-11,C01514,P0040,1,13243.22,0.2,Debit Card,Delivered,5,3,web
O001687,2,2025-10-07,C00329,P0087,2,6754.95,0,upi,Delivered,4,4,Web
O003395,2,2025-11-12,C00934,P0072,1,12532.03,0.3,Credit Card,Delivered,4,3,Marketplace
O004909,2,2026-01-06,C00832,P0141,1,12745.4,0.2,Credit Card,Delivered,,,APP
O005112,3,2026-05-26,C00720,P0021,2,21902.91,0,credit card,Returned,5,4,App
O002978,1,2026-05-06,C00980,P0059,5,17034.76,0.1,COD,Delivered,6,3,App
O002402,2,2025-07-22,C00463,P0126,1,2004.52,0.15,UPI,Delivered,1,5,Web
O003368,2,2026-03-23,C00827,P0074,1,10600.19,0.1,Cash on Delivery,Delivered,5,4,web
O002789,2,2026-02-21,C01558,P0084,1,17140.09,0.15,credit card,Delivered,2,5,web
O003053,3,2025-12-14,C01952,P0081,1,21557.87,0.05,upi,Delivered,3,4,Web
O001723,2,2026-04-07,C00066,P0056,1,11105.3,0.25,Debit Card,Delivered,5,3,APP
O003469,1,2026-05-09,C01860,P0070,1,4371.32,0.15,COD,Delivered,5,3,Web
O002750,1,2025-12-27,C00857,P0135,3,3326.68,0.15,COD,Delivered,4,4,web
O001776,2,2025-01-04,C00161,P0127,1,14555.12,0.05,upi,Delivered,3,4,APP
O002184,1,2026-05-16,C00190,P0038,1,322.24,0.1,Wallet,Delivered,5,2,APP
O003914,2,2026-04-09,C00680,P0075,1,10993.99,0,COD,Returned,3,4,Web
O004534,1,2025-04-24,C01656,P0120,4,13021.13,0.5,Credit Card,Delivered,5,3,App
O001483,2,2025-08-27,C00076,P0010,1,23554.96,0.05,UPI,Delivered,5,3,web
O000746,1,2026-06-25,C00686,P0084,2,16455.5,0.15,Credit Card,Delivered,2,5,web
O004862,1,2026-03-28,C01807,P0011,1,16702.18,0.05,Cash on Delivery,Delivered,8,1,App
O000994,2,2025-10-07,C00936,P0129,1,14952.61,0.1,Wallet,Returned,5,3,web
O005449,1,2026-05-30,C01441,P0124,4,14280.1,0.2,Credit Card,Delivered,5,3,App
O006343,1,2025-08-28,C00934,P0096,5,2879.05,0,upi,Delivered,4,4,App
O000041,1,2026-01-28,C01632,P0082,1,14659.47,0.1,UPI,Delivered,5,3,APP
O004546,2,2026-01-05,C01640,P0090,5,4935.0,0.15,UPI,Cancelled,,,Marketplace
O002699,1,2026-08-16,C01581,P0054,2,13181.2,0.1,Debit Card,Delivered,4,3,Web
O000786,1,2025-08-19,C01617,P0090,2,4829.31,0.05,upi,Delivered,5,3,App
O004840,3,2025-09-30,C01941,P0130,1,16933.61,0.1,credit card,Delivered,4,4,web
O005986,4,2025-04-14,C00071,P0134,3,18732.04,0.3,upi,Returned,4,4,Web
O004422,1,2025-01-10,C01952,P0053,1,7464.19,0,upi,Delivered,3,4,App
O002099,1,2026-01-11,C01147,P0008,2,23188.88,0.2,Credit Card,Returned,8,2,APP
O006382,2,2026-02-14,C01744,P0091,4,254.9,0.15,credit card,Delivered,4,4,Marketplace
O002712,2,2026-07-11,C01048,P0123,1,9239.04,0.15,credit card,Delivered,3,4,APP
O000757,2,2026-05-09,C00396,P0048,3,1006.82,0.15,UPI,Delivered,5,4,App
O002324,4,2025-03-06,C00386,P0005,1,5490.59,0.05,upi,Delivered,2,5,Marketplace
O004919,1,2025-02-15,C00044,P0032,1,20294.81,0.2,credit card,Delivered,3,4,Marketplace
O004012,1,2026-01-25,C01137,P0098,1,12408.4,0,upi,Delivered,5,3,APP
O003604,2,2025-04-22,C00037,P0106,1,2615.68,0.2,Wallet,Delivered,4,3,Web
O005105,2,2025-04-09,C00398,P0107,2,24344.02,0.1,Credit Card,Delivered,6,2,Marketplace
O003140,3,2025-06-16,C01692,P0139,3,3444.5,0.2,upi,Delivered,4,3,Marketplace
O003959,1,2025-07-24,C00120,P0020,1,26245.05,0.25,Cash on Delivery,Delivered,6,2,Web
O006103,1,2026-01-25,C00792,P0025,1,4022.53,0.1,COD,Delivered,3,,App
O006377,1,2025-11-02,C01905,P0104,1,4958.28,0.2,Debit Card,Returned,1,5,web
O005976,2,2025-09-19,C00770,P0025,2,3836.59,0,credit card,Delivered,5,3,APP
O006427,1,2025-08-09,C01908,P0106,1,2467.42,0.2,Wallet,Delivered,3,4,Web
O006458,1,2025-12-07,C00091,P0122,2,1222.87,0,Cash on Delivery,Delivered,3,3,APP
O004550,1,2025-12-25,C00708,P0068,3,9003.64,0.15,Cash on Delivery,Delivered,3,4,Marketplace
O003177,2,2025-08-13,C01933,P0026,1,14437.65,0.05,UPI,Delivered,3,4,APP
O000095,1,2025-01-28,C01231,P0091,1,255.36,0.25,Wallet,Delivered,5,3,APP
O005767,3,2025-04-12,C01619,P0127,1,14763.11,0.1,credit card,Returned,5,3,web
O004257,1,2025-04-22,C00551,P0025,1,3963.81,0,upi,Delivered,4,4,APP
O005178,2,2026-02-10,C01119,P0140,1,13480.97,0,Credit Card,Delivered,4,4,APP
O006326,1,2025-07-07,C01895,P0056,1,11078.81,0.15,Cash on Delivery,Cancelled,,,Marketplace
O001820,1,2026-02-03,C01760,P0100,1,13947.97,0,Wallet,Delivered,4,4,App
O006468,1,2026-05-28,C00921,P0124,1,14031.15,0.1,Credit Card,Delivered,6,2,App
O001434,3,2026-01-09,C01653,P0028,3,8627.0,0.2,upi,Delivered,3,3,web
O003307,2,2025-07-11,C00520,P0108,5,21607.62,0.5,credit card,Delivered,2,4,web
O003816,1,2025-01-21,C00925,P0107,2,23589.33,0.25,Debit Card,Delivered,3,,Marketplace
O003984,1,2025-07-22,C01034,P0108,1,21118.5,0,Cash on Delivery,Delivered,5,3,App
O006010,1,2026-05-17,C01998,P0127,2,13945.91,0.1,UPI,Delivered,5,2,Web
O005887,1,2025-01-22,C00637,P0041,2,21148.89,0,UPI,Delivered,4,,App
O004346,3,2026-01-19,C00568,P0141,1,13181.1,0.05,Wallet,Delivered,4,,App
O001911,1,2026-05-17,C01773,P0043,1,16469.12,0.2,Credit Card,Delivered,4,3,Marketplace
O000460,1,2025-03-03,C00206,P0141,2,12365.2,0.2,,Delivered,6,3,APP
O003475,2,2025-07-09,C00665,P0127,1,13759.05,0.15,COD,Returned,3,3,Marketplace
O006270,2,2025-01-28,C00395,P0006,1,20804.89,0,Debit Card,Delivered,6,3,App
O003290,3,2025-02-14,C00728,P0096,1,2921.31,0.15,COD,Delivered,1,4,Marketplace
O003103,1,2025-10-29,C01134,P0117,2,3401.94,0.05,Debit Card,Delivered,3,4,Web
O000210,3,2026-02-02,C01811,P0026,2,13499.11,0.25,COD,Returned,2,5,Marketplace
O002285,2,2026-05-04,C01628,P0101,1,8485.24,0,Credit Card,Delivered,5,3,Marketplace
O002799,1,2025-03-10,C00723,P0113,4,3076.29,0.15,COD,Delivered,,,App
O005279,1,2026-03-16,C01439,P0120,1,12925.04,0.1,Debit Card,Delivered,3,4,web
O005881,3,2025-03-30,C00517,P0085,1,9670.95,0.65,Wallet,Delivered,5,3,Web
O003518,2,2025-11-26,C01953,P0075,4,10669.82,0.15,COD,Delivered,5,4,APP
O004462,1,2026-08-29,C00959,P0132,1,18253.46,0,UPI,Delivered,6,3,APP
O000146,2,2026-08-22,C01094,P0101,1,8343.07,0,,Delivered,5,4,Web
O001974,1,2025-09-24,C00707,P0008,3,23532.47,0.15,Debit Card,Delivered,4,4,Web
O002884,1,2025-01-17,C00007,P0037,1,17989.58,0.2,,Delivered,6,3,APP
O001220,2,2026-05-22,C01148,P0108,1,21048.79,0,Wallet,Delivered,3,4,APP
O004740,2,2025-11-16,C01929,P0037,1,18371.74,0.1,UPI,Delivered,6,3,APP
O002162,1,2026-02-05,C00644,P0076,1,26532.92,0.1,Debit Card,Delivered,5,4,APP
O001924,3,2026-01-14,C00201,P0085,2,9893.68,0.25,COD,Delivered,4,3,Marketplace
O002509,1,2025-01-31,C00359,P0135,1,3420.25,0.1,upi,Delivered,5,3,Web
O006043,1,2026-06-02,C00683,P0051,1,4112.19,0.25,COD,Delivered,2,4,APP
O004419,1,2026-05-09,C01259,P0006,1,20647.87,0.3,credit card,Delivered,5,3,web
O000243,1,2026-03-29,C00994,P0033,2,611.99,0,Wallet,Cancelled,,,APP
O001698,2,2025-05-25,C01912,P0124,1,13748.9,0.15,Wallet,Delivered,3,4,Marketplace
O000510,1,2025-11-03,C01771,P0073,2,9087.85,0.05,Credit Card,Delivered,8,1,App
O004427,1,2025-12-23,C00528,P0004,3,18149.7,0.05,Cash on Delivery,Delivered,5,2,APP
O000645,1,2026-02-22,C01261,P0032,1,21152.15,0.15,Cash on Delivery,Delivered,6,3,App
O003696,1,2026-01-14,C01110,P0012,2,7597.22,0.05,upi,Delivered,7,2,App
O000547,1,2025-10-04,C01177,P0081,2,22547.75,0.2,Cash on Delivery,Delivered,4,4,Marketplace
O004271,2,2026-01-28,C01920,P0020,4,24941.81,0.1,UPI,Delivered,2,4,Marketplace
O000378,1,2026-08-29,C01288,P0103,2,26533.66,0.15,COD,Delivered,7,2,web
O004977,3,2025-07-31,C01374,P0100,1,14005.75,0.65,Wallet,Delivered,8,1,web
O002002,2,2026-08-16,C01713,P0029,1,4940.81,0.05,UPI,Delivered,,,web
O000782,1,2025-12-28,C00824,P0141,2,12946.99,0,Wallet,Delivered,5,2,web
O002401,1,2025-04-14,C01116,P0041,1,19795.2,0,upi,Delivered,4,4,Marketplace
O002193,1,2025-03-08,C01742,P0133,2,3905.91,0.25,UPI,Delivered,7,3,App
O003478,1,2025-06-26,C00312,P0084,4,17223.61,0.05,Debit Card,Delivered,2,4,web
O003347,3,2025-08-04,C00092,P0120,2,12871.89,0,Wallet,Returned,7,2,web
O001955,1,2026-05-21,C00370,P0026,3,14416.65,0.25,COD,Delivered,1,5,Web
O001487,1,2025-01-22,C01161,P0040,1,13522.3,0,Debit Card,Delivered,2,5,APP
O000168,1,2026-03-27,C00162,P0063,2,17309.12,0.15,COD,Delivered,3,4,Marketplace
O003123,2,2025-10-22,C01162,P0105,1,25627.17,0,Cash on Delivery,Delivered,4,3,web
O000095,2,2025-01-28,C01231,P0055,1,9071.74,0.25,Wallet,Delivered,5,3,APP
O004778,1,2026-05-03,C01874,P0024,2,21204.23,0.2,Credit Card,Delivered,,,App
O003934,1,2025-10-25,C01835,P0030,1,13998.17,0.1,COD,Delivered,2,5,App
O002846,2,2025-11-16,C01471,P0122,2,1206.91,0,upi,Delivered,7,3,Marketplace
O002972,2,2026-06-06,C01601,P0123,2,9372.5,0.15,credit card,Delivered,4,4,web
O006041,1,2026-08-20,C01346,P0034,1,8150.62,0.1,credit card,Delivered,2,,Marketplace
O001026,2,2025-06-27,C01368,P0089,2,17880.89,0.2,Debit Card,Delivered,3,4,App
O005958,1,2025-08-30,C00150,P0022,3,5412.1,0.1,Wallet,Delivered,4,3,web
O006258,1,2026-03-03,C00791,P0122,3,1148.94,0.25,UPI,Delivered,7,2,web
O003510,2,2025-04-03,C01304,P0117,1,3411.48,0,Wallet,Delivered,4,,web
O001833,2,2026-01-30,C00906,P0052,2,19140.81,0.05,COD,Delivered,2,5,App
O001947,1,2025-05-31,C01836,P0003,4,19821.18,0.1,upi,Delivered,5,4,APP
O001098,1,2025-10-01,C01274,P0020,2,26123.51,0.1,Debit Card,Delivered,2,4,Marketplace
O006401,1,2025-12-17,C00329,P0074,1,10393.15,0.15,Credit Card,Delivered,1,5,APP
O002801,1,2025-01-20,C00860,P0033,2,607.41,0.2,COD,Delivered,2,4,web
O004364,1,2026-04-23,C00444,P0128,4,13958.27,0.15,UPI,Delivered,4,3,APP
O004166,3,2025-12-10,C01138,P0121,2,20950.5,0,Wallet,Delivered,4,4,web
O005691,2,2026-07-07,C01938,P0144,3,8608.35,0.3,Wallet,Delivered,1,4,APP
O001258,2,2026-01-29,C00566,P0120,1,12515.78,0.15,credit card,Delivered,4,4,web
O003483,1,2025-09-15,C00802,P0052,3,18729.71,0.1,Debit Card,Delivered,7,2,Web
O001117,1,2026-08-28,C00897,P0047,1,27560.25,0.2,Debit Card,Delivered,4,3,App
O001468,1,2026-07-22,C00843,P0074,1,10633.98,0,,Delivered,1,4,Web
O001560,2,2026-02-28,C01193,P0018,1,13657.91,0.1,Wallet,Delivered,3,4,App
O002984,2,2025-02-08,C01470,P0092,2,4243.23,0.1,Credit Card,Delivered,6,2,Marketplace
O004230,2,2026-06-23,C01313,P0060,2,17313.12,0.05,Debit Card,Delivered,4,4,web
O002017,2,2025-08-20,C00559,P0008,1,22911.86,0.05,Cash on Delivery,Delivered,7,2,APP
O003506,2,2025-12-30,C01509,P0144,1,8301.68,0.15,Debit Card,Returned,4,4,APP
O004610,1,2025-12-21,C01659,P0075,2,10600.49,0,Cash on Delivery,Delivered,4,4,web
O004887,1,2026-04-23,C01190,P0105,1,25464.65,0.05,UPI,Delivered,5,3,Web
O001198,2,2025-10-22,C00294,P0058,1,13183.28,0.05,COD,Delivered,6,3,Marketplace
O003993,2,2026-08-17,C01776,P0070,1,4280.42,0,Cash on Delivery,Cancelled,,,Web
O006099,1,2025-12-10,C00519,P0066,1,22649.35,0.15,COD,Delivered,3,3,web
O002225,1,2025-10-10,C01266,P0135,1,3446.96,0,COD,Delivered,4,4,Marketplace
O004103,1,2025-08-14,C01682,P0033,1,613.81,0.1,COD,Delivered,3,4,App
O003046,1,2026-05-26,C01925,P0142,1,12019.24,0.1,credit card,Delivered,4,4,APP
O000676,1,2025-10-23,C01158,P0045,1,28610.9,0.05,credit card,Delivered,5,4,Marketplace
O004681,1,2026-04-12,C00709,P0075,1,10795.31,0.1,Wallet,Delivered,4,3,App
O000046,2,2025-03-31,C00272,P0048,2,971.67,0.1,COD,Delivered,3,4,web
O001993,2,2025-05-15,C00650,P0008,2,22871.21,0.1,credit card,Returned,3,3,App
O000813,3,2025-08-11,C01875,P0070,3,4191.56,0.05,Wallet,Delivered,4,3,web
O002422,1,2025-07-30,C01765,P0057,1,4477.2,0.2,Cash on Delivery,Delivered,4,3,web
O002485,1,2025-10-13,C00286,P0043,1,16062.32,0.1,credit card,Delivered,7,2,web
O000453,1,2026-04-28,C00741,P0017,1,3190.78,0.25,Wallet,Delivered,,,web
O003361,2,2025-12-23,C01913,P0039,1,12548.54,0.05,COD,Returned,4,4,APP
O004523,2,2025-02-22,C01295,P0122,1,1218.1,0.15,upi,Delivered,5,3,App
O004653,1,2025-05-07,C00259,P0034,1,8204.92,0.2,upi,Delivered,5,2,Web
O003764,1,2026-06-03,C01545,P0015,1,21647.1,0.2,Wallet,Delivered,4,3,App
O005817,2,2025-10-26,C00292,P0140,1,13072.47,0.2,Cash on Delivery,Cancelled,,,APP
O001560,3,2026-02-28,C01193,P0029,1,4745.54,0.2,Wallet,Delivered,3,4,App
O000216,1,2025-05-21,C00591,P0078,2,26553.88,0.05,Debit Card,Delivered,5,3,Marketplace
O005605,4,2026-02-15,C00442,P0015,1,21458.69,0.15,Wallet,Delivered,7,,App
O003731,1,2026-07-18,C01190,P0107,2,23737.68,0.1,COD,Returned,1,5,Web
O004760,1,2026-03-01,C01540,P0013,1,5369.49,0.05,COD,Cancelled,,,web
O006282,1,2025-03-13,C01274,P0036,4,18304.3,0.1,Credit Card,Delivered,2,5,Web
O005671,2,2026-02-09,C01347,P0043,1,15914.11,0.1,Credit Card,Delivered,5,3,web
O003483,3,2025-09-15,C00802,P0033,2,608.52,0.1,Debit Card,Delivered,7,2,Web
O005918,1,2026-02-13,C00531,P0090,1,4617.38,0.25,Debit Card,Returned,3,,App
O004341,2,2026-07-11,C01797,P0099,1,20695.24,0.1,Debit Card,Delivered,2,5,APP
O000179,2,2026-08-12,C00834,P0037,1,17831.49,0.1,Credit Card,Delivered,4,4,Web
O002418,3,2025-07-26,C00863,P0072,1,12024.58,0.2,UPI,Returned,6,2,web
O001678,2,2025-11-11,C01061,P0050,1,17153.14,0.15,Credit Card,Cancelled,,,Marketplace
O000509,1,2025-04-01,C01090,P0063,1,17465.42,0.1,UPI,Delivered,7,2,Web
O002100,2,2025-04-06,C00519,P0012,2,8106.82,0,Credit Card,Delivered,3,5,web
O000977,1,2026-03-30,C00497,P0141,1,12447.98,0.2,Credit Card,Returned,3,3,Marketplace
O005874,2,2025-06-28,C00675,P0110,1,8257.91,0.05,upi,Delivered,3,4,APP
O004361,1,2026-07-22,C01573,P0034,1,8653.68,0.15,UPI,Delivered,,,App
O005520,1,2026-05-13,C01036,P0125,1,4546.94,0.2,UPI,Delivered,,,Web
O005636,1,2025-07-12,C00363,P0021,1,22117.42,0,UPI,Delivered,3,4,web
O002430,1,2025-04-20,C01820,P0144,1,8137.67,0.05,credit card,Delivered,4,3,App
O002119,2,2026-02-27,C00941,P0110,1,8421.25,0.15,Debit Card,Delivered,4,4,web
O001915,2,2025-03-05,C00481,P0028,2,8498.74,0.25,Wallet,Delivered,6,2,APP
O003303,4,2026-01-17,C00202,P0004,4,19070.38,0.2,upi,Cancelled,,,APP
O000971,1,2025-09-18,C00110,P0052,1,19235.99,0.15,,Delivered,5,,Marketplace
O000600,3,2026-05-28,C01657,P0056,1,10749.71,0.1,Cash on Delivery,Delivered,4,3,Marketplace
O005220,1,2026-08-19,C00454,P0044,2,13992.21,0.25,Credit Card,Delivered,5,4,Marketplace
O003643,1,2025-02-23,C01609,P0137,1,4695.48,0.1,UPI,Delivered,4,3,Web
O000191,2,2025-01-03,C00125,P0117,1,3422.02,0.2,Cash on Delivery,Delivered,,,APP
O000400,1,2025-01-23,C00083,P0063,2,16550.39,0,credit card,Delivered,4,4,web
O005892,2,2025-08-13,C00759,P0006,1,20997.34,0.2,COD,Delivered,3,4,APP
O000728,1,2025-01-03,C00999,P0077,2,11208.22,0.65,upi,Delivered,1,4,App
O001621,1,2025-07-05,C00325,P0045,1,28869.67,0.15,Wallet,Delivered,2,4,web
O001380,1,2026-05-23,C01372,P0087,1,6356.27,0,UPI,Delivered,5,4,Web
O004921,2,2025-06-16,C01727,P0106,2,2459.51,0.15,upi,Delivered,4,4,APP
O004744,2,2026-08-29,C01831,P0068,2,9039.98,0,Credit Card,Delivered,6,2,Web
O000355,3,2025-02-24,C00833,P0019,2,25352.25,0.25,UPI,Delivered,3,3,APP
O002223,3,2025-08-26,C01365,P0047,1,28219.89,0.1,Debit Card,Returned,,,Marketplace
O000737,1,2026-06-12,C00703,P0095,5,15155.3,0.2,Credit Card,Delivered,6,3,Web
O005504,1,2026-07-24,C01749,P0080,1,23331.81,0.1,Credit Card,Delivered,8,1,APP
O005898,1,2026-08-30,C01727,P0108,1,21208.93,0.15,Credit Card,Returned,1,4,Marketplace
O003372,1,2026-03-02,C01365,P0050,1,17794.02,0.15,credit card,Delivered,4,3,Web
O002032,1,2025-03-11,C00708,P0126,2,2127.16,0.05,Wallet,Delivered,10,1,APP
O003858,2,2026-04-25,C00634,P0058,2,12542.33,0.3,UPI,Cancelled,,,App
O003312,1,2026-01-20,C00203,P0078,1,25639.18,0.1,credit card,Delivered,1,5,Web
O004998,1,2026-04-21,C00467,P0090,2,4650.1,0.15,UPI,Delivered,4,3,App
O005646,2,2025-11-28,C00332,P0043,2,15624.43,0.05,Debit Card,Returned,2,,App
O004179,1,2025-02-01,C00365,P0049,1,1463.47,0.05,Wallet,Delivered,9,1,Marketplace
O005059,1,2026-04-20,C00555,P0119,1,20067.66,0,COD,Delivered,2,4,Marketplace
O004308,3,2026-04-11,C00294,P0142,1,12061.83,0.05,credit card,Delivered,3,4,Marketplace
O003559,2,2026-01-20,C00493,P0041,1,21210.12,0.1,COD,Delivered,4,4,App
O000305,1,2025-12-03,C01726,P0114,1,1253.01,0.05,COD,Delivered,4,4,APP
O003007,1,2025-09-28,C00263,P0098,1,12510.86,0.15,COD,Cancelled,,,Marketplace
O001096,1,2025-10-02,C00033,P0029,1,4926.29,0.2,Debit Card,Delivered,3,5,App
O000587,2,2025-02-21,C01163,P0107,1,23483.46,0.15,upi,Delivered,7,2,web
O003788,2,2026-02-17,C00274,P0130,2,17001.58,0,Cash on Delivery,Delivered,6,2,App
O006017,3,2026-03-12,C00777,P0072,3,12251.24,0.2,Debit Card,Cancelled,,,Marketplace
O004326,2,2025-04-05,C01945,P0052,1,19407.15,0.3,COD,Delivered,4,4,Web
O001157,2,2025-05-11,C00904,P0128,1,14539.12,0.2,Wallet,Delivered,3,4,web
O002666,1,2026-06-14,C00409,P0078,1,25628.47,0.05,credit card,Delivered,4,3,App
O001308,1,2026-05-12,C01304,P0086,1,3781.0,0.05,Cash on Delivery,Delivered,4,,App
O001402,1,2026-04-11,C00448,P0031,1,23323.78,0.2,Credit Card,Delivered,4,4,Web
O003784,2,2025-06-20,C01993,P0057,1,4841.01,0.15,UPI,Returned,5,3,Web
O002093,1,2025-07-23,C01265,P0094,1,6375.76,0,Credit Card,Delivered,3,4,App
O003222,1,2025-06-29,C01525,P0101,1,8473.72,0.15,Debit Card,Delivered,1,5,Marketplace
O005156,1,2025-12-26,C00360,P0033,1,615.24,0.1,UPI,Delivered,8,1,App
O004825,1,2025-03-01,C01329,P0037,2,17968.52,0.05,upi,Delivered,1,,App
O003574,3,2025-08-13,C00094,P0099,1,20374.4,0.25,upi,Delivered,6,3,web
O003663,1,2026-08-13,C00840,P0062,1,18073.4,0,UPI,Delivered,3,4,Web
O003969,1,2025-07-16,C00426,P0072,3,12553.79,0.05,Cash on Delivery,Delivered,6,2,APP
O004965,2,2026-01-28,C01614,P0056,1,10401.03,0.1,upi,Delivered,2,5,App
O004794,1,2025-03-11,C00281,P0086,1,3621.61,0.15,COD,Delivered,1,5,App
O005092,1,2026-08-30,C01944,P0008,1,22122.54,0.15,Credit Card,Delivered,7,3,APP
O004676,1,2026-01-10,C00028,P0065,2,16952.32,0.2,,Delivered,5,4,Marketplace
O000537,2,2025-08-11,C01141,P0036,1,18669.86,0.2,UPI,Delivered,6,2,web
O003852,2,2026-06-11,C01585,P0010,1,24256.6,0.05,COD,Delivered,2,4,Web
O000035,1,2025-08-24,C00666,P0059,3,17887.28,0.2,Credit Card,Delivered,5,2,Web
O003835,4,2026-01-09,C00337,P0008,3,22038.92,0.1,Wallet,Delivered,1,4,web
O000965,1,2025-04-14,C01116,P0069,1,11616.21,0.3,UPI,Delivered,4,4,App
O004746,1,2025-02-06,C01765,P0066,1,23007.83,0.1,UPI,Delivered,6,3,Marketplace
O006481,1,2026-03-10,C01340,P0038,1,326.67,0.15,UPI,Delivered,5,3,Marketplace
O000711,3,2025-01-24,C00028,P0036,1,18810.74,0.15,Debit Card,Delivered,7,2,web
O004041,2,2025-02-04,C00088,P0105,1,0,0,Debit Card,Returned,3,4,APP
O005990,1,2025-08-11,C01671,P0019,1,24722.32,0,COD,Delivered,4,4,Marketplace
O001080,4,2026-04-01,C00757,P0011,2,16275.18,0.25,Credit Card,Delivered,1,5,APP
O004979,1,2026-04-12,C01445,P0132,2,18318.09,0.05,Credit Card,Delivered,5,3,App
O001301,1,2026-03-10,C01535,P0029,1,4882.17,0.05,Wallet,Delivered,3,4,web
O002381,2,2025-08-24,C00693,P0088,2,25943.75,0.2,Debit Card,Delivered,6,2,Web
O002126,2,2025-05-17,C01932,P0100,1,14188.44,0.25,Credit Card,Delivered,4,4,App
O004750,1,2025-01-23,C00035,P0069,2,11750.28,0.05,UPI,Returned,4,4,APP
O002946,1,2025-11-05,C00858,P0126,1,2116.43,0,Debit Card,Delivered,4,4,Web
O003198,1,2025-06-07,C00510,P0058,3,12998.08,0.15,credit card,Delivered,6,2,Web
O004604,1,2025-10-14,C01508,P0050,3,17899.36,0,COD,Returned,4,3,APP
O003292,2,2025-02-15,C00356,P0136,1,13308.84,0,credit card,Delivered,4,3,web
O000407,2,2025-09-06,C00396,P0082,3,15793.75,0.1,Credit Card,Delivered,8,2,App
O006275,1,2026-08-05,C00596,P0135,1,3338.35,0.5,Debit Card,Cancelled,,,App
O002290,1,2025-08-22,C01218,P0083,4,5412.43,0.05,upi,Delivered,3,3,App
O000736,1,2026-02-11,C01253,P0100,1,13251.88,0.25,credit card,Returned,8,2,App
O005258,1,2025-11-09,C01378,P0068,2,9068.86,0.05,credit card,Cancelled,,,Marketplace
O005480,1,2025-02-14,C01424,P0050,1,17125.13,0.1,Debit Card,Delivered,6,3,Web
O002118,2,2025-11-19,C01164,P0007,3,11914.88,0.2,Debit Card,Delivered,5,4,App
O005615,2,2026-03-24,C01745,P0133,2,3792.97,0.2,upi,Returned,4,3,APP
O003423,1,2026-07-27,C00143,P0098,1,12697.75,0,Wallet,Delivered,4,4,APP
O004815,1,2026-01-02,C00533,P0059,2,17589.0,0.05,UPI,Delivered,8,1,Marketplace
O005791,2,2025-11-28,C01101,P0127,1,14654.83,0.2,Credit Card,Delivered,1,4,Marketplace
O004724,1,2025-04-28,C00662,P0080,1,21653.34,0.05,Credit Card,Returned,3,4,APP
O006416,1,2025-01-25,C00857,P0062,5,18755.82,0.05,COD,Delivered,3,,App
O000399,2,2026-03-14,C00419,P0092,1,4060.35,0,Credit Card,Delivered,4,4,APP
O001847,2,2025-02-18,C01089,P0112,1,21766.95,0,Cash on Delivery,Delivered,5,3,Marketplace
O000075,1,2025-06-16,C00003,P0059,1,17175.17,0.5,credit card,Delivered,3,,Marketplace
O004927,1,2025-12-22,C00003,P0035,1,18641.96,0.1,Cash on Delivery,Delivered,8,2,APP
O000356,1,2025-10-23,C01518,P0010,1,22862.77,0,Debit Card,Delivered,5,2,APP
O005945,1,2026-08-03,C01791,P0047,1,28229.52,0.1,,Delivered,4,3,APP
O001927,1,2026-06-28,C01115,P0026,1,13616.08,0.1,upi,Delivered,7,2,APP
O003251,1,2025-11-22,C00753,P0095,1,15815.6,0.15,upi,Delivered,5,2,APP
O000864,4,2025-02-21,C00855,P0028,1,8764.06,0.1,credit card,Delivered,5,3,Marketplace
O002073,2,2026-07-03,C00221,P0039,1,12479.36,0,upi,Delivered,5,3,App
O006418,1,2025-08-04,C00247,P0051,1,4087.58,0,COD,Delivered,5,4,Web
O001727,2,2025-08-08,C00905,P0032,1,21068.97,0,Wallet,Delivered,5,3,web
O003870,1,2025-07-05,C00550,P0068,1,9274.07,0,Debit Card,Delivered,6,3,APP
O005282,1,2026-06-25,C00990,P0043,1,16321.01,0.15,UPI,Delivered,6,3,APP
O005697,2,2025-12-08,C01485,P0079,1,7881.49,0,credit card,Cancelled,,,Web
O000003,1,2026-04-06,C00817,P0140,1,13740.23,0.5,upi,Delivered,1,5,web
O000869,1,2026-04-14,C01817,P0032,2,21316.24,0,upi,Delivered,9,1,web
O003858,1,2026-04-25,C00634,P0112,1,21509.88,0.05,UPI,Cancelled,,,App
O005022,1,2026-05-09,C00593,P0046,1,4154.62,0.15,Cash on Delivery,Delivered,3,4,APP
O001727,1,2025-08-08,C00905,P0119,2,20049.57,0.15,Wallet,Delivered,5,3,web
O002776,1,2025-08-03,C00463,P0001,1,9158.45,0,upi,Delivered,5,,web
O000082,1,2025-06-22,C00790,P0056,2,11141.66,0.15,upi,Delivered,4,4,App
O004601,1,2026-07-28,C00101,P0113,1,2997.42,0.1,COD,Delivered,4,3,APP
O002121,2,2025-12-11,C01341,P0044,1,13669.21,0,Credit Card,Delivered,4,4,App
O005706,3,2025-07-02,C01669,P0054,1,13109.51,0.05,Cash on Delivery,Delivered,3,5,Marketplace
O002920,1,2025-06-04,C01770,P0008,2,22641.86,0.2,Wallet,Delivered,7,2,Marketplace
O006370,2,2025-03-07,C00468,P0021,2,22614.01,0.05,upi,Delivered,2,4,web
O003338,2,2025-03-18,C00505,P0025,1,4091.32,0.15,UPI,Delivered,5,4,App
O001003,1,2026-02-22,C00157,P0134,2,18629.28,0,Wallet,Delivered,5,3,Marketplace
O003015,2,2025-03-07,C01760,P0105,1,25808.02,0.25,Credit Card,Delivered,5,3,App
O004171,1,2025-04-12,C01947,P0022,3,5169.31,0.15,credit card,Delivered,6,3,Marketplace
O004617,1,2025-05-28,C01591,P0036,2,17988.41,0.3,COD,Delivered,5,3,web
O005384,1,2025-02-27,C00062,P0138,3,1031.52,0,Wallet,Delivered,5,4,APP
O003096,1,2025-11-09,C00192,P0113,1,3114.41,0.25,Credit Card,Delivered,7,3,Marketplace
O003859,3,2025-09-10,C01067,P0136,1,13497.09,0.05,Wallet,Delivered,4,3,Web
O005344,1,2026-04-17,C01569,P0103,1,26432.55,0.1,credit card,Cancelled,,,Web
O000665,1,2026-03-31,C00768,P0010,2,24396.51,0.15,UPI,Returned,,,web
O001899,1,2026-04-12,C00176,P0045,4,27844.12,0.1,Debit Card,Delivered,1,4,Marketplace
O001570,2,2026-02-11,C00513,P0044,2,13050.36,0.3,Debit Card,Delivered,6,3,App
O000593,1,2025-10-02,C01938,P0103,2,28016.45,0.2,credit card,Delivered,6,3,Web
O002963,2,2026-03-18,C01869,P0059,1,17500.65,0.25,credit card,Delivered,4,4,App
O002135,1,2025-05-31,C01295,P0142,1,12027.86,0.05,upi,Delivered,4,4,App
O001880,1,2026-04-09,C01732,P0128,1,14765.74,0,Wallet,Returned,6,3,Marketplace
O004127,1,2025-08-21,C01267,P0118,1,2994.51,0,Cash on Delivery,Delivered,5,3,Marketplace
O002325,2,2026-06-02,C01471,P0112,1,22047.64,0.2,COD,Delivered,2,4,Marketplace
O003401,1,2026-08-27,C00724,P0142,1,11801.02,0,Credit Card,Delivered,6,2,APP
O003809,1,2025-11-24,C00468,P0009,4,14497.68,0,Credit Card,Delivered,2,4,App
O002910,1,2025-08-21,C01992,P0021,2,22426.79,0.1,Cash on Delivery,Delivered,5,3,APP
O004451,1,2025-01-19,C00760,P0102,1,16881.29,0.1,Cash on Delivery,Delivered,7,2,APP
O001200,1,2025-07-12,C00764,P0072,1,11890.86,0.2,UPI,Returned,7,2,APP
O004186,2,2026-01-24,C00566,P0053,1,7501.08,0.3,Credit Card,Delivered,6,3,App
O005881,1,2025-03-30,C00517,P0133,1,3918.06,0,Wallet,Delivered,5,3,Web
O005951,1,2026-08-24,C01605,P0087,1,6627.18,0.05,credit card,Delivered,8,2,Web
O000658,1,2025-10-17,C00028,P0034,4,8687.84,0.15,credit card,Delivered,3,3,web
O004911,1,2026-04-21,C01004,P0136,2,14094.78,0.25,Wallet,Delivered,4,3,Web
O004316,4,2026-01-09,C01417,P0055,2,9515.63,0,Wallet,Delivered,4,4,App
O002217,1,2026-05-18,C01386,P0006,1,19826.2,0,Debit Card,Delivered,3,4,APP
O003291,2,2026-02-17,C00717,P0085,1,10008.37,0,credit card,Cancelled,,,App
O001063,3,2026-08-16,C00365,P0047,2,29218.22,0.1,Credit Card,Delivered,6,2,Marketplace
O000524,1,2025-04-07,C01845,P0144,1,8614.5,0.5,COD,Delivered,2,5,web
O001575,1,2025-06-23,C00857,P0064,1,4811.92,0.05,COD,Delivered,6,3,Web
O002692,1,2026-06-01,C01534,P0031,1,22908.15,0.2,UPI,Delivered,7,3,web
O003226,1,2025-11-18,C00408,P0035,2,17286.57,0.65,upi,Delivered,4,3,Marketplace
O002403,2,2026-03-29,C00905,P0135,1,3441.98,0.15,upi,Delivered,7,2,web
O006071,1,2025-11-10,C01184,P0111,1,1936.72,0.25,credit card,Delivered,3,4,Marketplace
O002552,1,2025-05-18,C00620,P0017,2,3224.75,0.3,Debit Card,Delivered,1,5,App
O004448,2,2025-05-27,C00949,P0047,3,29503.1,0.15,Credit Card,Delivered,6,2,Web
O000215,2,2026-02-21,C01833,P0056,2,10428.49,0.15,Credit Card,Delivered,4,4,web
O003480,1,2026-05-27,C01598,P0003,1,18933.75,0.15,Wallet,Delivered,3,3,App
O004786,1,2025-11-10,C01506,P0078,1,26302.62,0.1,Cash on Delivery,Cancelled,,,APP
O000982,2,2026-06-29,C00549,P0118,2,3005.72,0.25,Wallet,Delivered,6,2,APP
O003439,3,2025-01-01,C00367,P0013,2,5738.67,0.05,Wallet,Delivered,6,2,web
O004987,1,2025-09-06,C01719,P0006,1,20556.02,0.1,credit card,Delivered,3,3,web
O003808,1,2026-03-02,C00795,P0117,1,3571.86,0.1,Debit Card,Delivered,2,4,Marketplace
O002194,1,2025-08-12,C00128,P0007,1,11460.31,0.2,Debit Card,Delivered,3,3,web
O002528,1,2025-06-30,C00764,P0127,3,14676.5,0.15,upi,Delivered,4,3,web
O004572,2,2026-08-28,C00693,P0064,4,4536.28,0.15,Credit Card,Cancelled,,,Marketplace
O005020,2,2026-02-20,C01413,P0102,1,16104.63,0,Credit Card,Delivered,6,3,Marketplace
O004795,3,2025-03-30,C00514,P0117,1,3469.09,0.05,credit card,Delivered,1,5,Web
O001551,2,2025-08-01,C00450,P0087,2,6873.93,0.1,UPI,Returned,3,4,App
O003616,1,2025-11-28,C01388,P0025,2,3958.7,0.3,Wallet,Cancelled,,,Marketplace
O002713,1,2026-07-12,C00840,P0037,1,17979.2,0.15,upi,Delivered,4,3,APP
O002519,1,2026-04-01,C00651,P0110,1,8350.46,0.15,COD,Delivered,4,4,Web
O003483,2,2025-09-15,C00802,P0110,4,8248.47,0.05,Debit Card,Delivered,7,2,Web
O005704,1,2026-01-09,C00857,P0114,1,1293.4,0.2,Wallet,Delivered,3,4,Web
O001785,2,2026-02-16,C00837,P0055,2,9084.56,0.15,Cash on Delivery,Returned,8,1,Marketplace
O004594,1,2025-07-31,C01746,P0109,2,14653.09,0.25,Wallet,Delivered,1,5,Web
O004767,1,2025-09-20,C01558,P0115,2,4641.18,0.15,credit card,Delivered,2,5,App
O000849,2,2026-07-29,C00894,P0112,1,21125.6,0.05,UPI,Delivered,2,4,App
O002058,1,2025-11-23,C01345,P0080,1,21740.76,0,upi,Delivered,5,4,web
O001890,2,2025-03-12,C01706,P0089,1,18202.96,0.5,UPI,Delivered,6,2,web
O000606,1,2026-05-04,C00988,P0143,1,3969.18,0.25,UPI,Delivered,7,2,APP
O004018,1,2025-10-30,C00663,P0030,1,14035.1,0.05,credit card,Returned,2,4,App
O001482,1,2025-07-10,C00335,P0113,1,3055.38,0.05,Credit Card,Returned,7,1,web
O004334,1,2026-07-02,C01092,P0095,1,15330.97,0.5,COD,Delivered,5,3,Web
O000900,2,2026-03-11,C01606,P0081,2,22068.74,0.2,credit card,Returned,3,3,Web
O005097,1,2025-11-01,C01025,P0007,1,11757.31,0,credit card,Returned,5,3,Marketplace
O003945,1,2025-02-18,C00971,P0058,1,12682.09,0.1,Cash on Delivery,Delivered,5,3,web
O000885,1,2026-02-26,C00740,P0017,4,3241.91,0.05,UPI,Delivered,6,2,App
O005354,3,2025-04-21,C00020,P0113,1,3163.37,0.1,UPI,Returned,2,4,Marketplace
O005870,3,2025-12-16,C01351,P0044,1,13798.77,0.2,Debit Card,Returned,6,3,APP
O006437,1,2026-08-08,C00640,P0011,1,16223.68,0,credit card,Cancelled,,,web
O002710,1,2025-08-12,C00232,P0044,1,13212.07,0.1,Wallet,Delivered,2,4,Web
O004176,1,2026-04-25,C01137,P0013,1,5749.2,0.1,Cash on Delivery,Returned,2,4,App
O004011,1,2025-09-22,C01317,P0115,2,4957.06,0.15,COD,Delivered,4,3,APP
O003911,1,2025-06-16,C00894,P0006,1,20004.23,0.1,Credit Card,Delivered,1,4,App
O000157,1,2025-08-11,C00863,P0047,3,29339.22,0.15,upi,Delivered,6,3,APP
O003869,1,2026-01-05,C01919,P0079,1,7487.2,0.1,upi,Delivered,5,2,App
O003740,2,2026-06-14,C00231,P0117,1,3470.36,0.15,Credit Card,Delivered,3,4,APP
O001174,2,2025-12-02,C00525,P0076,1,26667.29,0,Debit Card,Delivered,5,4,Marketplace
O002354,4,2025-03-28,C01229,P0129,1,15159.26,0.15,COD,Delivered,1,5,APP
O004560,2,2025-12-09,C00686,P0113,1,3194.92,0.5,COD,Delivered,5,3,Web
O006216,1,2026-01-05,C00076,P0121,2,22203.2,0.05,upi,Delivered,6,3,web
O000781,3,2025-08-23,C01784,P0116,1,11898.31,0.1,Debit Card,Delivered,4,4,Marketplace
O006148,1,2025-03-14,C00781,P0084,1,17161.09,0,Cash on Delivery,Delivered,6,3,Marketplace
O005096,4,2026-07-06,C00361,P0116,1,11757.75,0.05,UPI,Delivered,1,,App
O003016,1,2026-02-22,C00968,P0062,1,19303.48,0.15,Cash on Delivery,Delivered,5,2,Web
O002324,2,2025-03-06,C00386,P0006,1,20551.88,0.05,upi,Delivered,2,5,Marketplace
O002000,3,2025-05-12,C01863,P0044,4,13081.25,0.15,credit card,Delivered,2,4,App
O001948,1,2025-08-06,C01154,P0041,3,20225.66,0.1,upi,Delivered,6,3,Marketplace
O005493,1,2026-08-11,C01240,P0123,2,8963.52,0.2,Credit Card,Delivered,,,web
O005644,1,2025-09-30,C00249,P0098,1,12754.76,0,Wallet,Returned,1,4,APP
O002289,1,2025-01-21,C01237,P0013,2,5502.39,0.1,Cash on Delivery,Delivered,4,3,Web
O001002,1,2025-09-11,C00684,P0112,1,21079.02,0.2,Debit Card,Delivered,4,,web
O001904,2,2026-03-26,C01799,P0041,1,20261.61,0,Credit Card,Delivered,6,3,APP
O005726,1,2025-03-20,C01252,P0061,1,22431.29,0.1,UPI,Delivered,3,4,Marketplace
O001484,2,2025-01-21,C00053,P0113,1,3109.57,0,upi,Delivered,5,3,App
O001938,1,2026-01-25,C00706,P0034,1,8321.88,0.05,Credit Card,Returned,6,3,APP
O004393,3,2026-01-02,C00481,P0063,1,16775.8,0.2,Cash on Delivery,Delivered,6,3,Web
O001885,1,2025-01-16,C01773,P0097,3,3406.72,0.1,credit card,Delivered,6,3,APP
O003352,3,2025-04-10,C00056,P0080,3,22876.65,0.1,Credit Card,Delivered,3,4,Marketplace
O004979,3,2026-04-12,C01445,P0042,2,7019.39,0,Credit Card,Delivered,5,3,App
O002602,1,2026-06-14,C00225,P0122,1,1144.74,0.15,Credit Card,Returned,1,5,App
O001616,2,2025-01-25,C01342,P0088,1,26392.22,0.05,COD,Delivered,4,4,web
O000376,1,2025-10-18,C01797,P0014,1,5476.25,0.15,credit card,Delivered,8,2,App
O002349,2,2025-06-03,C00552,P0061,5,21627.23,0.2,UPI,Delivered,7,,APP
O001254,2,2025-02-09,C01623,P0062,1,18472.81,0.1,Cash on Delivery,Delivered,6,2,APP
O003300,2,2026-05-08,C00601,P0043,3,15793.23,0.2,credit card,Delivered,3,3,APP
O001887,3,2026-02-26,C01075,P0120,2,12388.35,0.2,credit card,Delivered,5,3,web
O004203,1,2025-05-06,C01290,P0004,1,18695.22,0.15,credit card,Delivered,3,4,web
O000153,1,2025-02-27,C00007,P0018,1,13824.61,0.2,Cash on Delivery,Delivered,6,3,APP
O002732,1,2026-04-14,C00052,P0022,2,5464.83,0.1,Credit Card,Delivered,4,3,web
O004952,2,2025-10-10,C00369,P0136,1,13882.46,0.1,Wallet,Delivered,1,4,web
O005428,1,2026-07-01,C00348,P0001,2,9212.52,0.15,Cash on Delivery,Cancelled,,,Marketplace
O001593,4,2025-10-29,C00462,P0051,1,4198.38,0,Wallet,Delivered,4,3,App
O003237,1,2025-12-24,C00845,P0002,1,10841.74,0.05,Debit Card,Delivered,4,3,Web
O003947,1,2025-05-24,C00754,P0116,1,11865.93,0.05,credit card,Delivered,4,3,Marketplace
O001559,3,2026-05-11,C01669,P0061,3,22929.1,0.1,UPI,Delivered,4,4,Web
O001446,2,2025-10-20,C01608,P0011,2,16708.99,0.1,UPI,Delivered,5,3,App
O004584,1,2025-06-22,C00073,P0128,1,14710.44,0.1,Debit Card,Delivered,6,3,App
O004030,2,2025-08-01,C01831,P0029,1,4778.0,0,Wallet,Delivered,7,3,Marketplace
O001654,1,2025-10-15,C00596,P0020,1,25606.82,0.15,COD,Delivered,2,4,APP
O003710,2,2026-01-19,C01270,P0119,2,20438.28,0.15,upi,Delivered,6,2,web
O003907,1,2026-06-27,C00606,P0134,1,18827.77,0.15,Cash on Delivery,Delivered,1,5,APP
O004283,2,2025-02-07,C00081,P0129,2,14648.3,0,COD,Returned,2,5,App
O001865,4,2025-02-24,C00315,P0016,1,20891.21,0.3,COD,Delivered,5,3,App
O004765,1,2025-09-21,C01741,P0136,1,14117.85,0.05,UPI,Delivered,5,2,Web
O000267,3,2025-02-01,C01051,P0041,1,20782.69,0.3,UPI,Delivered,2,4,Marketplace
O005230,2,2025-05-10,C01925,P0029,1,4735.69,0.3,Credit Card,Delivered,5,3,Marketplace
O004148,3,2026-08-24,C00256,P0114,2,1236.86,0.65,credit card,Delivered,,,Marketplace
O001808,4,2026-01-03,C00139,P0139,1,3496.29,0.15,upi,Delivered,5,3,APP
O004184,2,2025-11-03,C01308,P0043,1,16511.41,0,COD,Delivered,4,3,Marketplace
O002992,4,2026-01-22,C01870,P0127,1,14082.14,0.2,Wallet,Delivered,6,3,Web
O004095,1,2026-06-28,C00023,P0040,2,12693.47,0.1,COD,Returned,3,4,App
O005291,2,2025-02-15,C01696,P0050,2,17979.45,0.25,COD,Delivered,5,4,web
O000344,2,2026-07-30,C00417,P0138,1,1047.06,0.2,Wallet,Delivered,4,4,Web
O003928,2,2025-01-17,C01277,P0139,1,3550.04,0.05,Credit Card,Cancelled,,,App
O000705,1,2026-05-05,C01171,P0065,1,17268.5,0,UPI,Delivered,2,5,App
O000801,3,2026-02-09,C00957,P0010,2,22696.51,0,Cash on Delivery,Delivered,5,3,Web
O005773,1,2025-12-09,C00200,P0101,1,8277.33,0.25,COD,Returned,6,3,web
O001997,1,2025-08-10,C01794,P0137,2,4526.05,0.15,COD,Returned,6,2,App
O001337,3,2025-11-22,C01252,P0089,2,18375.18,0,UPI,Delivered,5,2,web
O004833,1,2026-01-17,C00286,P0074,1,11003.82,0.05,COD,Delivered,5,2,web
O000683,2,2025-10-31,C01120,P0017,1,3366.92,0.3,Wallet,Delivered,6,3,Marketplace
O002247,1,2025-06-27,C00548,P0056,5,10737.79,0.25,upi,Delivered,2,4,App
O004819,2,2025-09-05,C00141,P0119,5,20279.72,0.5,Wallet,Delivered,6,3,Web
O006151,1,2025-01-07,C00347,P0123,1,9130.74,0.05,upi,Returned,3,5,APP
O001029,1,2025-12-21,C00282,P0100,2,13862.54,0.2,Credit Card,Delivered,6,3,APP
O003726,2,2025-05-22,C00343,P0028,3,8791.67,0.15,COD,Delivered,4,4,Marketplace
O003582,1,2026-01-15,C01643,P0125,1,4385.93,0.05,Credit Card,Delivered,5,2,Marketplace
O001287,2,2025-12-31,C00125,P0021,1,22097.79,0.1,credit card,Delivered,6,2,Web
O004453,4,2025-02-04,C01624,P0105,2,24915.8,0.25,Credit Card,Returned,5,3,Web
O000702,1,2025-03-18,C00808,P0024,2,19998.4,0.2,upi,Delivered,5,3,App
O001979,1,2025-06-04,C00112,P0085,1,10341.07,0.1,UPI,Delivered,3,4,App
O002597,2,2025-05-11,C00487,P0103,1,26685.93,0.2,credit card,Delivered,2,4,Marketplace
O002549,1,2025-02-14,C01536,P0079,2,7681.63,0.1,Debit Card,Delivered,6,2,App
O003985,1,2025-08-14,C00540,P0068,1,9170.71,0.2,COD,Delivered,5,3,APP
O000757,1,2026-05-09,C00396,P0018,1,14682.23,0.15,UPI,Delivered,5,4,App
O000192,2,2025-04-05,C00788,P0137,1,4691.21,0.2,Credit Card,Delivered,5,3,APP
O001956,4,2025-01-01,C00316,P0119,1,19060.08,0.15,Debit Card,Delivered,7,3,Web
O005894,1,2025-09-10,C01597,P0108,1,21137.38,0.1,Cash on Delivery,Delivered,2,4,Marketplace
O005841,1,2026-07-27,C00122,P0007,4,11349.23,0.25,COD,Delivered,5,3,Web
O004130,1,2025-05-02,C00426,P0038,1,333.46,0.25,upi,Delivered,4,3,APP
O003898,1,2025-09-23,C00584,P0142,2,11945.93,0.05,upi,Delivered,3,3,web
O005016,1,2026-06-20,C00230,P0028,1,8314.17,0,Wallet,Delivered,2,4,web
O001501,2,2025-01-15,C00486,P0031,2,22070.1,0.25,upi,Delivered,4,3,web
O000513,1,2025-06-24,C01989,P0029,1,5043.54,0,Cash on Delivery,Returned,5,3,Web
O001731,2,2026-02-17,C01027,P0137,1,4676.98,0.05,credit card,Delivered,3,4,web
O002729,2,2025-09-19,C01381,P0131,1,18783.97,0.25,Debit Card,Delivered,6,2,web
O001511,1,2025-08-12,C01141,P0076,1,27632.19,0.2,Debit Card,Delivered,4,4,App
O004645,1,2026-04-28,C01511,P0017,2,3338.42,0,UPI,Delivered,4,4,web
O000171,1,2025-02-05,C01830,P0138,1,978.86,0.05,Wallet,Delivered,6,,Web
O000716,1,2025-08-22,C00217,P0010,1,24006.94,0.05,COD,Delivered,,,APP
O005447,1,2025-11-10,C00204,P0005,1,5111.92,0,upi,Delivered,4,3,web
O002954,1,2025-01-27,C00567,P0089,2,17585.04,0.05,Cash on Delivery,Delivered,2,5,web
O004293,2,2025-12-01,C00083,P0125,1,4416.69,0.2,Credit Card,Cancelled,,,App
O004633,1,2026-03-22,C00062,P0080,1,23126.92,0.25,COD,Delivered,4,3,web
O003168,1,2025-12-07,C00613,P0024,1,19980.06,0.2,Credit Card,Delivered,5,3,web
O003885,1,2025-06-19,C00635,P0085,3,10013.22,0.05,Credit Card,Delivered,4,3,Marketplace
O003366,2,2025-04-04,C00154,P0127,2,14703.56,0.15,Debit Card,Delivered,3,4,web
O001665,1,2026-08-02,C01581,P0042,1,7129.83,0.05,Wallet,Delivered,4,4,Web
O003169,2,2026-04-24,C00852,P0038,1,332.5,0.15,Debit Card,Returned,10,1,Marketplace
O004207,1,2025-04-09,C01413,P0077,4,10840.14,0.05,COD,Delivered,5,3,APP
O001228,2,2025-10-20,C00403,P0027,1,20420.58,0.15,UPI,Delivered,3,3,App
O000948,1,2025-06-11,C00968,P0115,1,4898.12,0.15,COD,Delivered,4,3,Marketplace
O005811,2,2026-05-10,C01227,P0083,1,5493.81,0.2,UPI,Returned,3,3,web
O005176,2,2025-09-06,C00376,P0140,1,12985.22,0,upi,Returned,6,,Web
O006080,3,2025-01-28,C01648,P0085,2,10296.2,0.05,,Delivered,3,4,Marketplace
O006063,1,2025-01-31,C01647,P0098,1,12815.75,0.1,COD,Delivered,9,1,Web
O002198,2,2026-05-14,C00886,P0001,1,9120.89,0.25,Cash on Delivery,Returned,6,3,Web
O005750,3,2026-01-22,C00660,P0027,1,19412.21,0.15,upi,Delivered,6,3,APP
O000600,2,2026-05-28,C01657,P0049,2,1478.32,0.25,Cash on Delivery,Delivered,4,3,Marketplace
O005907,1,2026-02-02,C01459,P0076,1,25836.61,0.1,Cash on Delivery,Delivered,3,4,web
O003395,1,2025-11-12,C00934,P0048,2,946.71,0.25,Credit Card,Delivered,4,3,Marketplace
O001608,1,2025-11-22,C00181,P0092,2,4113.13,0.15,credit card,Delivered,7,2,Marketplace
O004091,3,2025-08-07,C00978,P0063,1,16642.25,0.2,Debit Card,Delivered,3,5,App
O004639,2,2025-09-01,C01867,P0003,1,19309.77,0,COD,Delivered,4,4,APP
O001169,1,2026-05-22,C01131,P0027,1,18926.59,0.1,Credit Card,Delivered,7,1,APP
O001113,2,2025-06-07,C01660,P0006,1,20339.93,0,Credit Card,Cancelled,,,App
O002383,1,2026-08-08,C01565,P0016,1,19821.93,0.25,Wallet,Delivered,6,2,App
O002161,1,2025-08-21,C00035,P0035,3,17656.02,0.2,UPI,Delivered,4,4,APP
O001538,4,2026-02-02,C01051,P0070,1,4253.19,0.2,credit card,Delivered,6,3,App
O003607,1,2025-06-18,C00278,P0064,1,4691.43,0.15,Debit Card,Delivered,5,4,web
O001824,1,2025-02-22,C01653,P0117,1,3580.56,0.05,Wallet,Delivered,5,3,App
O004864,2,2025-02-09,C01772,P0126,1,1993.75,0.1,Debit Card,Delivered,7,3,Web
O004790,1,2026-03-29,C01532,P0017,2,3130.35,0,UPI,Delivered,4,3,web
O003421,2,2026-02-11,C00927,P0033,1,622.19,0.1,upi,Delivered,5,4,web
O005120,2,2026-02-15,C00845,P0098,3,12191.82,0.2,Debit Card,Returned,4,3,Marketplace
O001190,1,2025-04-17,C01908,P0027,1,20172.06,0.2,Debit Card,Delivered,6,2,web
O005530,1,2025-10-07,C01360,P0044,1,12977.87,0.1,Credit Card,Delivered,2,5,APP
O002951,2,2026-07-16,C01483,P0101,1,8341.94,0.2,COD,Delivered,6,3,APP
O005286,1,2026-05-25,C00672,P0065,1,18044.12,0.15,COD,Delivered,5,3,Marketplace
O001751,3,2025-12-11,C00818,P0101,1,8205.96,0.1,credit card,Delivered,6,2,App
O000045,1,2026-07-07,C00888,P0125,1,4532.5,0,upi,Delivered,1,5,web
O003966,2,2026-04-21,C01707,P0056,1,10820.8,0,Debit Card,Delivered,5,3,Marketplace
O001534,2,2026-01-14,C01131,P0085,1,10028.69,0.05,UPI,Delivered,4,3,App
O001626,1,2025-06-28,C00226,P0073,1,8973.77,0.2,credit card,Delivered,4,4,Marketplace
O003678,1,2026-01-20,C00731,P0093,2,23018.75,0.05,COD,Delivered,6,3,Marketplace
O004575,2,2026-01-24,C01922,P0035,4,17961.6,0.2,Debit Card,Cancelled,,,Marketplace
O002169,1,2026-03-18,C01311,P0052,1,19541.5,0.15,Cash on Delivery,Delivered,6,3,Web
O003048,1,2025-12-13,C00156,P0106,2,2609.33,0,credit card,Delivered,4,4,App
O002677,1,2025-05-26,C01785,P0126,1,2091.46,0.05,Credit Card,Delivered,3,4,App
O001299,1,2026-06-04,C01873,P0005,1,5318.49,0,Credit Card,Delivered,6,3,Marketplace
O002262,2,2025-02-20,C01020,P0070,2,4268.63,0.15,COD,Delivered,7,1,App
O004109,2,2025-03-18,C00654,P0135,2,3419.61,0.05,UPI,Delivered,4,3,Web
O000908,1,2025-11-10,C01239,P0130,2,17557.56,0.25,COD,Delivered,7,2,Marketplace
O003927,3,2025-03-23,C01345,P0144,1,8428.84,0.25,Cash on Delivery,Delivered,5,3,App
O002307,1,2026-02-17,C01037,P0062,1,18234.9,0,COD,Delivered,5,3,Marketplace
O002481,1,2025-01-04,C00578,P0004,1,18717.26,0.05,credit card,Delivered,5,3,APP
O003778,2,2026-05-15,C01363,P0006,1,20097.8,0,Cash on Delivery,Cancelled,,,Marketplace
O005654,1,2025-05-01,C00535,P0126,1,2039.97,0.25,upi,Cancelled,,,web
O000320,3,2025-05-28,C01642,P0132,1,19539.49,0.1,credit card,Delivered,5,4,APP
O002748,2,2026-04-07,C01281,P0063,1,17742.82,0.1,Cash on Delivery,Returned,4,4,APP
O004849,2,2025-06-29,C00414,P0061,1,22925.81,0.1,COD,Delivered,5,3,web
O000364,1,2026-05-02,C00168,P0141,1,12622.94,0.2,Wallet,Delivered,1,4,web
O003971,1,2025-03-20,C00461,P0129,1,14851.39,0.3,Credit Card,Delivered,6,2,web
O005244,2,2026-05-25,C00811,P0064,2,4733.07,0.2,upi,Delivered,4,4,APP
O004390,1,2025-01-29,C01336,P0100,2,13587.23,0.25,Cash on Delivery,Delivered,2,4,Web
O003043,2,2025-04-19,C01471,P0141,1,12553.17,0.15,COD,Delivered,3,3,web
O003503,1,2026-05-25,C01790,P0106,1,2566.5,0.25,upi,Delivered,1,4,Web
O000088,2,2026-04-10,C01782,P0069,1,11894.02,0,Credit Card,Returned,3,3,APP
O001424,1,2025-03-20,C00720,P0057,2,4630.94,0.15,upi,Delivered,5,4,Marketplace
O001269,2,2026-06-27,C00119,P0008,1,22049.54,0.15,Credit Card,Delivered,1,4,APP
O002477,1,2025-06-23,C01280,P0005,1,5080.39,0.15,COD,Delivered,7,2,Marketplace
O002560,1,2025-12-18,C01547,P0106,3,2467.94,0.2,Wallet,Returned,5,3,Web
O005424,1,2026-03-11,C01125,P0041,1,20779.62,0,credit card,Delivered,4,4,App
O005641,2,2026-03-04,C01582,P0138,1,991.59,0.05,COD,Delivered,4,3,App
O002180,1,2026-05-10,C00350,P0045,1,0,0.3,Cash on Delivery,Delivered,7,2,App
O006400,2,2025-09-18,C01071,P0119,1,20220.72,0.15,upi,Delivered,4,3,web
O005112,2,2026-05-26,C00720,P0073,1,9433.27,0.05,credit card,Returned,5,4,App
O003946,1,2026-08-30,C00767,P0042,1,6734.14,0.5,Cash on Delivery,Delivered,7,2,App
O000158,1,2026-07-23,C00891,P0079,2,7773.54,0,upi,Delivered,2,4,Web
O002688,2,2026-01-05,C01175,P0061,2,22623.33,0.15,COD,Delivered,7,2,Web
O002663,3,2025-09-28,C01872,P0081,1,21933.24,0.3,COD,Delivered,8,2,App
O001224,1,2026-04-25,C01935,P0022,1,5381.38,0.15,Credit Card,Returned,3,3,Web
O001886,3,2025-01-28,C01383,P0109,1,15259.21,0.05,Cash on Delivery,Delivered,6,3,web
O000429,1,2026-06-18,C00234,P0060,1,17495.68,0.2,Debit Card,Delivered,7,3,Marketplace
O001623,2,2026-04-08,C01559,P0091,1,242.98,0,Credit Card,Delivered,4,3,Web
O006005,1,2025-05-07,C00164,P0113,1,3002.47,0.15,credit card,Delivered,3,3,App
O005519,1,2025-03-23,C00849,P0107,1,22748.33,0.15,UPI,Returned,7,3,Marketplace
O003478,2,2025-06-26,C00312,P0031,5,22826.39,0.1,Debit Card,Delivered,2,4,web
O004947,1,2025-09-20,C00881,P0139,2,3651.29,0.15,Cash on Delivery,Delivered,4,3,Web
O001263,1,2025-08-10,C01643,P0098,1,12693.68,0.2,Wallet,Delivered,4,4,web
O005386,2,2025-05-08,C00840,P0077,3,11185.0,0.05,upi,Delivered,4,3,App
O001197,1,2025-07-04,C01860,P0009,1,14558.0,0.1,,Delivered,5,3,APP
O002735,1,2025-06-10,C01001,P0119,1,19986.57,0.1,Debit Card,Delivered,5,3,web
O003240,3,2026-05-09,C00146,P0011,1,16211.39,0,upi,Delivered,5,3,APP
O004767,1,2025-09-20,C01558,P0115,2,4641.18,0.15,credit card,Delivered,2,5,App
O000498,1,2025-04-18,C01101,P0108,2,22394.62,0.05,Credit Card,Delivered,6,2,APP
O002694,2,2025-11-21,C00619,P0113,1,3207.53,0.05,COD,Delivered,3,4,web
O002586,1,2026-07-31,C01854,P0093,1,23114.61,0.15,UPI,Delivered,7,2,Web
O003140,4,2025-06-16,C01692,P0010,1,24199.42,0.1,upi,Delivered,4,3,Marketplace
O005595,1,2025-11-06,C01474,P0067,1,11345.86,0.2,COD,Delivered,4,3,APP
O000725,3,2025-02-17,C00109,P0087,2,6444.73,0.15,UPI,Delivered,4,4,web
O001246,3,2026-05-28,C00850,P0128,2,14051.24,0.25,Wallet,Delivered,6,2,Web
O003674,1,2025-04-06,C00467,P0130,3,18247.96,0.2,COD,Delivered,4,3,Marketplace
O004874,1,2026-02-22,C00456,P0120,2,13048.19,0.15,Debit Card,Delivered,5,4,App
O000045,2,2026-07-07,C00888,P0019,1,25388.12,0.05,upi,Delivered,1,5,web
O002054,1,2025-08-12,C00472,P0099,1,19817.38,0,Debit Card,Delivered,1,5,Web
O000331,4,2026-03-07,C01017,P0116,1,11937.26,0.05,credit card,Delivered,1,5,Marketplace
O005033,1,2025-02-05,C01627,P0086,1,3684.95,0.05,credit card,Delivered,3,5,Web
O002511,1,2025-05-21,C01251,P0047,1,29149.72,0.05,upi,Delivered,6,3,Web
O004929,1,2026-01-09,C01210,P0061,1,21679.86,0.15,credit card,Returned,3,5,web
O001156,1,2025-08-24,C01758,P0141,1,12705.19,0.65,Debit Card,Delivered,3,3,web
O000276,2,2025-01-05,C01837,P0103,2,27360.73,0.05,Debit Card,Delivered,6,2,App
O001900,2,2026-07-29,C00201,P0099,1,19574.54,0.25,Credit Card,Delivered,6,3,App
O005105,3,2025-04-09,C00398,P0065,1,16993.48,0.05,Credit Card,Delivered,6,2,Marketplace
O005379,3,2025-03-24,C00423,P0023,1,27079.08,0.1,Debit Card,Delivered,4,4,Marketplace
O000340,3,2025-11-23,C00983,P0094,1,6420.86,0.05,Wallet,Delivered,9,2,Marketplace
O003622,1,2025-03-21,C00287,P0014,1,5655.66,0,Debit Card,Returned,3,5,Marketplace
O001418,3,2025-09-28,C01254,P0040,1,13007.56,0.2,Credit Card,Delivered,2,4,App
O003918,4,2025-02-03,C00428,P0131,1,18723.89,0.05,Debit Card,Delivered,5,2,APP
O002943,1,2026-07-14,C01765,P0025,2,3909.97,0.3,Credit Card,Returned,3,4,Marketplace
O001522,1,2025-09-22,C00029,P0064,1,4736.47,0.25,Debit Card,Delivered,3,4,Marketplace
O001097,1,2026-08-29,C01209,P0025,1,4098.01,0.25,Credit Card,Delivered,1,5,App
O001473,1,2025-07-10,C00329,P0051,1,4022.98,0.15,credit card,Returned,6,2,APP
O002071,1,2026-04-29,C01446,P0138,1,980.74,0.1,upi,Delivered,6,3,App
O004385,1,2026-08-28,C01144,P0047,1,27686.54,0.15,Wallet,Delivered,3,4,APP
O005651,3,2026-04-12,C01379,P0042,2,7157.71,0.15,Cash on Delivery,Delivered,2,,Web
O001385,3,2025-02-11,C00974,P0034,2,8254.52,0.05,Cash on Delivery,Delivered,1,4,web
O004624,1,2025-10-22,C01834,P0023,1,26825.3,0.05,Wallet,Cancelled,,,Marketplace
O000143,1,2025-06-24,C01253,P0130,1,18117.04,0,upi,Cancelled,,,APP
O001231,1,2025-04-20,C01111,P0092,2,4151.83,0.25,Wallet,Delivered,4,3,Marketplace
O005472,2,2026-07-29,C00360,P0049,1,1403.73,0.1,credit card,Delivered,5,3,web
O000408,2,2025-04-26,C00138,P0075,1,10955.45,0.15,Credit Card,Returned,6,2,App
O002232,4,2026-07-29,C01079,P0096,1,2857.51,0.1,UPI,Delivered,5,3,Marketplace
O000366,2,2025-01-05,C01932,P0143,1,4016.26,0.2,Cash on Delivery,Delivered,6,2,web
O001480,1,2026-02-22,C00913,P0081,1,23019.32,0.2,UPI,Delivered,4,3,Marketplace
O002960,1,2026-03-03,C00177,P0002,2,10556.18,0.1,Credit Card,Returned,3,4,web
O000456,2,2025-03-19,C01612,P0092,1,4030.75,0.05,credit card,Delivered,6,2,web
O001149,1,2025-01-04,C00653,P0004,1,18626.36,0,Wallet,Returned,4,4,web
O001194,3,2025-06-26,C00590,P0046,2,4121.61,0.15,upi,Delivered,4,4,App
O000473,1,2026-04-18,C01957,P0107,1,23788.75,0.25,COD,Delivered,3,4,web
O004245,2,2026-07-04,C00954,P0141,1,12916.05,0.25,upi,Delivered,3,4,web
O002970,3,2026-06-26,C01340,P0099,1,19716.55,0,UPI,Delivered,5,3,web
O002386,2,2026-04-27,C00816,P0011,2,16735.47,0,UPI,Delivered,2,4,web
O003778,1,2026-05-15,C01363,P0102,1,17201.67,0.15,Cash on Delivery,Cancelled,,,Marketplace
O005588,4,2025-02-10,C01518,P0019,4,24132.74,0.05,UPI,Delivered,5,3,web
O003370,1,2025-09-24,C00809,P0122,1,1166.13,0.2,Wallet,Delivered,5,3,Web
O003030,1,2025-11-07,C01521,P0132,1,19115.64,0.3,UPI,Delivered,6,2,App
O000231,1,2026-07-18,C00666,P0041,1,20335.91,0.1,credit card,Delivered,6,2,Marketplace
O003127,1,2026-07-12,C00290,P0020,2,26240.14,0.1,Credit Card,Cancelled,,,web
O001946,1,2025-02-26,C00983,P0137,1,4762.29,0.1,credit card,Delivered,5,3,Marketplace
O005867,3,2025-05-23,C00735,P0118,2,2993.0,0,Debit Card,Delivered,6,3,web
O006264,4,2025-05-19,C01710,P0079,2,7653.09,0.05,UPI,Delivered,5,3,web
O006472,1,2026-07-01,C01734,P0096,1,3013.43,0.1,UPI,Delivered,4,3,App
O005499,1,2025-08-30,C01330,P0060,1,17117.03,0,COD,Delivered,6,2,APP
O006074,1,2025-01-04,C00910,P0119,1,19502.56,0,Debit Card,Delivered,6,3,APP
O002808,2,2026-08-07,C01892,P0030,3,14608.48,0.2,COD,Delivered,3,4,web
O001971,1,2025-01-05,C01249,P0027,2,20281.29,0.15,Credit Card,Delivered,3,4,APP
O001811,1,2025-12-12,C00003,P0073,1,9349.72,0,Debit Card,Returned,7,3,Marketplace
O006240,1,2025-11-15,C01629,P0093,1,22649.77,0.1,credit card,Delivered,6,3,APP
O001884,1,2025-10-23,C00661,P0096,2,2893.05,0.25,Debit Card,Delivered,2,4,web
O004303,2,2025-01-07,C00707,P0084,4,17108.66,0,credit card,Delivered,4,3,APP
O005382,3,2026-07-06,C00159,P0071,1,11402.49,0.05,COD,Delivered,5,2,App
O003458,2,2025-12-08,C00944,P0017,2,3324.07,0.1,UPI,Delivered,5,4,Web
O001850,2,2025-03-26,C01530,P0114,5,1268.49,0,UPI,Delivered,3,4,App
O006360,1,2025-12-13,C00774,P0133,1,3721.86,0.25,Credit Card,Delivered,5,4,App
O001221,1,2025-05-06,C00868,P0111,1,1928.53,0,Wallet,Delivered,4,4,Web
O004604,2,2025-10-14,C01508,P0113,1,3047.5,0,COD,Returned,4,3,APP
O000850,2,2026-02-20,C01366,P0119,4,19177.38,0.1,UPI,Delivered,2,4,Web
O001572,1,2025-02-17,C01848,P0043,3,16171.14,0.2,upi,Delivered,5,4,App
O001395,1,2025-02-02,C01737,P0130,1,17812.07,0,Credit Card,Delivered,,,Marketplace
O002023,1,2026-08-11,C01711,P0127,2,14750.48,0.15,UPI,Delivered,4,4,web
O001714,3,2026-01-13,C01591,P0098,1,13034.55,0,Credit Card,Delivered,3,3,Marketplace
O002415,1,2026-01-09,C01209,P0128,1,13836.07,0.05,COD,Delivered,7,3,Marketplace
O005246,2,2026-04-24,C00206,P0009,1,14876.68,0.1,Credit Card,Delivered,4,3,APP
O001751,2,2025-12-11,C00818,P0096,3,2978.42,0.2,credit card,Delivered,6,2,App
O000523,1,2026-02-13,C01419,P0022,1,5282.97,0.15,COD,Returned,5,4,App
O005189,1,2025-03-14,C00517,P0097,1,3565.88,0,Cash on Delivery,Delivered,3,4,Web
O002563,1,2026-03-03,C00633,P0096,1,2984.63,0.65,upi,Cancelled,,,Web
O001184,3,2025-12-27,C00975,P0104,2,4977.02,0,UPI,Delivered,5,2,APP
O002945,3,2026-07-08,C01409,P0063,1,16547.98,0.05,Cash on Delivery,Delivered,5,,web
O003564,1,2025-04-17,C00319,P0011,1,17110.64,0.1,upi,Delivered,5,3,Web
O005455,1,2026-03-10,C01457,P0056,1,10514.3,0.1,Cash on Delivery,Delivered,1,5,Web
O003771,2,2025-06-14,C01366,P0087,2,6444.43,0.1,UPI,Delivered,2,5,App
O002192,1,2025-12-20,C01389,P0005,1,5366.58,0.05,Cash on Delivery,Delivered,3,4,Web
O001782,3,2026-02-01,C01685,P0022,1,5193.45,0.05,credit card,Delivered,3,4,App
O002291,2,2026-05-07,C01608,P0120,1,12751.42,0,credit card,Delivered,8,,web
O006466,2,2025-03-26,C00191,P0044,1,13908.68,0.15,Credit Card,Delivered,1,5,Marketplace
O005929,1,2026-08-20,C01455,P0078,2,25565.86,0.05,upi,Delivered,6,3,Web
O001072,2,2026-02-11,C00086,P0061,1,21948.78,0.2,COD,Delivered,6,3,APP
O003284,1,2025-01-04,C01038,P0077,5,11053.5,0.1,Debit Card,Delivered,5,3,Web
O000827,1,2025-11-10,C01910,P0086,1,3715.93,0.05,Cash on Delivery,Returned,6,2,Marketplace
O006355,1,2025-08-05,C01103,P0061,1,22261.65,0.25,Credit Card,Delivered,2,4,Web
O002024,1,2025-05-23,C00112,P0002,1,10448.03,0.15,Wallet,Delivered,3,4,App
O002624,2,2026-07-12,C00481,P0059,3,17627.75,0.1,credit card,Delivered,1,5,APP
O000550,2,2026-02-19,C01743,P0114,2,1289.26,0.15,credit card,Delivered,5,3,Web
O003225,2,2025-09-19,C01439,P0109,1,14334.87,0.15,Debit Card,Delivered,5,3,Web
O003323,2,2025-10-09,C01239,P0037,3,18645.24,0.05,COD,Delivered,3,4,App
O003566,3,2025-07-30,C01995,P0046,2,4186.43,0.05,Credit Card,Delivered,1,5,web
O004874,2,2026-02-22,C00456,P0045,2,27467.26,0.2,Debit Card,Delivered,5,4,App
O001784,4,2026-06-22,C01948,P0031,3,21771.92,0.1,upi,Delivered,6,,Marketplace
O004013,1,2026-05-08,C01718,P0056,2,10955.62,0.25,upi,Delivered,5,4,web
O004169,1,2026-08-27,C00724,P0058,5,12693.24,0.25,Debit Card,Delivered,4,3,Web
O003206,1,2026-05-20,C00700,P0121,3,21154.13,0.05,COD,Cancelled,,,web
O000337,4,2025-10-08,C01456,P0020,1,26511.53,0.1,Debit Card,Delivered,6,2,App
O004205,2,2026-03-10,C01839,P0099,2,20499.35,0.1,Wallet,Delivered,2,5,App
O004875,1,2026-06-09,C01599,P0111,2,1815.72,0.15,Wallet,Delivered,4,4,Web
O005795,2,2025-08-12,C00998,P0046,2,4151.13,0.2,COD,Delivered,6,3,web
O000900,1,2026-03-11,C01606,P0035,1,18202.2,0.15,credit card,Returned,3,3,Web
O002650,1,2025-06-13,C01150,P0126,1,2101.51,0.15,upi,Delivered,3,4,App
O003302,1,2025-02-08,C01961,P0085,1,9760.42,0.25,Credit Card,Delivered,4,4,APP
O005492,1,2025-02-01,C00396,P0126,1,2075.53,0,Credit Card,Delivered,5,3,App
O001828,3,2025-02-18,C00507,P0078,1,25163.35,0.25,Cash on Delivery,Delivered,5,3,Web
O002821,1,2026-01-16,C00294,P0072,1,12271.61,0,UPI,Delivered,4,3,Web
O003345,1,2026-05-26,C01254,P0046,1,4198.29,0.05,Wallet,Delivered,4,3,Marketplace
O005146,2,2026-03-26,C01423,P0103,2,27435.12,0.05,credit card,Delivered,6,2,web
O005304,2,2025-09-19,C00459,P0138,1,1015.05,0,Credit Card,Delivered,5,3,App
O000461,1,2025-05-05,C01483,P0138,3,1007.48,0.05,Cash on Delivery,Delivered,7,2,APP
O000250,1,2025-05-13,C00801,P0119,2,20077.4,0.05,COD,Delivered,5,3,App
O004902,2,2025-10-04,C01001,P0067,1,10885.25,0.15,Debit Card,Delivered,5,2,APP
O004467,1,2025-03-26,C01009,P0025,2,3920.88,0.15,Credit Card,Returned,6,3,web
O005637,1,2025-08-19,C00846,P0032,2,21142.14,0.2,UPI,Delivered,3,4,App
O001039,1,2025-07-05,C00643,P0143,1,4197.43,0,UPI,Delivered,5,3,APP
O006355,2,2025-08-05,C01103,P0080,3,22901.77,0.3,Credit Card,Delivered,2,4,Web
O004430,2,2025-04-11,C01681,P0128,1,14700.75,0.2,Credit Card,Returned,5,3,Web
O003601,1,2025-11-20,C00186,P0064,1,4574.24,0.05,credit card,Delivered,5,3,Marketplace
O005273,1,2025-07-09,C01758,P0040,1,13160.18,0.1,UPI,Returned,4,4,Web
O006161,1,2025-07-03,C01408,P0127,1,13725.92,0,Wallet,Delivered,3,4,Web
O005471,1,2025-09-20,C01415,P0052,1,19699.83,0.2,Debit Card,Delivered,4,,APP
O004695,3,2025-02-08,C01758,P0116,2,12324.86,0.25,Cash on Delivery,Delivered,3,4,Marketplace
O000515,1,2025-09-05,C01563,P0121,1,21537.48,0.05,upi,Delivered,5,3,APP
O003540,1,2026-04-09,C01735,P0060,1,16748.92,0.2,COD,Delivered,3,3,web
O000734,1,2026-03-22,C01008,P0105,2,25242.98,0.1,Wallet,Delivered,1,5,web
O000088,1,2026-04-10,C01782,P0031,1,22917.91,0.05,Credit Card,Returned,3,3,APP
O002578,2,2025-07-10,C00454,P0009,1,14021.48,0.25,Credit Card,Delivered,4,3,Web
O000649,2,2025-10-30,C01354,P0114,1,1228.49,0.05,Credit Card,Delivered,3,4,App
O004069,3,2026-05-31,C01916,P0109,2,14751.46,0.15,credit card,Delivered,5,4,APP
O001538,3,2026-02-02,C01051,P0084,2,16204.91,0.25,credit card,Delivered,6,3,App
O006438,3,2026-08-05,C00587,P0043,3,15765.78,0.15,credit card,Delivered,5,3,APP
O001161,1,2026-03-17,C01475,P0093,1,23792.63,0.25,upi,Delivered,5,4,APP
O004993,1,2026-04-22,C01346,P0110,1,8804.09,0.25,Wallet,Returned,4,3,App
O003710,1,2026-01-19,C01270,P0144,1,7974.79,0.2,upi,Delivered,6,2,web
O002644,1,2025-04-13,C00751,P0125,1,4646.42,0.1,credit card,Delivered,6,2,Web
O004245,1,2026-07-04,C00954,P0125,4,4378.76,0,upi,Delivered,3,4,web
O001358,1,2025-11-10,C00714,P0030,1,14894.89,0.25,Debit Card,Returned,4,3,App
O002067,3,2026-02-11,C00229,P0137,2,4746.17,0,Wallet,Delivered,,,Web
O001951,4,2025-04-02,C00257,P0144,2,8574.82,0.25,Credit Card,Delivered,3,3,App
O000531,1,2026-01-31,C01401,P0031,1,22315.37,0.05,Credit Card,Cancelled,,,web
O004863,1,2026-05-28,C01559,P0039,3,12173.88,0.2,Debit Card,Delivered,2,4,App
O001214,1,2026-07-19,C01190,P0109,2,14904.4,0.2,Debit Card,Delivered,6,3,web
O005013,2,2026-05-07,C00298,P0123,3,9193.47,0.05,Wallet,Delivered,5,3,web
O003849,1,2025-03-23,C00886,P0140,1,13734.11,0.2,Cash on Delivery,Delivered,4,4,Marketplace
O005224,1,2026-08-10,C00944,P0074,2,10509.09,0.15,Wallet,Delivered,1,5,Marketplace
O000947,2,2025-07-04,C01862,P0033,2,610.55,0.05,Cash on Delivery,Delivered,3,4,App
O004035,1,2025-09-12,C01003,P0103,5,27012.28,0,UPI,Delivered,5,3,Web
O006007,1,2025-04-03,C00331,P0116,1,11635.97,0,Credit Card,Cancelled,,,web
O000249,1,2025-09-09,C00760,P0024,4,21478.98,0,Credit Card,Delivered,6,,APP
O004447,3,2026-01-08,C01157,P0003,1,18814.42,0.1,credit card,Delivered,2,5,Web
O001442,1,2026-04-21,C01221,P0139,4,3544.2,0,upi,Delivered,4,3,Web
O003690,1,2025-05-09,C00643,P0024,1,20115.08,0,credit card,Cancelled,,,App
O004210,1,2025-02-02,C01768,P0070,1,4308.34,0.25,Wallet,Returned,4,4,App
O002103,1,2025-07-13,C01268,P0027,1,19357.19,0.1,Cash on Delivery,Delivered,4,4,Web
O001416,1,2025-04-08,C00935,P0110,1,8658.19,0.1,COD,Delivered,3,,web
O001347,1,2026-07-24,C00996,P0059,1,16984.82,0.3,UPI,Delivered,2,5,APP
O002887,2,2025-08-21,C01869,P0056,1,11151.1,0.1,Wallet,Delivered,4,4,APP
O003475,1,2025-07-09,C00665,P0019,4,24914.08,0.05,COD,Returned,3,3,Marketplace
O003935,1,2026-06-16,C00863,P0111,1,1912.39,0,,Returned,7,2,App
O001843,1,2025-05-11,C01736,P0134,1,17967.26,0.65,COD,Delivered,1,4,App
O000810,2,2025-06-12,C00424,P0098,4,12205.07,0.15,UPI,Delivered,4,4,APP
O004632,3,2025-01-16,C00365,P0075,1,10266.52,0.5,UPI,Delivered,6,3,Marketplace
O004999,2,2025-10-12,C00791,P0083,1,5577.99,0.15,Debit Card,Cancelled,,,APP
O005101,1,2025-04-09,C01189,P0064,1,4561.64,0,upi,Delivered,4,4,Web
O000401,2,2025-08-02,C00260,P0106,1,2507.41,0.1,Debit Card,Returned,4,4,App
O005122,4,2026-06-14,C00727,P0038,1,324.99,0.25,Debit Card,Delivered,5,,Web
O001906,2,2026-08-16,C00506,P0072,1,12227.21,0.25,Debit Card,Delivered,4,3,Web
O001525,2,2025-09-23,C01680,P0143,3,4193.55,0.3,UPI,Cancelled,,,Web
O004937,1,2026-04-11,C00307,P0088,1,25167.75,0.1,credit card,Delivered,3,,APP
O006126,2,2026-06-25,C00313,P0063,1,17394.66,0.05,upi,Delivered,3,4,App
O006159,1,2025-11-16,C01299,P0061,1,22214.99,0.2,Credit Card,Delivered,4,4,web
O003276,1,2025-10-28,C01627,P0002,3,10495.34,0.1,COD,Cancelled,,,Web
O005882,1,2026-04-20,C00247,P0097,3,3448.02,0.2,credit card,Delivered,4,3,App
O001314,2,2025-03-29,C01631,P0098,1,12440.83,0.2,upi,Delivered,5,,Web
O005658,1,2026-06-28,C01491,P0073,1,9413.45,0.1,UPI,Delivered,2,4,App
O000585,2,2026-08-12,C01951,P0119,1,19743.36,0.1,Wallet,Returned,2,5,web
O006008,2,2026-07-26,C01052,P0051,4,4227.32,0.15,Wallet,Delivered,4,3,APP
O005308,1,2025-03-27,C01763,P0101,1,8460.37,0.15,UPI,Delivered,5,2,Web
O005490,1,2025-11-13,C01818,P0124,5,13449.51,0.15,upi,Delivered,3,5,App
O000297,1,2025-10-17,C01561,P0095,2,15554.9,0.05,Cash on Delivery,Delivered,4,,APP
O006169,4,2025-05-06,C01656,P0080,1,22915.76,0.1,upi,Delivered,4,3,Web
O001251,1,2026-01-12,C00743,P0124,1,14166.23,0.05,upi,Delivered,3,4,Marketplace
O001374,1,2026-08-06,C01761,P0106,2,2565.62,0.1,Cash on Delivery,Delivered,3,4,Web
O002407,3,2026-05-03,C01369,P0021,5,22327.25,0.2,Debit Card,Delivered,4,3,Web
O003029,1,2025-06-02,C01157,P0053,1,7217.65,0.05,credit card,Delivered,5,,App
O003902,2,2025-01-03,C01983,P0081,1,22635.73,0,Wallet,Delivered,7,2,web
O003267,1,2026-07-22,C00659,P0140,2,13425.32,0.1,upi,Delivered,3,,web
O001907,1,2025-05-20,C01469,P0110,1,8178.59,0.05,upi,Delivered,3,3,Web
O004915,1,2025-03-08,C01474,P0069,1,11926.9,0.05,credit card,Delivered,4,3,APP
O002056,1,2026-06-23,C01878,P0025,1,3853.8,0.2,Credit Card,Delivered,4,3,App
O000071,1,2026-04-01,C00235,P0002,2,10672.47,0.15,COD,Delivered,6,3,APP
O001227,1,2026-07-23,C01191,P0105,1,26091.32,0.05,Credit Card,Returned,7,3,web
O003742,1,2025-02-27,C01066,P0130,2,17366.97,0.1,Credit Card,Delivered,1,5,Web
O002262,1,2025-02-20,C01020,P0083,1,5453.77,0.3,COD,Delivered,7,1,App
O002466,1,2025-09-16,C00458,P0065,1,17714.1,0.25,Cash on Delivery,Delivered,4,3,APP
O003217,1,2025-10-02,C01113,P0004,1,18322.24,0.05,upi,Delivered,6,2,Marketplace
O004599,2,2025-06-22,C00624,P0044,1,13645.9,0,Credit Card,Delivered,4,3,APP
O005900,3,2025-01-13,C00640,P0112,2,21674.64,0.1,COD,Delivered,4,3,App
O000679,1,2026-06-18,C00611,P0009,1,13862.46,0.1,Cash on Delivery,Delivered,3,4,Marketplace
O005036,1,2025-11-22,C00777,P0123,3,9136.29,0.15,Debit Card,Delivered,3,4,App
O004258,1,2025-04-17,C01101,P0041,1,20121.36,0,credit card,Delivered,3,4,Marketplace
O005402,1,2025-03-10,C00323,P0100,1,13944.73,0.2,UPI,Delivered,5,3,App
O001719,2,2026-08-09,C01076,P0016,1,20292.2,0.2,UPI,Delivered,5,4,App
O001100,1,2026-07-20,C01879,P0056,1,10800.07,0,Debit Card,Delivered,3,5,App
O005527,1,2026-08-27,C01364,P0083,4,5327.07,0.1,UPI,Returned,5,3,Marketplace
O006354,1,2026-05-11,C01005,P0128,1,14771.4,0.1,credit card,Delivered,3,4,APP
O002732,2,2026-04-14,C00052,P0077,1,10911.99,0.05,Credit Card,Delivered,4,3,web
O005490,2,2025-11-13,C01818,P0130,1,17649.66,0.2,upi,Delivered,3,5,App
O001127,2,2026-07-24,C01005,P0141,1,13030.11,0.05,,Delivered,5,3,APP
O003130,2,2025-07-27,C00740,P0085,3,10109.8,0.05,upi,Delivered,4,4,APP
O006016,3,2025-03-11,C00710,P0064,1,4731.0,0.05,Cash on Delivery,Delivered,6,2,Marketplace
O004715,1,2025-05-31,C01576,P0082,1,15714.17,0.2,Debit Card,Delivered,3,4,APP
O006294,2,2026-07-05,C00377,P0012,1,7754.43,0,UPI,Delivered,4,4,App
O003585,1,2025-09-08,C01668,P0012,1,8214.33,0.3,upi,Delivered,7,3,Web
O003290,2,2025-02-14,C00728,P0034,1,8567.23,0.25,COD,Delivered,1,4,Marketplace
O003619,3,2025-11-02,C01724,P0114,1,1266.78,0.05,Debit Card,Delivered,5,2,web
O000939,1,2026-03-11,C01914,P0051,1,4118.08,0.25,Wallet,Delivered,1,5,web
O000884,3,2025-01-25,C01115,P0141,1,12478.76,0.05,UPI,Delivered,8,2,APP
O002710,2,2025-08-12,C00232,P0124,1,13350.54,0.1,Wallet,Delivered,2,4,Web
O005431,2,2026-08-02,C00258,P0075,1,10887.53,0.65,upi,Delivered,3,4,APP
O002021,1,2025-05-15,C00137,P0125,1,4481.61,0,upi,Delivered,3,4,App
O000616,2,2025-12-29,C01563,P0118,2,2949.9,0.05,Debit Card,Cancelled,,,Web
O001297,1,2025-08-11,C00380,P0052,1,19121.45,0.05,Credit Card,Delivered,5,2,Web
O002676,2,2025-04-07,C01267,P0097,4,3391.66,0.15,UPI,Returned,4,3,Marketplace
O001518,1,2025-06-03,C01262,P0041,2,20817.85,0.2,Cash on Delivery,Delivered,3,3,App
O006072,1,2025-11-11,C00909,P0071,1,11191.85,0.05,credit card,Delivered,1,5,APP
O003943,1,2025-04-19,C00009,P0087,1,6494.6,0.15,Wallet,Delivered,3,3,web
O003036,2,2025-06-25,C01673,P0108,1,21186.21,0,Credit Card,Delivered,2,4,web
O006450,1,2026-08-08,C00574,P0095,1,16152.52,0.2,upi,Delivered,5,3,APP
O004443,1,2025-12-30,C00626,P0034,1,8294.63,0,upi,Delivered,4,4,APP
O004401,1,2026-08-11,C01366,P0017,4,3190.83,0.2,Cash on Delivery,Delivered,2,5,Marketplace
O000748,1,2025-02-02,C00110,P0120,4,12747.42,0.1,upi,Delivered,7,2,App
O001881,1,2026-01-31,C01357,P0058,1,12808.21,0.1,Wallet,Delivered,4,3,web
O003782,1,2026-07-23,C01298,P0077,1,10575.58,0.1,UPI,Delivered,5,3,App
O000062,2,2025-11-18,C01608,P0021,1,22308.36,0,,Delivered,5,3,App
O004098,1,2025-03-06,C01186,P0102,1,16323.64,0.3,Credit Card,Delivered,4,4,APP
O003231,2,2026-06-23,C01361,P0053,1,7348.76,0,upi,Delivered,3,,App
O004918,3,2025-05-05,C00560,P0002,1,10877.05,0.1,Credit Card,Returned,5,3,web
O006154,1,2026-08-06,C01556,P0143,1,4077.53,0,Wallet,Delivered,2,5,web
O001999,2,2025-02-10,C00765,P0065,1,17362.04,0,Debit Card,Returned,4,3,Web
O005239,2,2025-05-22,C00062,P0123,1,8909.08,0,UPI,Delivered,1,5,web
O001962,1,2025-08-31,C00814,P0095,1,15618.22,0.1,upi,Delivered,5,2,App
O005125,1,2026-02-05,C00254,P0070,1,4280.36,0,credit card,Delivered,5,3,Web
O006003,1,2025-09-13,C00403,P0045,1,29243.3,0.5,credit card,Delivered,6,3,App
O000950,1,2025-10-01,C00595,P0024,3,19943.75,0,Credit Card,Delivered,5,2,Marketplace
O004211,1,2026-06-14,C01322,P0037,1,18221.41,0,Wallet,Delivered,5,3,Web
O006073,1,2025-09-04,C01007,P0043,1,15570.17,0,Wallet,Delivered,4,3,Marketplace
O003361,1,2025-12-23,C01913,P0025,2,3956.72,0.3,COD,Returned,4,4,APP
O003931,3,2025-10-11,C01509,P0038,1,335.16,0,upi,Delivered,1,,Web
O002476,1,2026-07-24,C01425,P0005,2,5464.42,0.2,Cash on Delivery,Delivered,5,3,web
O000205,3,2025-10-06,C01663,P0040,2,13186.66,0,UPI,Delivered,5,3,Web
O002799,3,2025-03-10,C00723,P0131,1,19070.71,0.2,COD,Delivered,,,App
O003440,1,2026-01-20,C00778,P0103,1,26211.31,0.05,Debit Card,Delivered,6,2,APP
O004475,1,2026-07-20,C01664,P0124,1,13702.26,0,Debit Card,Delivered,5,3,web
O004441,2,2025-10-15,C00917,P0088,4,24789.06,0.05,Wallet,Cancelled,,,web
O001630,2,2025-01-03,C00578,P0116,5,11855.06,0.2,COD,Delivered,8,2,Marketplace
O002634,2,2025-11-15,C00365,P0122,1,1182.21,0.05,upi,Delivered,6,2,APP
O001989,1,2025-05-09,C01157,P0005,3,5492.8,0.25,Wallet,Delivered,6,3,web
O003062,2,2025-05-18,C01302,P0123,1,9398.77,0.05,Cash on Delivery,Delivered,1,5,APP
O005225,1,2026-07-30,C00026,P0044,2,13554.73,0.2,Credit Card,Delivered,5,4,Web
O004797,2,2026-06-05,C01629,P0109,2,14825.05,0.25,COD,Delivered,5,3,App
O004256,1,2025-10-30,C01303,P0109,2,14454.01,0.2,upi,Delivered,4,4,APP
O004178,2,2026-08-11,C00877,P0029,1,4916.63,0,Cash on Delivery,Delivered,4,3,APP
O001394,1,2025-10-11,C01162,P0064,2,4622.38,0,UPI,Delivered,6,2,Web
O001466,1,2025-05-17,C00336,P0016,3,20978.49,0.25,Debit Card,Delivered,4,4,APP
O001181,1,2026-01-12,C00965,P0127,1,14708.47,0.25,COD,Delivered,7,2,APP
O004280,1,2025-10-26,C00900,P0104,3,4796.35,0.25,credit card,Delivered,,,Marketplace
O002363,3,2025-09-21,C01432,P0005,1,5451.16,0.05,COD,Delivered,5,3,App
O003092,3,2025-09-13,C01425,P0027,1,20071.63,0.2,upi,Delivered,4,,App
O000124,1,2026-07-01,C00578,P0116,4,11626.37,0.1,Credit Card,Delivered,6,2,APP
O003812,1,2026-05-19,C01255,P0096,2,2982.7,0.1,UPI,Delivered,4,3,App
O001549,2,2026-08-01,C01111,P0086,4,3570.25,0.2,upi,Delivered,3,4,App
O004625,1,2025-01-22,C00940,P0052,1,19404.59,0.15,credit card,Delivered,4,3,web
O000570,3,2026-02-21,C00296,P0022,1,5197.9,0.3,Wallet,Delivered,6,2,web
O001436,4,2025-01-15,C01869,P0012,1,7593.29,0,credit card,Delivered,4,3,App
O003801,1,2026-02-17,C01954,P0127,1,14774.06,0.1,upi,Delivered,3,4,APP
O001893,1,2025-12-08,C01466,P0133,1,3951.25,0.15,Credit Card,Delivered,6,2,App
O000707,2,2025-08-18,C00081,P0143,1,4105.89,0.15,Debit Card,Delivered,5,3,Marketplace
O002081,2,2025-01-15,C01873,P0113,1,3008.66,0.15,UPI,Delivered,2,4,Web
O003877,1,2025-09-13,C01648,P0097,1,3481.39,0.1,UPI,Delivered,4,3,Marketplace
O001669,2,2025-09-09,C00771,P0028,4,8461.86,0.2,UPI,Delivered,3,4,App
O002392,1,2026-07-26,C00504,P0069,1,11887.76,0.2,Wallet,Delivered,3,4,Web
O006325,2,2026-08-16,C00768,P0119,1,20356.77,0.2,Cash on Delivery,Delivered,6,3,web
O005538,2,2025-04-12,C00773,P0089,1,17302.15,0.05,Debit Card,Delivered,5,3,App
O000864,1,2025-02-21,C00855,P0014,1,0,0.2,credit card,Delivered,5,3,Marketplace
O004177,1,2025-06-24,C01904,P0140,1,13354.24,0,UPI,Delivered,4,4,web
O001558,2,2026-01-25,C00926,P0007,1,11358.29,0,Wallet,Delivered,6,3,web
O000086,1,2026-04-29,C01756,P0017,1,3197.75,0,Cash on Delivery,Delivered,6,3,Marketplace
O001502,1,2026-04-02,C00726,P0138,1,1015.9,0.05,Credit Card,Delivered,2,,APP
O005763,1,2025-05-03,C00973,P0028,1,8701.99,0.2,upi,Delivered,4,4,APP
O004809,1,2025-04-06,C00798,P0082,2,15631.71,0.15,upi,Delivered,2,4,App
O002802,1,2025-06-09,C01400,P0106,1,2538.45,0.05,Debit Card,Delivered,3,4,Web
O004182,1,2025-02-06,C00239,P0110,1,8571.08,0.15,Credit Card,Delivered,3,5,APP
O001609,2,2025-12-22,C00759,P0065,1,17850.38,0.05,credit card,Delivered,5,4,web
O003699,1,2025-08-14,C00761,P0077,1,11090.05,0.2,Wallet,Cancelled,,,Web
O000442,2,2025-11-03,C01061,P0094,2,6330.25,0.05,Credit Card,Delivered,1,4,App
O001440,1,2025-08-24,C01926,P0039,2,12482.7,0.2,COD,Delivered,6,3,Marketplace
O001058,1,2025-10-25,C01537,P0097,1,3369.16,0.05,COD,Delivered,5,3,web
O003022,1,2025-01-20,C00546,P0104,1,4976.81,0.2,UPI,Delivered,5,3,App
O006430,2,2026-03-01,C01133,P0144,1,8109.45,0.05,credit card,Delivered,6,3,APP
O001620,3,2025-05-15,C01041,P0088,3,26034.72,0.05,UPI,Delivered,1,5,APP
O005004,1,2025-03-14,C01436,P0027,1,19778.07,0.05,Credit Card,Returned,4,3,APP
O000073,1,2026-04-27,C00343,P0013,1,5697.41,0.15,upi,Delivered,4,4,web
O000375,1,2026-03-15,C00385,P0128,5,13867.77,0.15,credit card,Delivered,3,4,Marketplace
O002086,2,2026-06-28,C00781,P0041,3,19950.72,0.15,COD,Delivered,4,3,Web
O001561,1,2026-08-18,C01743,P0089,1,17378.11,0.25,upi,Delivered,6,2,Web
O003727,3,2025-03-27,C00870,P0071,2,10935.56,0.2,COD,Delivered,2,5,APP
O003326,1,2026-08-31,C01256,P0008,2,22770.77,0.2,Wallet,Returned,3,4,Web
O005294,1,2025-07-16,C01426,P0140,2,12970.3,0.1,credit card,Delivered,5,3,web
O006337,1,2025-09-08,C00257,P0066,1,22742.92,0,Cash on Delivery,Delivered,5,3,Web
O002339,2,2026-07-28,C01566,P0111,1,1942.99,0.1,Cash on Delivery,Delivered,1,5,APP
O000651,1,2026-04-21,C01867,P0047,1,29575.84,0.05,upi,Returned,6,3,Web
O004021,1,2025-03-15,C01020,P0124,1,13552.63,0.15,upi,Delivered,4,4,web
O003617,1,2025-09-29,C01994,P0108,1,22540.25,0.05,upi,Delivered,5,3,Web
O003795,3,2026-02-18,C00465,P0019,1,25701.72,0.1,credit card,Returned,7,2,Web
O003100,2,2026-07-04,C01216,P0125,1,4372.2,0,Cash on Delivery,Delivered,6,2,App
O001886,2,2025-01-28,C01383,P0138,1,1024.67,0.2,Cash on Delivery,Delivered,6,3,web
O004479,1,2025-02-05,C00178,P0065,1,16907.3,0.25,Cash on Delivery,Delivered,5,,App
O003879,1,2025-09-02,C01259,P0066,2,22928.07,0.25,COD,Delivered,3,3,APP
O005870,1,2025-12-16,C01351,P0016,1,19695.7,0.1,Debit Card,Returned,6,3,APP
O005944,3,2025-01-19,C01487,P0010,1,23245.47,0.15,Credit Card,Delivered,4,4,APP
O002957,1,2026-02-28,C01624,P0030,1,15104.66,0.15,credit card,Delivered,6,3,Marketplace
O006098,1,2025-07-07,C00755,P0009,3,14414.99,0,credit card,Delivered,7,2,Web
O005173,2,2025-10-13,C00604,P0020,1,25134.32,0,UPI,Delivered,5,3,Marketplace
O001418,2,2025-09-28,C01254,P0007,2,12159.64,0.05,Credit Card,Delivered,2,4,App
O003785,1,2025-04-22,C01473,P0062,1,18419.36,0.1,upi,Delivered,6,2,Web
O005700,2,2025-08-17,C01041,P0133,2,3662.7,0.2,upi,Delivered,6,3,Web
O004611,1,2025-07-26,C00332,P0035,1,18589.38,0.05,upi,Returned,2,4,Web
O003673,1,2026-01-02,C01429,P0041,2,20044.32,0.15,Wallet,Delivered,3,4,Web
O003058,2,2025-10-14,C00470,P0008,1,21895.51,0,Cash on Delivery,Cancelled,,,Marketplace
O000152,1,2025-11-07,C01109,P0084,2,17358.24,0.05,COD,Delivered,7,,Web
O001368,2,2026-07-26,C00212,P0094,1,6462.9,0.1,COD,Delivered,3,3,Web
O005276,2,2026-01-07,C00285,P0083,1,5433.15,0,upi,Delivered,5,3,APP
O002360,2,2025-05-14,C00340,P0004,2,18525.52,0.15,Debit Card,Delivered,3,4,Marketplace
O002447,2,2025-06-27,C00099,P0081,2,22346.88,0.1,Cash on Delivery,Delivered,4,3,web
O003053,2,2025-12-14,C01952,P0122,1,1151.39,0,upi,Delivered,3,4,Web
O003621,1,2025-06-27,C01466,P0126,1,2125.47,0.1,credit card,Delivered,2,5,App
O001666,1,2026-04-09,C01071,P0060,2,16365.2,0.1,Cash on Delivery,Cancelled,,,web
O003412,2,2026-08-27,C01230,P0134,1,18537.27,0.1,upi,Delivered,5,4,APP
O002593,4,2025-02-21,C01357,P0087,1,6480.52,0,Wallet,Delivered,6,,App
O005272,2,2026-03-26,C00797,P0093,1,23733.51,0.05,Cash on Delivery,Delivered,7,2,web
O000993,3,2025-06-17,C00067,P0101,1,8288.11,0.25,upi,Returned,,,Web
O001704,1,2025-03-07,C00370,P0073,2,8774.19,0,UPI,Delivered,6,2,Web
O001524,1,2025-09-03,C01048,P0091,1,245.55,0.15,Credit Card,Delivered,5,4,Marketplace
O004752,1,2026-08-08,C01135,P0017,1,3232.18,0,COD,Delivered,3,4,web
O000079,2,2025-03-17,C00962,P0031,1,21924.35,0.1,UPI,Delivered,4,4,APP
O003402,1,2025-08-24,C00312,P0077,2,10398.83,0,Wallet,Returned,3,3,APP
O001765,1,2026-01-26,C01256,P0020,1,25009.55,0,Cash on Delivery,Delivered,4,,App
O005790,1,2025-09-18,C01907,P0128,1,13680.43,0.15,credit card,Delivered,4,,Web
O005366,1,2025-11-30,C00659,P0083,1,5545.02,0.15,upi,Delivered,4,4,Web
O005908,3,2025-08-03,C01501,P0062,1,18280.77,0.15,Debit Card,Delivered,4,3,Marketplace
O003760,1,2026-04-25,C00799,P0016,1,21040.96,0.2,UPI,Delivered,4,3,web
O004089,1,2025-03-28,C01057,P0095,1,16133.06,0.15,Cash on Delivery,Delivered,5,3,Web
O000935,1,2025-08-26,C01322,P0036,1,18076.89,0.25,Debit Card,Delivered,4,4,App
O003684,3,2025-10-06,C01450,P0042,3,7164.26,0.3,Wallet,Returned,6,2,App
O005860,1,2025-01-09,C00194,P0089,2,18054.14,0,upi,Returned,2,5,App
O001219,1,2025-11-10,C00041,P0140,3,13216.14,0.5,Debit Card,Cancelled,,,web
O004625,2,2025-01-22,C00940,P0038,3,341.4,0.1,credit card,Delivered,4,3,web
O002178,1,2026-06-07,C00798,P0032,3,21478.03,0.15,UPI,Returned,5,3,APP
O005852,1,2025-03-03,C00361,P0090,1,4806.77,0.1,Credit Card,Delivered,5,3,App
O004649,2,2025-05-19,C01021,P0088,1,26381.81,0.15,COD,Delivered,5,,web
O001157,3,2025-05-11,C00904,P0080,1,23201.79,0,Wallet,Delivered,3,4,web
O002712,3,2026-07-11,C01048,P0023,1,26595.65,0.15,credit card,Delivered,3,4,APP
O005008,1,2026-05-08,C00694,P0066,1,22626.46,0.15,Cash on Delivery,Delivered,3,4,Marketplace
O005960,3,2026-08-14,C00469,P0004,1,18574.73,0.1,Cash on Delivery,Delivered,4,4,Marketplace
O000708,1,2025-02-06,C01051,P0053,1,7686.12,0.25,credit card,Delivered,4,,APP
O002734,1,2026-01-14,C00920,P0138,5,1032.29,0.05,Cash on Delivery,Delivered,3,5,APP
O001599,1,2025-12-09,C00669,P0076,3,25798.71,0.15,Debit Card,Delivered,1,5,web
O003380,1,2025-01-14,C00213,P0121,1,22536.94,0.2,Cash on Delivery,Delivered,,,Web
O000750,2,2025-01-24,C01532,P0143,2,4114.77,0.1,Credit Card,Delivered,3,4,web
O005465,1,2026-07-02,C01741,P0132,2,19310.37,0.5,credit card,Delivered,5,2,Marketplace
O001790,1,2025-06-25,C01647,P0057,2,4479.75,0.05,Wallet,Delivered,3,4,APP
O003318,3,2025-11-27,C00210,P0030,1,14667.29,0.05,upi,Delivered,5,3,APP
O005341,1,2025-09-29,C01026,P0127,2,13900.2,0.15,UPI,Delivered,6,3,Marketplace
O004608,2,2026-04-29,C00524,P0116,1,12463.93,0.1,Debit Card,Delivered,5,4,web
O004795,1,2025-03-30,C00514,P0075,1,10990.33,0.05,credit card,Delivered,1,5,Web
O005819,1,2025-08-16,C01640,P0040,1,13404.76,0.1,Debit Card,Delivered,3,4,web
O002741,1,2025-08-28,C01012,P0004,1,18449.38,0.15,credit card,Delivered,4,4,web
O002248,1,2025-02-06,C01206,P0132,1,18574.73,0,COD,Delivered,5,2,Web
O002956,1,2025-03-07,C01181,P0136,1,14020.3,0.15,Debit Card,Delivered,5,3,web
O003426,1,2026-08-07,C00897,P0102,1,16099.45,0.1,COD,Delivered,6,2,Web
O001388,1,2026-07-14,C01067,P0123,2,9009.2,0,Cash on Delivery,Delivered,2,5,Marketplace
O004884,1,2025-12-23,C01907,P0028,1,8451.16,0.05,Credit Card,Delivered,3,3,Web
O001269,1,2026-06-27,C00119,P0118,1,3057.67,0,Credit Card,Delivered,1,4,APP
O004911,2,2026-04-21,C01004,P0019,4,24627.33,0,Wallet,Delivered,4,3,Web
O003493,1,2025-09-26,C00466,P0026,3,14476.3,0.05,COD,Delivered,5,3,App
O000028,1,2025-01-30,C00871,P0034,1,8684.92,0,COD,Delivered,3,4,Web
O003240,2,2026-05-09,C00146,P0111,2,1818.84,0.15,upi,Delivered,5,3,APP
O003020,1,2025-01-27,C01345,P0130,4,17540.12,0.1,upi,Delivered,4,3,web
O005785,1,2025-12-02,C01714,P0124,3,13721.24,0.15,Credit Card,Delivered,5,3,Web
O000570,1,2026-02-21,C00296,P0114,1,1215.2,0.15,Wallet,Delivered,6,2,web
O004489,1,2025-07-14,C01588,P0083,2,5351.37,0.15,Debit Card,Delivered,5,3,App
O005401,2,2025-10-15,C00760,P0110,2,8571.46,0.5,upi,Delivered,2,5,App
O002241,4,2026-01-25,C01171,P0099,1,19455.72,0.2,UPI,Delivered,4,4,APP
O002702,2,2025-07-07,C01614,P0128,2,14664.11,0.15,Debit Card,Delivered,6,2,Web
O006262,1,2026-04-30,C00672,P0070,1,4348.55,0.3,credit card,Delivered,6,2,App
O000500,2,2026-07-22,C01874,P0070,2,4091.04,0.1,Wallet,Cancelled,,,web
O003941,3,2026-01-21,C00302,P0137,1,4809.26,0.1,upi,Delivered,5,3,APP
O003348,2,2025-05-06,C01659,P0132,2,18225.3,0.05,credit card,Delivered,5,4,Web
O005217,4,2025-05-21,C01989,P0035,2,17577.66,0.1,COD,Delivered,3,4,App
O005422,1,2025-07-28,C01326,P0030,1,15080.92,0.15,credit card,Delivered,6,3,Web
O001446,3,2025-10-20,C01608,P0101,1,8261.88,0.05,UPI,Delivered,5,3,App
O001580,2,2026-06-17,C01767,P0061,2,22203.11,0.05,Cash on Delivery,Cancelled,,,web
O003584,2,2025-01-29,C00783,P0079,1,7534.13,0.2,Wallet,Delivered,6,3,web
O001121,1,2025-07-29,C01345,P0113,1,2976.98,0.15,credit card,Delivered,3,4,App
O002491,2,2026-07-09,C00638,P0106,2,2498.85,0.15,credit card,Delivered,4,4,Marketplace
O002691,1,2025-02-09,C01358,P0133,1,3918.65,0.05,COD,Returned,4,4,APP
O002841,1,2025-01-25,C01272,P0001,5,9654.85,0.15,Wallet,Cancelled,,,web
O002547,1,2025-11-27,C00045,P0108,3,21347.22,0,Debit Card,Delivered,5,4,APP
O001740,2,2026-06-20,C00662,P0059,1,17499.99,0.1,Wallet,Delivered,6,3,APP
O001160,1,2025-05-04,C00637,P0032,1,20477.9,0.15,Debit Card,Delivered,3,3,App
O002036,1,2026-04-04,C00172,P0027,1,19838.63,0,UPI,Delivered,7,2,APP
O003045,2,2025-08-31,C01405,P0036,1,18568.33,0.1,Credit Card,Delivered,3,4,web
O005354,1,2025-04-21,C00020,P0058,1,12642.17,0,UPI,Returned,2,4,Marketplace
O006467,1,2025-04-11,C01277,P0112,2,21364.53,0,Wallet,Delivered,3,4,web
O004621,1,2025-06-14,C00294,P0071,4,11106.79,0.15,Debit Card,Delivered,4,3,web
O004523,1,2025-02-22,C01295,P0047,2,29619.17,0.05,upi,Delivered,5,3,App
O004209,3,2026-06-27,C01301,P0143,1,4234.03,0,credit card,Delivered,5,4,web
O005415,1,2026-01-11,C01704,P0107,1,23000.75,0.15,upi,Delivered,3,4,Web
O004544,1,2025-06-11,C00299,P0020,2,24672.68,0.1,UPI,Delivered,4,3,Marketplace
O000884,2,2025-01-25,C01115,P0109,3,15201.95,0.05,UPI,Delivered,8,2,APP
O001040,1,2025-06-19,C01724,P0080,1,22115.62,0.15,COD,Delivered,3,4,App
O001250,1,2026-02-25,C01510,P0022,2,5486.99,0.1,UPI,Delivered,5,,Web
O003922,1,2025-11-21,C00443,P0037,1,18474.41,0.15,UPI,Returned,4,3,Marketplace
O000017,2,2026-07-21,C01144,P0047,1,28086.03,0.15,Cash on Delivery,Delivered,3,4,Web
O003463,2,2025-08-10,C00877,P0063,2,17531.31,0.05,Credit Card,Delivered,7,2,Web
O002106,2,2025-05-28,C00204,P0117,3,3498.83,0.1,credit card,Delivered,5,3,Web
O000354,1,2025-06-24,C01293,P0117,1,3507.9,0,UPI,Delivered,4,4,web
O006017,1,2026-03-12,C00777,P0132,1,19544.56,0,Debit Card,Cancelled,,,Marketplace
O003432,2,2026-06-21,C00189,P0118,1,3007.54,0.2,COD,Delivered,7,2,Marketplace
O006129,3,2025-03-06,C00287,P0143,2,4242.22,0.05,credit card,Delivered,3,4,Marketplace
O005476,3,2025-01-17,C00300,P0077,2,11211.74,0.15,credit card,Delivered,4,4,Marketplace
O000876,4,2026-04-24,C01475,P0096,2,3034.63,0.1,UPI,Delivered,6,3,web
O004174,1,2025-06-26,C01835,P0086,4,3554.58,0.2,credit card,Delivered,4,3,web
O003945,2,2025-02-18,C00971,P0016,1,21178.03,0.15,Cash on Delivery,Delivered,5,3,web
O002983,3,2025-07-23,C00003,P0026,2,14585.16,0.25,credit card,Cancelled,,,Web
O005438,2,2026-04-17,C01223,P0125,2,4615.64,0.25,COD,Delivered,5,2,APP
O000537,3,2025-08-11,C01141,P0023,1,26383.37,0.15,UPI,Delivered,6,2,web
O004168,2,2025-04-27,C01408,P0072,1,12569.46,0.15,Credit Card,Delivered,3,3,Marketplace
O000794,2,2025-07-07,C01496,P0088,2,25214.24,0.15,Cash on Delivery,Delivered,2,4,App
O006157,2,2026-08-13,C00061,P0144,1,8079.29,0.05,COD,Delivered,6,2,web
O004821,3,2026-06-09,C00232,P0086,2,3706.12,0.1,upi,Delivered,1,4,APP
O002219,4,2026-08-12,C00082,P0055,1,9438.65,0.1,COD,Delivered,5,2,Web
O006475,1,2026-01-13,C01380,P0121,1,21585.27,0.05,upi,Delivered,7,1,APP
O006482,1,2025-01-09,C01223,P0037,1,17718.81,0.1,Credit Card,Delivered,5,3,Web
O002421,2,2025-03-03,C01188,P0080,1,23283.02,0.15,Credit Card,Delivered,4,4,Web
O002805,1,2026-06-07,C00579,P0120,2,12615.83,0.1,Credit Card,Delivered,1,5,Marketplace
O001452,1,2026-03-28,C01753,P0135,3,3469.14,0.05,COD,Cancelled,,,Web
O000692,2,2026-05-08,C01117,P0121,2,21600.1,0,Cash on Delivery,Delivered,5,2,Marketplace
O004516,1,2025-12-28,C01409,P0048,5,1011.38,0.1,Debit Card,Delivered,1,,Marketplace
O002019,3,2026-02-28,C00442,P0017,4,3145.29,0.15,COD,Cancelled,,,Web
O000266,2,2025-02-23,C00211,P0024,1,20426.9,0.1,Debit Card,Delivered,3,3,Marketplace
O001129,1,2025-01-11,C01891,P0139,1,3602.29,0.15,COD,Returned,2,5,App
O001061,2,2025-01-15,C00944,P0096,1,2875.29,0.05,upi,Delivered,5,4,App
O006003,4,2025-09-13,C00403,P0129,2,14754.06,0.15,credit card,Delivered,6,3,App
O005861,1,2026-08-01,C01759,P0006,1,20949.06,0.05,Credit Card,Delivered,5,4,App
O004455,1,2026-06-13,C00743,P0054,2,13294.61,0.1,credit card,Delivered,5,4,App
O005195,1,2025-03-23,C00694,P0032,2,20126.62,0.2,credit card,Returned,2,4,Marketplace
O006401,2,2025-12-17,C00329,P0045,1,28983.93,0.15,Credit Card,Delivered,1,5,APP
O003607,2,2025-06-18,C00278,P0104,1,4873.89,0.05,Debit Card,Delivered,5,4,web
O002757,1,2025-02-11,C01488,P0093,2,22481.93,0.15,Debit Card,Delivered,,,APP
O001087,1,2026-03-22,C00832,P0046,3,4292.79,0.05,Debit Card,Returned,5,4,App
O005982,1,2026-06-23,C00218,P0062,2,18246.72,0.15,Cash on Delivery,Delivered,4,,App
O001645,2,2025-10-27,C01514,P0137,1,4854.98,0.1,COD,Delivered,3,4,APP
O000213,1,2025-05-19,C00437,P0010,2,23319.93,0.15,Credit Card,Cancelled,,,APP
O005330,1,2025-02-12,C00131,P0003,4,19503.56,0.2,credit card,Delivered,6,2,Marketplace
O004661,1,2025-05-18,C01403,P0073,1,9206.18,0.2,Debit Card,Returned,6,3,App
O001392,2,2026-02-08,C01984,P0024,1,21429.6,0.2,Wallet,Returned,4,3,Web
O002807,1,2026-08-24,C01272,P0105,1,25048.63,0.1,Credit Card,Delivered,3,4,Marketplace
O002272,1,2025-09-23,C00331,P0137,1,4619.37,0.1,Credit Card,Cancelled,,,Marketplace
O003221,3,2025-02-08,C00044,P0134,4,17883.13,0.15,upi,Delivered,1,5,Marketplace
O002848,3,2025-11-17,C01627,P0079,1,7551.4,0.15,credit card,Delivered,4,4,APP
O002958,2,2025-11-20,C00936,P0005,1,5172.6,0.2,Credit Card,Delivered,6,2,Web
O006331,1,2025-06-10,C00332,P0139,1,3497.11,0.3,Credit Card,Delivered,3,4,App
O004027,3,2025-04-11,C01719,P0005,1,5408.9,0.15,upi,Delivered,4,4,web
O003650,1,2025-03-23,C01563,P0055,2,8921.45,0.05,,Delivered,4,3,APP
O001835,1,2025-08-27,C00098,P0080,1,22938.26,0.5,UPI,Delivered,3,5,APP
O000084,1,2025-02-28,C00747,P0009,2,14786.86,0.1,credit card,Delivered,2,4,APP
O005127,1,2025-10-23,C01761,P0005,1,5236.59,0.25,UPI,Delivered,3,3,Marketplace
O002286,1,2025-08-06,C00848,P0117,3,3393.99,0.05,Cash on Delivery,Delivered,3,4,App
O002208,1,2025-04-21,C01243,P0095,1,15717.87,0.15,upi,Delivered,5,,Web
O004257,3,2025-04-22,C00551,P0125,1,4577.12,0.2,upi,Delivered,4,4,APP
O002427,2,2026-07-22,C00517,P0042,1,6855.7,0,credit card,Delivered,6,2,App
O000194,1,2025-03-29,C00652,P0080,2,22789.57,0,COD,Delivered,5,2,Web
O001908,1,2026-03-31,C00256,P0133,1,3930.96,0.25,Debit Card,Delivered,5,4,Marketplace
O001443,1,2026-06-13,C00617,P0012,1,8048.83,0.2,Wallet,Delivered,3,5,Web
O000636,4,2025-08-21,C01478,P0038,4,327.41,0.25,credit card,Delivered,4,3,Marketplace
O005298,1,2026-08-11,C01483,P0114,1,1234.56,0,COD,Delivered,1,4,App
O002982,1,2026-07-13,C01078,P0086,1,3795.09,0.15,UPI,Delivered,5,3,web
O001505,2,2026-02-19,C00020,P0137,1,4571.56,0.15,UPI,Delivered,5,3,Marketplace
O001309,3,2026-01-22,C00229,P0032,2,20012.51,0.15,UPI,Delivered,4,,web
O002706,2,2025-05-13,C01347,P0057,2,4794.91,0,Cash on Delivery,Delivered,7,2,Marketplace
O000992,1,2025-03-25,C00851,P0043,3,15519.56,0.1,Debit Card,Delivered,5,3,App
O000616,3,2025-12-29,C01563,P0084,1,16406.4,0.15,Debit Card,Cancelled,,,Web
O001721,1,2026-08-05,C00919,P0051,5,4214.02,0.5,Cash on Delivery,Delivered,9,1,APP
O002755,4,2025-08-29,C01207,P0119,2,20243.14,0,Wallet,Delivered,6,3,Marketplace
O004948,2,2026-08-01,C01240,P0092,1,3999.96,0.15,upi,Delivered,3,4,web
O001428,1,2025-05-14,C01235,P0134,1,17861.95,0.15,Credit Card,Delivered,7,2,web
O003746,1,2026-05-31,C01767,P0075,1,10354.7,0.2,UPI,Returned,2,,APP
O004888,1,2026-07-29,C01898,P0025,2,4093.21,0.1,Cash on Delivery,Cancelled,,,App
O002430,2,2025-04-20,C01820,P0016,2,20957.6,0.1,credit card,Delivered,4,3,App
O000002,1,2026-03-30,C01209,P0064,1,4481.42,0,COD,Delivered,3,3,Web
O003552,1,2025-10-01,C01399,P0125,2,4586.01,0,Debit Card,Delivered,3,4,APP
O005249,2,2025-05-30,C00762,P0044,2,13415.85,0.1,UPI,Delivered,5,2,APP
O003362,2,2025-11-03,C00930,P0089,1,17902.55,0.1,Credit Card,Delivered,7,3,APP
O005473,3,2026-05-25,C00534,P0106,1,2452.28,0.2,Debit Card,Delivered,4,3,App
O003469,2,2026-05-09,C01860,P0142,1,11352.65,0,COD,Delivered,5,3,Web
O005440,1,2026-01-11,C00932,P0103,1,26292.93,0.15,Debit Card,Delivered,4,3,Marketplace
O004539,1,2026-02-09,C00382,P0122,2,1194.6,0.25,UPI,Delivered,4,4,Web
O004257,2,2025-04-22,C00551,P0096,1,2829.26,0.1,upi,Delivered,4,4,APP
O006095,1,2026-03-03,C00400,P0112,4,21407.74,0.05,upi,Delivered,5,3,web
O001672,2,2025-03-28,C00089,P0075,1,10818.99,0.1,Cash on Delivery,Delivered,,,Marketplace
O002655,2,2025-10-27,C01200,P0105,1,25323.75,0.15,credit card,Delivered,1,5,Web
O003262,1,2025-08-23,C01052,P0021,3,22022.49,0,COD,Delivered,2,5,Web
O001738,1,2026-05-09,C00155,P0113,3,3017.46,0,upi,Delivered,5,3,Marketplace
O000323,1,2025-01-15,C01174,P0087,1,6732.46,0.05,credit card,Delivered,2,4,Marketplace
O004064,2,2025-10-14,C01131,P0002,1,10851.59,0.25,credit card,Delivered,1,5,App
O000595,1,2025-12-22,C00092,P0034,1,8699.6,0.05,upi,Delivered,8,2,web
O005132,2,2026-03-13,C01884,P0092,1,4033.99,0.1,,Delivered,4,3,APP
O002443,2,2025-01-06,C01754,P0105,2,26462.29,0.1,Credit Card,Delivered,8,2,Web
O002800,1,2025-03-21,C00953,P0057,1,4481.54,0.5,UPI,Delivered,2,4,Marketplace
O003204,2,2025-11-22,C00608,P0032,1,20197.8,0.15,upi,Returned,4,3,App
O000018,1,2026-07-29,C00693,P0063,1,17532.18,0.05,Credit Card,Delivered,5,2,APP
O003140,2,2025-06-16,C01692,P0057,1,4525.52,0,upi,Delivered,4,3,Marketplace
O000986,2,2026-01-08,C00744,P0022,1,5342.37,0.05,upi,Delivered,5,3,Web
O004030,3,2025-08-01,C01831,P0141,1,12887.11,0.1,Wallet,Delivered,7,3,Marketplace
O002672,2,2026-08-20,C01890,P0132,1,19375.83,0.2,Cash on Delivery,Delivered,1,5,Marketplace
O003904,2,2025-05-09,C00254,P0102,3,16090.13,0.05,Credit Card,Delivered,5,4,APP
O000390,2,2025-01-10,C01089,P0055,1,9504.21,0.15,Credit Card,Delivered,4,4,APP
O006223,3,2025-01-30,C00844,P0032,2,20502.41,0.15,UPI,Delivered,6,3,App
O003377,1,2025-03-27,C00914,P0052,1,18662.2,0.1,Credit Card,Returned,3,4,APP
O001489,1,2025-07-11,C01940,P0052,1,19308.73,0.05,credit card,Delivered,4,3,App
O003662,1,2025-08-10,C00439,P0124,1,14362.89,0.05,Wallet,Delivered,4,4,Web
O002899,2,2025-12-01,C01026,P0096,1,3019.87,0.15,Cash on Delivery,Delivered,4,3,Web
O000338,1,2025-02-08,C01194,P0037,1,17770.52,0.5,Wallet,Delivered,5,3,Marketplace
O000742,2,2026-01-31,C00606,P0025,1,3854.55,0.2,COD,Delivered,5,3,Web
O000505,2,2025-03-13,C00123,P0020,1,24804.98,0.25,Debit Card,Delivered,1,5,Marketplace
O000269,3,2025-05-03,C00935,P0069,2,11768.61,0.05,Credit Card,Delivered,5,3,web
O006476,1,2025-02-05,C00437,P0140,2,13879.84,0,COD,Delivered,7,2,Web
O006462,2,2026-07-02,C00364,P0081,5,22930.3,0,Credit Card,Delivered,4,3,APP
O004170,1,2025-08-23,C00410,P0131,4,19136.29,0.2,credit card,Cancelled,,,web
O005581,1,2025-10-12,C01575,P0007,1,11858.23,0.5,upi,Delivered,4,3,Web
O000837,1,2025-01-07,C01286,P0003,1,18963.21,0.15,COD,Delivered,6,2,App
O006104,1,2026-05-10,C01891,P0074,2,11062.15,0,Credit Card,Delivered,5,3,Marketplace
O003703,1,2025-03-24,C01236,P0136,3,13996.69,0.2,COD,Delivered,8,2,App
O006421,1,2025-01-10,C01922,P0023,3,25956.81,0.05,Cash on Delivery,Delivered,3,4,web
O001514,1,2025-10-11,C01658,P0065,2,17482.06,0,Credit Card,Delivered,2,4,Marketplace
O002469,3,2025-03-27,C01472,P0029,1,4889.52,0.2,Credit Card,Delivered,5,3,Web
O002280,1,2026-04-15,C00087,P0042,2,6788.83,0.2,credit card,Delivered,,,web
O003712,2,2026-01-29,C01641,P0113,1,3102.7,0.3,Debit Card,Delivered,2,4,Web
O002160,1,2025-01-04,C01222,P0110,1,8531.27,0.15,Debit Card,Returned,2,5,App
O002354,2,2025-03-28,C01229,P0085,1,9886.79,0,COD,Delivered,1,5,APP
O004234,1,2025-08-29,C01749,P0036,1,17876.17,0,Debit Card,Delivered,6,3,Marketplace
O006090,1,2026-08-17,C01582,P0002,1,10274.27,0.05,upi,Delivered,4,3,web
O000813,2,2025-08-11,C01875,P0039,1,11986.95,0.15,Wallet,Delivered,4,3,web
O005677,1,2026-08-22,C00084,P0065,1,17247.37,0.15,COD,Delivered,4,4,APP
O004120,2,2025-07-06,C00437,P0067,4,11112.64,0.15,credit card,Delivered,5,,APP
O000756,1,2026-07-31,C01850,P0057,1,4778.75,0.1,UPI,Delivered,4,4,Web
O003074,1,2025-01-31,C00716,P0028,1,8825.91,0.2,COD,Delivered,4,4,APP
O002560,3,2025-12-18,C01547,P0126,1,1989.56,0.2,Wallet,Returned,5,3,Web
O001800,1,2025-11-12,C00536,P0086,2,3691.71,0.05,credit card,Returned,6,3,App
O001550,1,2026-02-20,C01535,P0100,2,13943.71,0,Credit Card,Delivered,5,3,web
O001317,3,2025-01-31,C00702,P0123,1,9180.87,0.1,COD,Delivered,4,4,Marketplace
O004194,2,2025-09-17,C01861,P0026,3,13888.45,0.05,Debit Card,Delivered,6,3,App
O004733,1,2026-03-26,C00535,P0048,2,979.42,0.15,upi,Delivered,4,3,Web
O006260,1,2026-07-31,C00724,P0054,1,13063.96,0.1,UPI,Returned,6,3,Marketplace
O000905,3,2026-01-09,C01644,P0075,1,10601.64,0.15,Wallet,Delivered,3,,Marketplace
O001216,1,2025-10-09,C00986,P0026,1,13925.07,0,Wallet,Returned,4,3,web
O003254,2,2025-07-22,C00500,P0106,1,2558.11,0.25,Wallet,Delivered,4,3,Web
O002035,2,2026-02-04,C00100,P0107,2,24169.99,0.15,upi,Delivered,4,3,App
O005069,1,2025-07-16,C00122,P0103,1,26812.83,0.15,credit card,Delivered,5,3,Marketplace
O005512,2,2025-12-12,C01220,P0135,2,3353.07,0.15,Debit Card,Delivered,4,3,App
O003493,2,2025-09-26,C00466,P0137,2,4551.31,0.2,COD,Delivered,5,3,App
O001179,1,2026-08-10,C00742,P0086,1,3590.31,0.15,upi,Delivered,3,4,Marketplace
O004930,2,2025-07-17,C00047,P0062,2,18457.54,0.1,Credit Card,Cancelled,,,Web
O006274,1,2025-04-29,C01655,P0053,1,7465.93,0.05,Credit Card,Delivered,6,3,Marketplace
O004279,2,2025-08-05,C01808,P0063,1,16875.05,0.2,Wallet,Delivered,4,3,Marketplace
O005633,2,2026-05-08,C01044,P0118,1,3064.32,0.15,Cash on Delivery,Delivered,3,4,APP
O000625,1,2025-05-09,C00243,P0143,1,4224.17,0.1,upi,Cancelled,,,web
O006111,2,2025-05-08,C01407,P0055,1,8870.5,0,Cash on Delivery,Delivered,4,3,APP
O001505,1,2026-02-19,C00020,P0134,1,18195.82,0.05,UPI,Delivered,5,3,Marketplace
O001521,1,2025-07-17,C00926,P0108,1,21845.72,0.25,UPI,Delivered,5,3,APP
O001075,1,2025-01-21,C00601,P0055,2,9233.36,0.15,Wallet,Delivered,2,4,Web
O003201,1,2026-01-30,C00259,P0042,2,7163.82,0.15,Cash on Delivery,Returned,5,3,App
O003688,1,2025-09-12,C00727,P0014,1,5876.84,0.2,COD,Delivered,,,App
O005126,2,2025-06-15,C01877,P0104,5,4952.01,0.1,credit card,Delivered,1,5,App
O004781,1,2026-02-24,C01304,P0108,1,22405.18,0.1,COD,Cancelled,,,Web
O003652,1,2025-04-08,C00086,P0048,2,1001.34,0.05,Credit Card,Delivered,5,3,Web
O003492,1,2026-07-03,C01807,P0132,1,18811.75,0.1,Wallet,Delivered,8,1,Marketplace
O005124,1,2025-10-19,C01247,P0013,1,5481.81,0,Credit Card,Delivered,4,3,Marketplace
O001806,1,2025-07-14,C00324,P0130,1,17916.54,0.1,Wallet,Delivered,4,4,Marketplace
O004238,3,2025-02-14,C01339,P0050,1,17286.78,0.3,UPI,Delivered,5,3,web
O004153,1,2026-01-01,C01429,P0018,1,14153.46,0.2,Cash on Delivery,Delivered,2,4,Marketplace
O000011,1,2026-04-02,C01653,P0036,1,17917.4,0,Debit Card,Delivered,2,4,APP
O004576,2,2025-06-19,C01786,P0078,1,24971.0,0.1,COD,Returned,3,4,App
O005743,4,2025-12-19,C00614,P0094,1,6498.4,0.1,Wallet,Delivered,4,4,Marketplace
O002359,3,2025-01-17,C00812,P0035,1,17305.84,0.05,Wallet,Delivered,6,2,Marketplace
O004192,1,2026-03-07,C00159,P0126,1,2018.03,0.15,UPI,Delivered,3,4,web
O003738,1,2026-03-08,C00983,P0132,1,19662.02,0.05,upi,Delivered,8,2,web
O000897,2,2025-10-23,C00502,P0025,1,3871.17,0.2,upi,Delivered,3,4,Web
O002116,1,2025-07-03,C01392,P0084,1,17389.51,0.25,Cash on Delivery,Delivered,3,4,web
O006349,1,2025-11-07,C01654,P0031,1,21726.1,0.15,Cash on Delivery,Delivered,5,3,App
O003736,1,2025-10-26,C01089,P0139,1,3651.27,0.1,Debit Card,Delivered,3,4,Marketplace
O002022,1,2025-12-06,C01450,P0083,1,5703.78,0.1,Cash on Delivery,Delivered,3,3,APP
O000678,4,2025-08-05,C00903,P0114,2,1228.06,0.15,COD,Delivered,7,3,App
O005217,1,2025-05-21,C01989,P0030,4,14669.97,0.5,COD,Delivered,3,4,App
O000032,4,2026-08-26,C01495,P0132,3,19432.39,0,UPI,Delivered,5,3,web
O002163,1,2025-11-07,C00766,P0117,5,3570.0,0.1,COD,Delivered,5,3,Web
O003344,1,2025-08-04,C00593,P0102,4,16953.08,0.15,UPI,Delivered,5,3,web
O002546,1,2025-03-01,C01811,P0001,2,9057.47,0,COD,Delivered,4,4,Marketplace
O004939,1,2025-11-25,C01312,P0004,2,17987.34,0.15,Wallet,Delivered,4,3,web
O003010,1,2026-04-26,C00448,P0046,1,4024.87,0.1,COD,Delivered,1,5,APP
O006093,3,2025-12-31,C01660,P0014,3,5745.37,0.25,Debit Card,Delivered,4,3,web
O004404,3,2026-03-25,C01660,P0072,1,12211.76,0.2,credit card,Delivered,5,,Marketplace
O003400,1,2025-06-03,C00425,P0015,4,22834.1,0.25,Wallet,Cancelled,,,Marketplace
O002647,3,2026-03-21,C00063,P0135,1,3415.83,0.25,COD,Delivered,3,4,APP
O003579,2,2026-03-18,C01200,P0084,1,16628.25,0,UPI,Delivered,4,4,App
O003649,2,2026-07-01,C00823,P0056,1,10561.64,0,upi,Delivered,5,3,web
O003804,1,2025-01-27,C00543,P0049,2,1452.94,0.25,credit card,Delivered,2,4,Web
O006323,1,2025-06-15,C00356,P0080,4,23318.48,0.2,upi,Delivered,2,4,web
O004220,1,2026-06-19,C01357,P0127,1,14547.72,0.15,Debit Card,Delivered,2,5,Marketplace
O001906,1,2026-08-16,C00506,P0060,1,17462.89,0.2,Debit Card,Delivered,4,3,Web
O000876,3,2026-04-24,C01475,P0123,1,9334.62,0.05,UPI,Delivered,6,3,web
O002987,1,2025-09-29,C01958,P0085,1,9796.24,0.25,Debit Card,Delivered,6,3,APP
O003272,1,2025-09-21,C01295,P0115,1,4767.79,0.05,Cash on Delivery,Returned,5,3,APP
O005375,1,2025-12-28,C01332,P0040,1,12758.84,0.25,COD,Cancelled,,,APP
O003423,2,2026-07-27,C00143,P0016,2,20022.99,0.15,Wallet,Delivered,4,4,APP
O002233,2,2025-07-12,C00117,P0092,2,4042.42,0.15,Debit Card,Delivered,5,3,App
O001667,1,2025-09-25,C00765,P0019,1,25801.21,0,credit card,Delivered,3,3,APP
O001268,2,2026-03-22,C01903,P0100,1,13634.55,0.5,Debit Card,Delivered,6,2,web
O005376,3,2025-12-20,C01723,P0053,1,7342.98,0.05,Debit Card,Delivered,6,3,Marketplace
O005149,1,2026-06-21,C01879,P0139,2,3678.45,0.05,,Returned,3,4,Web
O005047,1,2025-01-13,C00287,P0040,1,12873.72,0,credit card,Delivered,2,4,APP
O005800,1,2025-04-04,C00524,P0031,2,23105.93,0.2,Wallet,Returned,5,2,web
O001058,2,2025-10-25,C01537,P0039,1,12565.09,0.2,COD,Delivered,5,3,web
O005204,1,2025-10-09,C01790,P0094,1,6013.84,0.15,upi,Delivered,5,3,web
O006281,1,2026-03-23,C00132,P0003,2,18817.42,0.25,credit card,Returned,3,4,web
O000511,1,2026-02-21,C00848,P0053,1,7346.92,0.1,Wallet,Delivered,5,2,web
O002714,2,2025-09-13,C01819,P0131,1,18149.49,0,Cash on Delivery,Delivered,5,4,web
O004232,1,2025-11-21,C00981,P0033,1,637.27,0.1,credit card,Delivered,4,3,Marketplace
O000980,2,2026-02-21,C01024,P0034,1,8699.89,0.2,Cash on Delivery,Delivered,2,4,web
O001097,4,2026-08-29,C01209,P0078,1,25261.01,0.2,Credit Card,Delivered,1,5,App
O002443,3,2025-01-06,C01754,P0099,1,19959.04,0.15,Credit Card,Delivered,8,2,Web
O006368,2,2026-01-18,C00013,P0069,1,11337.31,0.05,upi,Returned,5,3,Marketplace
O006400,1,2025-09-18,C01071,P0098,2,12506.82,0,upi,Delivered,4,3,web
O002906,1,2025-01-26,C00706,P0027,4,19878.47,0.1,Debit Card,Delivered,7,2,Web
O004420,1,2026-05-22,C00660,P0050,1,17761.41,0,COD,Delivered,2,4,APP
O003227,3,2025-08-29,C00045,P0038,1,342.63,0.05,credit card,Delivered,1,5,Marketplace
O000790,1,2025-07-23,C00846,P0004,1,19098.76,0.2,Wallet,Returned,7,2,Marketplace
O004061,1,2026-06-10,C00727,P0049,1,1508.72,0.15,credit card,Delivered,3,4,web
O004106,1,2026-06-15,C01628,P0043,1,15686.36,0.1,upi,Delivered,4,3,Marketplace
O003193,2,2026-04-17,C01798,P0048,2,1004.36,0.1,Debit Card,Delivered,7,2,Marketplace
O005776,1,2025-10-12,C01699,P0046,1,4066.28,0.1,upi,Delivered,7,3,Web
O002866,1,2026-05-22,C01520,P0059,1,17096.09,0,COD,Delivered,6,2,web
O004680,2,2025-06-27,C00883,P0117,2,3448.39,0.2,UPI,Delivered,5,3,APP
O000136,1,2026-06-08,C01879,P0040,1,13135.81,0.15,upi,Cancelled,,,App
O002611,1,2025-03-13,C00923,P0114,2,1232.1,0.3,upi,Delivered,4,4,App
O006127,2,2025-08-06,C00485,P0113,1,3151.54,0.05,UPI,Returned,4,4,Web
O004778,2,2026-05-03,C01874,P0079,2,7495.34,0.05,Credit Card,Delivered,,,App
O005500,1,2025-09-11,C00868,P0118,1,3155.61,0.1,Cash on Delivery,Cancelled,,,APP
O000835,1,2025-07-29,C01123,P0130,1,17712.33,0.1,Cash on Delivery,Delivered,2,,App
O005072,2,2026-01-23,C01060,P0030,5,15115.03,0.05,Debit Card,Delivered,5,3,APP
O005262,1,2025-03-08,C01388,P0001,1,9485.56,0,credit card,Delivered,4,3,App
O005046,1,2026-03-04,C00218,P0118,1,3177.98,0.25,Wallet,Returned,7,2,APP
O005723,2,2026-06-07,C00736,P0059,1,17500.92,0,credit card,Delivered,4,4,Marketplace
O004080,1,2026-08-08,C00691,P0067,2,11205.81,0.05,upi,Delivered,5,2,web
O002670,1,2025-12-01,C00837,P0074,1,10856.59,0.2,Cash on Delivery,Cancelled,,,APP
O000244,3,2025-11-26,C01435,P0139,4,3456.89,0.1,upi,Returned,4,3,Marketplace
O001308,3,2026-05-12,C01304,P0119,2,19246.69,0.05,Cash on Delivery,Delivered,4,,App
O006125,1,2025-04-29,C01689,P0055,1,8956.7,0.3,Cash on Delivery,Cancelled,,,web
O000566,1,2026-03-07,C01533,P0068,3,9283.85,0.2,Wallet,Delivered,4,3,Web
O001291,2,2026-02-07,C01474,P0055,1,8883.37,0.15,Wallet,Delivered,6,2,APP
O001252,1,2026-05-12,C01096,P0014,2,5466.49,0.15,Cash on Delivery,Delivered,5,3,web
O003263,1,2026-03-03,C00008,P0007,1,11282.38,0.05,credit card,Delivered,3,3,APP
O002943,2,2026-07-14,C01765,P0067,1,10652.84,0.05,Credit Card,Returned,3,4,Marketplace
O002291,1,2026-05-07,C01608,P0099,1,19772.29,0.25,credit card,Delivered,8,,web
O002328,1,2025-11-29,C00495,P0067,1,11382.27,0.1,credit card,Delivered,3,4,APP
O000936,1,2025-09-02,C00496,P0131,1,18236.86,0.15,upi,Delivered,3,4,App
O003197,2,2025-12-13,C01511,P0027,1,19546.74,0.1,upi,Delivered,3,4,Web
O005709,1,2026-03-23,C01497,P0102,2,17329.16,0.2,COD,Returned,6,2,APP
O006474,1,2025-08-30,C00724,P0120,3,12538.84,0.15,Debit Card,Delivered,2,4,App
O000078,1,2025-02-28,C00706,P0025,2,4015.23,0.65,credit card,Delivered,2,4,web
O003801,2,2026-02-17,C01954,P0036,1,17942.27,0.15,upi,Delivered,3,4,APP
O004769,1,2025-08-26,C00908,P0025,1,4009.27,0.1,upi,Delivered,3,4,App
O001818,1,2025-11-02,C01718,P0060,1,16418.85,0.05,Debit Card,Delivered,7,2,App
O002648,1,2025-05-29,C00239,P0005,1,5112.34,0.3,COD,Delivered,8,1,web
O001077,1,2025-04-24,C01927,P0018,2,14355.37,0.2,COD,Delivered,7,2,web
O000864,2,2025-02-21,C00855,P0114,1,1227.05,0,credit card,Delivered,5,3,Marketplace
O005706,1,2025-07-02,C01669,P0047,1,28319.57,0.15,Cash on Delivery,Delivered,3,5,Marketplace
O006184,2,2026-02-10,C01737,P0024,1,21145.55,0.1,Cash on Delivery,Delivered,1,4,web
O005554,2,2025-05-11,C01164,P0136,1,13698.18,0,COD,Delivered,4,3,web
O002264,1,2025-12-30,C00412,P0032,2,21472.75,0,Cash on Delivery,Delivered,3,4,App
O004457,1,2026-01-27,C01881,P0045,2,29456.55,0.05,Wallet,Delivered,5,3,Marketplace
O000466,1,2025-01-26,C00763,P0135,2,3483.45,0.3,credit card,Delivered,4,4,web
O005077,1,2026-01-03,C01883,P0011,4,16688.92,0.1,Debit Card,Returned,5,4,Web
O001569,1,2026-08-10,C00702,P0109,1,14987.88,0.2,credit card,Delivered,6,3,APP
O005318,3,2025-08-20,C00899,P0089,2,18447.87,0,Credit Card,Delivered,3,4,APP
O002853,1,2025-12-26,C00557,P0064,2,4606.84,0.3,Cash on Delivery,Delivered,7,2,App
O005729,1,2025-04-24,C01776,P0118,3,3067.35,0,COD,Delivered,6,2,Web
O001784,2,2026-06-22,C01948,P0070,3,4219.57,0.1,upi,Delivered,6,,Marketplace
O001141,1,2026-04-22,C01745,P0057,1,4687.12,0.15,credit card,Returned,1,5,App
O002402,4,2025-07-22,C00463,P0033,1,602.96,0.05,UPI,Delivered,1,5,Web
O004419,2,2026-05-09,C01259,P0034,1,8096.4,0.05,credit card,Delivered,5,3,web
O004698,1,2026-07-01,C00906,P0112,2,21250.81,0.1,Credit Card,Delivered,7,2,App
O004130,3,2025-05-02,C00426,P0067,1,11402.68,0,upi,Delivered,4,3,APP
O002238,1,2026-03-09,C01736,P0135,2,3437.71,0,Cash on Delivery,Delivered,6,3,Web
O000140,2,2025-03-18,C00389,P0026,2,14066.94,0.05,Credit Card,Delivered,3,4,APP
O000033,2,2025-07-18,C00316,P0022,1,5188.15,0.05,Wallet,Returned,5,4,Web
O001287,1,2025-12-31,C00125,P0068,1,9491.54,0.5,credit card,Delivered,6,2,Web
O000322,1,2026-08-13,C01798,P0029,1,5032.6,0.1,Debit Card,Delivered,4,4,Web
O001134,1,2025-01-28,C01279,P0125,2,4482.84,0,Cash on Delivery,Delivered,1,4,APP
O005437,1,2025-03-31,C01644,P0009,1,14940.04,0.65,Cash on Delivery,Delivered,7,2,Web
O002171,2,2026-01-23,C01503,P0110,1,8245.3,0.3,Wallet,Returned,1,4,APP
O002191,1,2026-06-17,C01166,P0052,1,19174.15,0,Wallet,Cancelled,,,Web
O004272,1,2025-10-20,C00723,P0012,1,7662.03,0.15,,Cancelled,,,App
O001958,3,2025-01-19,C00944,P0014,1,5868.65,0.1,Wallet,Delivered,2,5,Web
O005393,1,2025-10-20,C01813,P0124,1,13911.94,0,upi,Delivered,5,2,App
O002289,3,2025-01-21,C01237,P0019,2,25456.17,0,Cash on Delivery,Delivered,4,3,Web
O004706,1,2025-11-28,C01278,P0135,1,3532.54,0.25,credit card,Delivered,4,4,Web
O004815,2,2026-01-02,C00533,P0100,1,14028.3,0.05,UPI,Delivered,8,1,Marketplace
O002996,1,2025-12-19,C00500,P0141,1,12740.24,0,upi,Delivered,1,5,Marketplace
O005725,3,2025-11-09,C01612,P0040,1,13404.02,0.1,COD,Delivered,,,Marketplace
O000272,3,2026-05-26,C00510,P0110,2,8614.03,0,Debit Card,Delivered,1,5,web
O000820,4,2026-01-09,C00689,P0032,1,20671.93,0.2,Debit Card,Delivered,2,4,Web
O002491,1,2026-07-09,C00638,P0112,2,22205.47,0.2,credit card,Delivered,4,4,Marketplace
O003740,1,2026-06-14,C00231,P0101,1,8293.22,0.2,Credit Card,Delivered,3,4,APP
O003505,3,2026-03-31,C00655,P0141,2,13298.86,0.1,Cash on Delivery,Delivered,6,3,Web
O006278,1,2026-07-07,C00255,P0054,1,13383.62,0.15,Debit Card,Delivered,1,5,Marketplace
O003586,1,2026-08-21,C01853,P0075,1,11020.58,0.15,credit card,Delivered,7,,Web
O000991,2,2025-05-31,C01637,P0099,3,19732.15,0,upi,Delivered,4,3,Marketplace
O006052,1,2026-01-31,C01970,P0092,3,4022.85,0,Cash on Delivery,Delivered,5,3,Web
O001693,2,2026-04-30,C00913,P0089,1,17631.26,0.3,Debit Card,Delivered,2,5,Web
O001328,2,2025-09-20,C01386,P0054,1,12661.79,0,Credit Card,Delivered,2,5,Marketplace
O000176,1,2025-07-17,C01050,P0035,3,17316.01,0.2,Cash on Delivery,Delivered,4,4,App
O004666,2,2025-03-01,C00805,P0036,2,18847.36,0.65,Debit Card,Returned,6,3,APP
O004365,2,2025-09-21,C00983,P0045,3,28307.06,0,COD,Delivered,2,4,APP
O003640,3,2026-06-05,C01123,P0124,1,14021.76,0.5,Debit Card,Delivered,2,,Marketplace
O003211,1,2026-05-23,C00635,P0025,3,3922.58,0.2,Credit Card,Delivered,4,4,Marketplace
O002599,2,2025-07-30,C00111,P0038,2,342.14,0,credit card,Delivered,4,3,web
O005949,1,2025-10-22,C00923,P0089,1,18238.04,0.15,Wallet,Delivered,3,4,APP
O003964,3,2025-03-15,C01904,P0034,1,8335.71,0.3,Wallet,Delivered,3,4,App
O003929,1,2025-09-08,C01278,P0024,3,20461.72,0.05,Credit Card,Cancelled,,,APP
O001274,1,2025-05-19,C00793,P0008,1,23025.99,0.1,upi,Delivered,8,2,APP
O006337,2,2025-09-08,C00257,P0063,1,17356.52,0,Cash on Delivery,Delivered,5,3,Web
O002304,1,2025-02-16,C00516,P0105,3,25898.38,0.1,credit card,Delivered,7,2,web
O002925,1,2025-01-16,C01253,P0011,1,17347.36,0.15,upi,Delivered,8,2,App
O006381,1,2025-03-01,C00395,P0099,1,19744.12,0.05,Debit Card,Delivered,4,3,Marketplace
O000281,3,2026-05-17,C01016,P0108,1,21653.77,0.05,Credit Card,Delivered,7,2,App
O005002,3,2026-07-31,C01793,P0024,1,20045.29,0,credit card,Delivered,5,4,APP
O003027,1,2026-01-20,C00171,P0132,1,19462.83,0.1,COD,Returned,5,3,Marketplace
O003833,2,2026-07-09,C01958,P0069,1,11797.14,0,Debit Card,Delivered,8,2,web
O003739,3,2026-06-18,C00576,P0071,2,11206.39,0.15,Cash on Delivery,Delivered,4,4,App
O003914,1,2026-04-09,C00680,P0004,1,19362.02,0.15,COD,Returned,3,4,Web
O001289,1,2025-02-20,C01651,P0064,1,4852.37,0.15,Cash on Delivery,Cancelled,,,Web
O005192,1,2025-10-17,C01875,P0067,1,10809.39,0.05,Cash on Delivery,Delivered,2,5,App
O001190,2,2025-04-17,C01908,P0004,1,18044.25,0.2,Debit Card,Delivered,6,2,web
O001934,1,2026-04-10,C00193,P0088,3,25648.38,0.1,COD,Delivered,4,3,APP
O004039,1,2025-02-12,C01218,P0064,2,4619.41,0.25,UPI,Delivered,3,4,APP
O000590,1,2025-08-17,C00446,P0138,1,1002.35,0.15,Debit Card,Returned,2,5,web
O003729,3,2025-01-31,C01215,P0078,1,25060.21,0.05,Wallet,Delivered,2,4,Web
O001923,1,2026-08-27,C01965,P0061,4,21858.07,0.1,Cash on Delivery,Delivered,4,,web
O001940,1,2025-02-26,C00864,P0030,1,14709.27,0,Cash on Delivery,Delivered,1,5,Web
O002965,1,2025-05-09,C00615,P0097,2,3625.21,0.05,UPI,Delivered,2,5,Marketplace
O000093,3,2026-01-01,C01670,P0133,1,3657.5,0.05,Wallet,Delivered,3,,Marketplace
O003147,2,2026-07-20,C01676,P0144,2,8470.06,0.2,COD,Delivered,6,3,Marketplace
O005939,1,2025-09-17,C00633,P0125,1,4449.37,0.1,Credit Card,Delivered,4,3,Web
O001702,1,2026-05-16,C00961,P0089,2,18654.41,0.05,upi,Returned,5,3,Web
O006456,1,2025-07-02,C01065,P0104,1,4990.03,0.1,,Delivered,4,3,Web
O005618,1,2026-02-27,C00389,P0024,3,21484.93,0.05,UPI,Delivered,3,4,Web
O003735,1,2026-06-28,C01291,P0098,4,12464.57,0,Credit Card,Delivered,2,,web
O005798,1,2026-06-12,C00095,P0141,5,13134.02,0.15,Wallet,Delivered,3,4,Web
O004791,2,2026-08-06,C00070,P0052,1,18915.61,0.15,UPI,Delivered,6,3,web
O000398,1,2026-07-15,C00113,P0018,2,14148.42,0.1,upi,Delivered,3,4,Marketplace
O004376,1,2025-03-26,C00351,P0130,1,17478.84,0.15,Credit Card,Cancelled,,,APP
O002068,2,2025-12-12,C00620,P0101,1,8061.14,0.25,COD,Delivered,7,2,web
O000992,3,2025-03-25,C00851,P0139,2,3585.47,0.2,Debit Card,Delivered,5,3,App
O004055,1,2026-06-27,C01196,P0113,1,3145.19,0,Cash on Delivery,Delivered,4,4,Marketplace
O000806,1,2025-02-15,C01287,P0110,2,8365.68,0.1,Cash on Delivery,Delivered,4,3,Web
O002959,2,2025-02-24,C01402,P0096,1,2905.09,0.2,Credit Card,Delivered,3,4,web
O000920,1,2025-08-20,C01334,P0103,3,28001.61,0.25,COD,Delivered,7,2,App
O004053,1,2026-04-19,C01690,P0022,1,5448.44,0.1,Wallet,Delivered,3,4,Marketplace
O003028,1,2025-02-04,C00151,P0036,1,17838.37,0.3,Credit Card,Delivered,5,4,App
O005746,1,2026-05-22,C01657,P0129,1,15067.08,0,Debit Card,Delivered,8,2,Marketplace
O004874,2,2026-02-22,C00456,P0045,2,27467.26,0.2,Debit Card,Delivered,5,4,App
O002461,2,2026-01-07,C01029,P0132,1,18836.84,0.15,upi,Delivered,5,4,Marketplace
O001049,1,2025-04-23,C01363,P0097,5,3546.23,0,Cash on Delivery,Delivered,5,3,APP
O001948,2,2025-08-06,C01154,P0133,1,3843.65,0.05,upi,Delivered,6,3,Marketplace
O002116,2,2025-07-03,C01392,P0024,1,20018.53,0.25,Cash on Delivery,Delivered,3,4,web
O004793,2,2025-09-18,C01947,P0069,3,11392.08,0.1,UPI,Delivered,2,5,Web
O000182,2,2025-02-05,C01341,P0011,1,17240.95,0.15,Credit Card,Delivered,6,3,App
O002362,2,2025-08-03,C00242,P0093,1,23032.37,0.15,Credit Card,Delivered,3,5,App
O001916,3,2026-05-18,C00153,P0021,1,21549.92,0.1,Credit Card,Delivered,6,2,Marketplace
O002584,1,2026-07-06,C00982,P0071,3,10790.18,0.3,UPI,Delivered,4,4,Web
O003980,1,2025-02-24,C01751,P0107,1,24085.4,0.2,upi,Delivered,3,3,Marketplace
O002259,1,2026-08-16,C01255,P0118,1,3051.4,0.05,Debit Card,Delivered,8,2,Marketplace
O001050,1,2025-07-09,C00847,P0072,3,12441.61,0,credit card,Delivered,4,4,App
O002255,2,2025-10-22,C01499,P0052,2,19500.22,0.25,upi,Delivered,4,3,Marketplace
O001962,2,2025-08-31,C00814,P0096,1,2915.9,0.05,upi,Delivered,5,2,App
O004817,1,2025-03-09,C00181,P0043,1,16218.87,0.2,Cash on Delivery,Delivered,3,3,APP
O005054,1,2025-05-01,C01217,P0016,2,20807.04,0.1,Cash on Delivery,Delivered,1,5,web
O005995,2,2026-06-27,C01056,P0112,1,22411.38,0.2,credit card,Delivered,8,1,Web
O004623,1,2026-04-02,C00145,P0139,1,3524.81,0,Wallet,Delivered,5,4,Web
O002557,2,2025-12-10,C00757,P0024,1,20714.87,0.05,Debit Card,Cancelled,,,APP
O000884,1,2025-01-25,C01115,P0017,1,3140.15,0.15,UPI,Delivered,8,2,APP
O000818,2,2025-11-14,C01166,P0112,1,21335.59,0.1,Cash on Delivery,Delivered,6,2,web
O005964,1,2025-07-23,C00691,P0103,5,26392.12,0.05,Debit Card,Delivered,2,4,Marketplace
O001438,3,2026-05-06,C01290,P0019,1,24539.87,0.1,Credit Card,Delivered,5,3,App
O005324,1,2025-08-15,C01924,P0015,1,22331.4,0.15,upi,Delivered,8,2,App
O001753,1,2025-11-12,C00999,P0011,3,17157.75,0,Wallet,Delivered,5,3,APP
O002077,2,2025-06-29,C01902,P0078,1,25004.24,0.15,Debit Card,Returned,5,3,App
O002860,2,2025-03-15,C00471,P0118,1,3185.08,0.65,credit card,Delivered,2,4,Web
O003747,2,2026-08-30,C01779,P0083,1,5711.55,0.05,Wallet,Delivered,4,3,App
O001535,1,2025-11-04,C01371,P0104,1,4974.38,0.05,Debit Card,Delivered,6,2,Marketplace
O001756,2,2025-09-28,C01297,P0101,1,8176.13,0.25,COD,Delivered,6,3,web
O006220,1,2026-04-21,C01764,P0004,1,18013.06,0.1,COD,Delivered,4,4,Web
O003894,1,2026-03-07,C00536,P0071,4,11341.68,0.15,upi,Delivered,4,3,web
O005011,2,2026-07-29,C00170,P0048,1,949.78,0.05,COD,Delivered,1,4,APP
O001789,1,2026-07-26,C00715,P0070,3,4308.51,0.05,upi,Delivered,8,2,APP
O000001,1,2025-08-16,C01437,P0093,1,24016.74,0.05,Debit Card,Delivered,6,3,App
O005656,4,2025-10-12,C00510,P0090,1,4935.2,0.1,credit card,Delivered,5,3,App
O005474,2,2026-07-23,C00302,P0013,3,5492.39,0.25,UPI,Delivered,4,4,Marketplace
O005304,1,2025-09-19,C00459,P0039,1,11940.15,0.05,Credit Card,Delivered,5,3,App
O001600,1,2026-01-23,C00977,P0015,1,22123.6,0.2,COD,Delivered,5,3,web
O000926,1,2025-11-09,C00372,P0001,2,8982.18,0.3,Cash on Delivery,Delivered,4,4,web
O004921,3,2025-06-16,C01727,P0039,2,12770.32,0.25,upi,Delivered,4,4,APP
O005150,3,2026-01-08,C01733,P0119,2,19495.95,0,Cash on Delivery,Delivered,7,2,web
O004895,1,2025-07-08,C00661,P0066,1,23003.67,0.15,UPI,Delivered,1,4,APP
O005477,1,2025-02-13,C01542,P0117,2,3470.32,0.1,upi,Delivered,1,4,Marketplace
O005144,2,2025-01-21,C00047,P0062,1,19049.46,0.25,COD,Delivered,5,2,Web
O006168,1,2025-10-28,C00224,P0061,2,22158.01,0,Wallet,Cancelled,,,web
O005155,3,2026-03-29,C01095,P0017,3,3164.47,0.15,Cash on Delivery,Returned,5,4,APP
O000701,1,2025-04-28,C00616,P0042,1,7205.47,0.3,Debit Card,Delivered,5,4,App
O000402,1,2026-02-07,C00600,P0037,1,18783.17,0.25,Wallet,Delivered,5,4,APP
O005691,3,2026-07-07,C01938,P0090,1,4851.55,0.05,Wallet,Delivered,1,4,APP
O005346,1,2026-07-25,C01462,P0027,1,19028.7,0.15,upi,Delivered,3,4,web
O001014,1,2025-12-18,C01851,P0080,1,22854.94,0.1,Credit Card,Delivered,3,3,Marketplace
O004965,1,2026-01-28,C01614,P0143,1,3976.67,0,upi,Delivered,2,5,App
O001973,1,2025-11-05,C00871,P0021,3,21640.49,0.05,Cash on Delivery,Delivered,3,3,App
O003064,1,2025-06-23,C01242,P0006,1,19895.64,0.1,Debit Card,Delivered,4,4,APP
O000663,2,2025-09-12,C01375,P0086,2,3592.14,0,Debit Card,Delivered,5,3,Web
O002470,3,2025-06-30,C01252,P0088,1,26131.68,0.05,Wallet,Delivered,3,4,web
O000571,1,2025-05-27,C00442,P0103,4,26955.29,0.5,credit card,Delivered,5,4,Web
O004920,1,2025-10-15,C01916,P0133,2,3925.47,0.1,Credit Card,Delivered,4,3,Web
O000846,1,2025-03-12,C00118,P0141,1,12945.52,0,COD,Delivered,5,3,Marketplace
O001108,1,2026-06-18,C01077,P0135,5,3349.2,0.1,Credit Card,Cancelled,,,App
O004904,1,2025-03-20,C00876,P0016,1,19703.41,0.2,upi,Cancelled,,,APP
O001403,1,2025-11-25,C00521,P0054,1,12902.9,0,UPI,Delivered,5,,Marketplace
O001242,1,2025-09-25,C00032,P0070,1,4352.98,0.05,Cash on Delivery,Returned,1,5,App
O002296,2,2026-04-11,C01757,P0060,3,16263.31,0.65,Debit Card,Delivered,6,3,Web
O002370,1,2025-08-17,C01433,P0138,2,995.84,0.05,UPI,Delivered,6,2,App
O003316,1,2026-02-21,C00164,P0029,1,5051.75,0,upi,Returned,7,2,web
O002872,2,2025-02-15,C00776,P0005,1,5354.77,0,COD,Delivered,6,3,Marketplace
O006155,2,2025-08-25,C00262,P0043,1,16331.03,0,UPI,Delivered,3,4,Marketplace
O000538,1,2026-08-07,C01922,P0040,2,13146.19,0,upi,Delivered,3,4,web
O004643,4,2026-08-11,C01679,P0127,1,13819.89,0.05,Cash on Delivery,Delivered,2,4,Web
O005739,2,2025-04-14,C00055,P0038,3,326.73,0,UPI,Delivered,7,2,Marketplace
O004916,1,2026-01-08,C00859,P0109,2,14192.86,0.25,Debit Card,Delivered,4,3,Web
O004405,2,2025-04-08,C01532,P0128,1,14681.29,0.2,COD,Returned,6,,web
O002480,1,2025-09-16,C01894,P0107,1,23521.18,0,COD,Delivered,5,4,Marketplace
O001047,1,2026-01-13,C00124,P0054,1,12915.94,0.1,UPI,Delivered,5,3,Marketplace
O001826,2,2025-01-29,C01457,P0067,2,10750.42,0.3,credit card,Delivered,6,2,APP
O003954,1,2025-10-05,C00954,P0004,2,18068.98,0,,Delivered,7,3,Web
O002262,3,2025-02-20,C01020,P0096,1,2865.24,0.2,COD,Delivered,7,1,App
O006297,1,2026-03-21,C00654,P0143,1,4137.88,0.1,,Delivered,4,4,Web
O004735,1,2026-04-22,C01425,P0028,1,8706.16,0.2,Cash on Delivery,Delivered,5,3,Web
O004151,1,2025-07-16,C00904,P0092,2,4061.45,0.05,Credit Card,Delivered,6,2,Marketplace
O003655,1,2025-10-18,C00869,P0080,2,22712.51,0,Credit Card,Delivered,4,4,web
O005165,1,2025-10-29,C01082,P0039,3,12129.11,0.65,Credit Card,Delivered,5,3,App
O000119,1,2026-07-04,C01626,P0072,1,11951.2,0.1,COD,Delivered,3,4,App
O003769,4,2026-02-19,C00083,P0042,1,6858.32,0,Credit Card,Delivered,4,3,APP
O001784,1,2026-06-22,C01948,P0118,1,2965.53,0.1,upi,Delivered,6,,Marketplace
O006288,2,2026-06-14,C01509,P0122,1,1203.6,0.2,Cash on Delivery,Delivered,,,App
O000314,2,2025-07-17,C01673,P0088,4,24932.35,0.1,Debit Card,Delivered,4,4,web
O005905,1,2025-03-01,C01879,P0036,1,19050.59,0.15,upi,Delivered,6,,App
O000070,1,2026-04-13,C00685,P0023,2,26032.38,0,Wallet,Delivered,4,4,Web
O002751,2,2025-08-11,C00262,P0075,3,10649.58,0.05,credit card,Delivered,2,4,APP
O002944,2,2025-10-28,C00394,P0045,2,28597.23,0.05,Debit Card,Delivered,6,3,Web
O005895,1,2025-09-26,C01800,P0059,1,17985.67,0.15,Debit Card,Delivered,7,2,Marketplace
O003957,2,2026-02-09,C00365,P0086,2,3783.89,0.2,UPI,Delivered,5,3,Marketplace
O003810,1,2025-10-19,C01131,P0123,1,9303.89,0.1,UPI,Delivered,6,3,Marketplace
O005594,2,2025-06-26,C00498,P0020,2,25440.44,0.15,Debit Card,Delivered,3,4,APP
O004751,2,2026-04-04,C00154,P0057,2,4588.38,0.1,Wallet,Delivered,3,4,Web
O006299,1,2025-01-24,C00866,P0091,1,251.11,0.3,Credit Card,Delivered,4,,web
O000608,1,2025-08-20,C00037,P0106,1,2449.1,0.15,Debit Card,Delivered,6,3,App
O000379,1,2025-02-13,C00170,P0097,2,3493.59,0.2,Debit Card,Delivered,1,,App
O000454,3,2026-01-17,C00461,P0028,4,8749.65,0.25,upi,Cancelled,,,App
O003539,1,2026-08-06,C01501,P0054,2,13000.77,0.05,credit card,Delivered,7,2,Web
O003625,2,2025-06-03,C01500,P0060,1,17454.54,0.15,Debit Card,Returned,5,3,Web
O001851,4,2025-01-11,C01074,P0070,1,4357.85,0,Wallet,Delivered,6,2,APP
O005506,1,2025-10-20,C00441,P0060,2,16354.4,0.05,Wallet,Delivered,7,,App
O002568,2,2026-02-16,C01843,P0130,4,17999.43,0,COD,Delivered,4,3,APP
O003559,1,2026-01-20,C00493,P0129,1,15395.86,0,COD,Delivered,4,4,App
O001745,2,2025-03-24,C01948,P0037,1,17794.04,0,COD,Delivered,5,3,Marketplace
O005915,2,2025-10-23,C00162,P0055,1,9188.17,0.1,Cash on Delivery,Delivered,7,2,APP
O006087,2,2025-01-29,C01361,P0010,1,23788.12,0.15,UPI,Returned,3,4,Web
O001820,3,2026-02-03,C01760,P0143,3,4086.16,0.1,Wallet,Delivered,4,4,App
O005731,2,2025-11-10,C00723,P0097,2,3569.53,0.2,upi,Delivered,4,3,web
O006366,2,2025-11-14,C00544,P0142,1,11518.39,0.2,COD,Delivered,2,4,APP
O005323,1,2025-05-27,C00994,P0075,1,10948.04,0.05,Credit Card,Returned,2,5,APP
O000174,3,2025-12-26,C00230,P0032,2,21106.65,0,credit card,Delivered,4,,Web
O000455,1,2025-06-15,C01043,P0014,1,5490.55,0.15,Cash on Delivery,Delivered,3,4,APP
O000735,1,2025-05-17,C00875,P0042,2,7134.95,0.05,COD,Delivered,9,1,Web
O000021,1,2025-11-22,C01332,P0107,3,24464.92,0,credit card,Delivered,3,4,Web
O003338,3,2025-03-18,C00505,P0006,2,19991.51,0.2,UPI,Delivered,5,4,App
O001574,1,2025-08-01,C01085,P0012,1,7932.06,0.15,Credit Card,Delivered,4,4,APP
O002371,2,2025-04-13,C00877,P0101,4,8511.19,0.25,COD,Delivered,4,3,Web
O005540,1,2026-06-10,C01668,P0108,1,21023.71,0.2,upi,Delivered,4,3,Marketplace
O001257,1,2026-07-03,C01874,P0002,2,10842.58,0.15,Debit Card,Delivered,2,5,App
O003231,3,2026-06-23,C01361,P0068,1,9066.68,0.25,upi,Delivered,3,,App
O002894,2,2025-03-03,C00606,P0107,1,22744.58,0.1,UPI,Returned,5,3,APP
O005670,1,2025-04-29,C00817,P0011,1,16725.77,0.2,Cash on Delivery,Delivered,8,2,Web
O000736,2,2026-02-11,C01253,P0066,5,22372.56,0.2,credit card,Returned,8,2,App
O004102,1,2025-06-21,C00872,P0061,3,22517.76,0.2,upi,Delivered,7,2,web
O006214,2,2025-03-07,C01560,P0006,2,20999.04,0.2,UPI,Delivered,7,2,web
O002764,1,2025-11-27,C00881,P0143,2,4033.16,0.15,Cash on Delivery,Delivered,2,4,Web
O004065,1,2025-12-26,C01801,P0126,1,2026.42,0.15,Wallet,Delivered,3,4,APP
O002585,1,2025-12-05,C01064,P0097,1,3585.85,0.15,upi,Returned,6,3,Web
O001337,1,2025-11-22,C01252,P0030,1,14665.24,0.05,UPI,Delivered,5,2,web
O005291,1,2025-02-15,C01696,P0068,1,9076.97,0.1,COD,Delivered,5,4,web
O000578,3,2025-01-04,C00169,P0071,1,10892.07,0.15,Wallet,Delivered,4,4,Web
O004524,1,2026-03-21,C01758,P0003,1,19621.86,0.1,Debit Card,Delivered,5,2,App
O001194,1,2025-06-26,C00590,P0010,1,23981.35,0.15,upi,Delivered,4,4,App
O002896,2,2025-11-28,C00515,P0011,1,17230.64,0.05,upi,Delivered,2,5,Marketplace
O000705,2,2026-05-05,C01171,P0023,1,27715.31,0,UPI,Delivered,2,5,App
O005767,1,2025-04-12,C01619,P0076,3,26937.67,0.15,credit card,Returned,5,3,web
O000452,1,2025-10-26,C01332,P0077,1,10996.04,0,Credit Card,Delivered,7,3,Web
O001330,1,2025-04-19,C01537,P0086,2,3636.55,0.05,Cash on Delivery,Delivered,3,3,APP
O002482,2,2026-04-16,C00503,P0026,2,13741.14,0.1,UPI,Delivered,2,,Web
O000803,1,2025-11-26,C00916,P0054,2,12413.91,0.2,COD,Cancelled,,,Web
O006310,1,2025-02-08,C00055,P0079,4,7554.95,0.1,UPI,Delivered,4,4,Web
O005409,1,2025-11-24,C01507,P0077,1,10808.57,0.15,COD,Delivered,,,App
O005377,2,2026-08-30,C01165,P0071,1,11550.47,0.25,upi,Delivered,4,4,App
O002135,3,2025-05-31,C01295,P0047,4,28927.2,0.15,upi,Delivered,4,4,App
O000616,1,2025-12-29,C01563,P0040,2,13008.91,0.05,Debit Card,Cancelled,,,Web
O004313,2,2025-07-22,C01181,P0105,1,25812.96,0.15,Cash on Delivery,Cancelled,,,Marketplace
O004842,1,2025-11-02,C00798,P0097,1,3479.22,0.2,UPI,Delivered,6,2,APP
O000723,1,2025-03-28,C01520,P0088,1,26413.76,0.25,Wallet,Delivered,4,,Web
O004444,1,2025-10-21,C00256,P0008,1,22788.8,0.05,Debit Card,Delivered,7,2,App
O000546,1,2025-02-12,C01062,P0010,1,23872.32,0.15,Wallet,Delivered,3,3,Web
O002860,1,2025-03-15,C00471,P0116,1,11986.13,0.15,credit card,Delivered,2,4,Web
O005865,2,2025-12-31,C00842,P0004,1,18595.8,0.5,UPI,Delivered,1,4,Web
O002204,2,2026-06-12,C01079,P0084,1,16073.93,0.05,Debit Card,Delivered,4,4,APP
O003948,1,2026-08-16,C01870,P0103,2,26569.65,0.2,Credit Card,Delivered,6,3,web
O002654,2,2025-02-21,C01440,P0032,1,20485.41,0.15,Credit Card,Delivered,4,3,web
O000766,2,2026-01-03,C00931,P0074,1,11233.88,0.1,Wallet,Returned,3,4,web
O000597,1,2025-02-06,C01928,P0089,2,17730.39,0.3,upi,Delivered,4,3,Marketplace
O006447,2,2026-03-16,C01225,P0041,1,20775.42,0.15,upi,Returned,3,4,Web
O006449,1,2025-01-08,C01927,P0016,1,20740.28,0.15,Cash on Delivery,Delivered,5,3,APP
O003381,3,2025-05-23,C00113,P0121,1,20956.34,0,Credit Card,Delivered,5,2,Marketplace
O004918,2,2025-05-05,C00560,P0025,1,3850.62,0.25,Credit Card,Returned,5,3,web
O005809,2,2026-08-17,C01805,P0142,2,11983.29,0,Wallet,Delivered,5,4,APP
O005840,1,2026-04-22,C00737,P0134,1,17784.6,0.25,upi,Delivered,5,3,web
O000526,4,2025-05-05,C01557,P0044,1,13529.07,0.2,Debit Card,Delivered,6,3,Marketplace
O003311,3,2025-11-13,C01289,P0096,2,2873.51,0.3,upi,Delivered,1,5,Marketplace
O001372,2,2026-02-03,C01021,P0071,1,11241.73,0.2,upi,Delivered,4,,Marketplace
O001851,3,2025-01-11,C01074,P0131,1,19130.05,0.2,Wallet,Delivered,6,2,APP
O003171,1,2025-05-06,C00772,P0048,2,0,0.05,UPI,Delivered,5,3,APP
O001306,2,2025-10-08,C00569,P0104,1,4827.61,0.5,COD,Delivered,3,4,web
O001808,3,2026-01-03,C00139,P0063,2,17560.23,0.2,upi,Delivered,5,3,APP
O002790,1,2026-06-06,C01491,P0093,2,22939.88,0.1,Credit Card,Delivered,3,4,Web
O005096,1,2026-07-06,C00361,P0020,1,25807.67,0.25,UPI,Delivered,1,,App
O003109,3,2026-02-24,C01587,P0009,1,14454.28,0,upi,Cancelled,,,Web
O002750,2,2025-12-27,C00857,P0024,2,20109.63,0.15,COD,Delivered,4,4,web
O003138,1,2026-06-06,C00802,P0069,1,11243.83,0.05,credit card,Delivered,1,4,App
O001328,1,2025-09-20,C01386,P0032,3,20555.83,0.15,Credit Card,Delivered,2,5,Marketplace
O005096,3,2026-07-06,C00361,P0099,1,19382.73,0.25,UPI,Delivered,1,,App
O004446,2,2026-06-10,C00832,P0099,1,19734.92,0.05,Cash on Delivery,Delivered,4,4,Web
O005942,1,2026-03-05,C00806,P0022,4,5494.65,0,UPI,Delivered,5,3,App
O004273,1,2025-04-19,C00780,P0084,1,17051.4,0.2,Debit Card,Delivered,5,3,Web
O006397,1,2026-07-05,C00550,P0059,4,17412.65,0,Debit Card,Delivered,1,5,Marketplace
O004679,1,2026-04-21,C01340,P0079,1,7518.79,0.25,,Delivered,7,2,Web
O004246,2,2025-10-16,C00013,P0011,1,16442.65,0.15,Wallet,Delivered,2,4,Marketplace
O004417,1,2026-03-22,C00762,P0139,1,3615.14,0.05,upi,Delivered,5,3,Marketplace
O005914,1,2025-07-28,C01943,P0115,1,4741.75,0,Wallet,Delivered,6,3,web
O001958,1,2025-01-19,C00944,P0012,1,8181.22,0.15,Wallet,Delivered,2,5,Web
O000334,1,2025-05-02,C00097,P0143,1,4222.61,0.1,Credit Card,Delivered,6,2,APP
O002832,2,2025-07-06,C00182,P0095,2,15601.18,0.15,Cash on Delivery,Delivered,,,Marketplace
O006433,1,2026-07-15,C01402,P0032,1,19899.64,0,credit card,Delivered,2,,web
O002587,1,2025-05-12,C00747,P0107,1,24164.95,0,Credit Card,Delivered,1,5,App
O005122,2,2026-06-14,C00727,P0089,1,18363.21,0.1,Debit Card,Delivered,5,,Web
O005679,1,2025-03-24,C01667,P0081,1,22005.86,0.15,upi,Delivered,7,2,App
O000295,1,2025-08-25,C01757,P0137,3,4842.38,0.3,Credit Card,Delivered,5,4,web
O000973,1,2025-04-14,C01535,P0111,4,1795.85,0.05,Cash on Delivery,Delivered,6,3,web
O003432,1,2026-06-21,C00189,P0038,4,329.18,0,COD,Delivered,7,2,Marketplace
O002296,1,2026-04-11,C01757,P0044,3,13765.9,0.15,Debit Card,Delivered,6,3,Web
O001384,3,2025-05-22,C01643,P0041,1,20421.12,0.15,upi,Delivered,2,4,Marketplace
O001653,3,2025-06-24,C00627,P0022,1,5463.37,0,credit card,Delivered,6,2,Marketplace
O003346,1,2026-03-02,C00496,P0131,1,18669.57,0.1,upi,Returned,5,4,App
O005472,1,2026-07-29,C00360,P0031,3,22528.27,0.5,credit card,Delivered,5,3,web
O002384,1,2025-09-02,C00537,P0045,1,28455.98,0,credit card,Delivered,9,1,Web
O005932,1,2025-02-25,C00726,P0010,2,24314.04,0.3,UPI,Returned,7,2,web
O003847,2,2025-02-18,C01178,P0114,1,1217.95,0.1,Cash on Delivery,Delivered,1,5,web
O004478,2,2026-03-30,C00738,P0103,1,26619.99,0.1,COD,Delivered,2,4,App
O004828,1,2025-09-05,C01113,P0069,1,11810.4,0.2,credit card,Cancelled,,,web
O005189,3,2025-03-14,C00517,P0005,1,5153.74,0.1,Cash on Delivery,Delivered,3,4,Web
O001185,1,2025-11-22,C00963,P0017,3,3199.11,0,COD,Delivered,4,4,web
O002301,2,2026-08-01,C00475,P0119,1,19165.06,0.2,upi,Delivered,1,4,App
O006357,2,2025-05-13,C01116,P0064,2,4680.22,0.5,Wallet,Delivered,5,3,Web
O003210,1,2026-06-27,C00411,P0057,1,4579.18,0.5,UPI,Delivered,7,2,APP
O003567,1,2026-01-24,C01542,P0141,1,13248.84,0.1,,Delivered,3,4,App
O003515,1,2025-12-04,C00858,P0064,4,4793.0,0.3,Credit Card,Delivered,3,4,APP
O005587,1,2025-09-01,C00905,P0127,2,14522.76,0,UPI,Delivered,7,2,Web
O001533,1,2025-06-29,C01670,P0104,1,5037.05,0.25,UPI,Delivered,4,4,App
O005236,1,2026-04-08,C00417,P0035,3,17441.07,0.2,Credit Card,Delivered,5,3,App
O000129,2,2026-04-04,C01018,P0082,1,14623.18,0,Credit Card,Delivered,4,3,web
O004053,2,2026-04-19,C01690,P0089,1,18016.84,0,Wallet,Delivered,3,4,Marketplace
O002160,2,2025-01-04,C01222,P0107,2,24341.09,0.05,Debit Card,Returned,2,5,App
O003762,1,2025-01-20,C01420,P0068,3,9044.12,0.25,UPI,Delivered,3,4,APP
O000749,1,2025-07-29,C00584,P0017,2,3124.75,0,Wallet,Cancelled,,,Web
O004254,1,2025-04-16,C01611,P0007,1,11584.67,0.05,COD,Delivered,6,,App
O003046,2,2026-05-26,C01925,P0134,2,18629.16,0.1,credit card,Delivered,4,4,APP
O003093,1,2025-12-05,C01326,P0082,3,15284.84,0.2,Wallet,Delivered,5,2,APP
O004762,2,2026-04-11,C00150,P0005,1,5116.65,0.1,COD,Cancelled,,,Marketplace
O004208,1,2025-02-09,C00825,P0130,3,18260.67,0.2,COD,Delivered,4,4,Marketplace
O002782,1,2025-09-21,C01852,P0110,1,8686.77,0,UPI,Delivered,2,5,web
O004268,2,2025-03-18,C00171,P0003,5,18791.82,0.1,Credit Card,Delivered,5,2,App
O000053,1,2025-12-26,C01932,P0001,1,9086.38,0,UPI,Delivered,2,4,App
O001125,1,2025-01-10,C00102,P0055,1,9419.12,0.2,credit card,Delivered,3,4,APP
O004359,1,2026-03-09,C00368,P0051,1,4035.63,0,COD,Delivered,2,4,web
O003283,1,2026-05-14,C01573,P0136,3,13835.86,0.05,COD,Delivered,,,Marketplace
O005301,2,2025-08-18,C01574,P0111,2,1857.42,0.05,upi,Delivered,4,4,web
O004312,1,2025-04-19,C00672,P0028,1,8314.32,0.15,Wallet,Delivered,3,4,Web
O004206,2,2025-01-23,C00300,P0026,3,14583.32,0.2,Credit Card,Delivered,6,2,Web
O000795,1,2025-12-22,C01026,P0050,1,17807.14,0.2,Wallet,Delivered,6,3,Marketplace
O005669,1,2025-04-23,C00928,P0134,1,18487.41,0.25,Credit Card,Delivered,3,4,App
O003274,1,2025-12-01,C00789,P0001,5,9089.01,0.2,credit card,Delivered,4,,Web
O002831,1,2025-04-20,C00353,P0114,1,1267.4,0.2,Credit Card,Delivered,5,3,web
O002369,1,2026-02-21,C01903,P0045,2,27710.0,0.1,Debit Card,Delivered,5,2,Web
O003797,1,2025-07-06,C01794,P0116,3,11713.5,0,credit card,Cancelled,,,App
O005431,1,2026-08-02,C00258,P0013,1,5500.84,0.25,upi,Delivered,3,4,APP
O004235,1,2025-03-19,C01107,P0066,1,22845.18,0,Wallet,Cancelled,,,Web
O003163,2,2025-08-05,C01595,P0090,4,4652.41,0.15,upi,Delivered,5,,App
O003404,1,2025-08-25,C01683,P0109,1,14411.24,0,Wallet,Delivered,4,3,APP
O004788,1,2025-03-01,C00467,P0079,2,7645.33,0.25,UPI,Delivered,5,3,Web
O003465,3,2025-03-23,C00476,P0066,1,21908.6,0.3,Wallet,Returned,7,3,APP
O003487,1,2026-05-01,C00859,P0037,4,17518.82,0.15,UPI,Delivered,4,4,Web
O001568,2,2025-07-09,C00261,P0011,1,17348.73,0.1,upi,Delivered,5,4,App
O006187,1,2026-05-01,C00722,P0095,1,15882.38,0.1,Debit Card,Delivered,1,5,Marketplace
O000962,2,2025-06-12,C01000,P0122,3,1171.08,0.1,Debit Card,Delivered,6,2,web
O005296,1,2025-02-27,C00503,P0049,2,1461.62,0.1,UPI,Delivered,4,4,Marketplace
O003682,2,2025-04-27,C01879,P0143,4,4104.93,0,COD,Delivered,6,3,App
O000119,3,2026-07-04,C01626,P0101,1,8016.0,0.05,COD,Delivered,3,4,App
O002981,1,2025-08-18,C00788,P0129,1,15199.38,0.2,Cash on Delivery,Delivered,5,3,APP
O000905,2,2026-01-09,C01644,P0091,2,250.06,0.05,Wallet,Delivered,3,,Marketplace
O000076,2,2025-05-15,C01894,P0051,2,4018.36,0.1,upi,Delivered,3,3,App
O000829,1,2025-05-20,C00546,P0120,1,13397.98,0.15,Wallet,Delivered,2,4,APP
O002409,1,2025-02-18,C00138,P0060,1,16359.56,0.15,COD,Delivered,7,2,Web
O000792,1,2025-07-18,C00939,P0131,1,19139.97,0,Debit Card,Delivered,5,2,APP
O004898,1,2026-08-27,C00105,P0087,1,6632.28,0,Cash on Delivery,Delivered,4,4,App
O005175,2,2025-11-03,C00088,P0109,1,14437.42,0.2,upi,Returned,5,3,Marketplace
O005113,1,2025-09-24,C00267,P0063,2,16459.47,0.25,Credit Card,Delivered,4,4,web
O003762,2,2025-01-20,C01420,P0065,1,17794.97,0.1,UPI,Delivered,3,4,APP
O005157,1,2026-05-01,C01153,P0029,1,4913.93,0.1,Wallet,Delivered,4,4,Web
O004549,2,2025-09-24,C01599,P0138,1,998.45,0.05,Debit Card,Returned,5,3,web
O005024,1,2026-07-01,C01317,P0069,1,11665.51,0,COD,Delivered,5,3,web
O002198,1,2026-05-14,C00886,P0079,2,7387.57,0.05,Cash on Delivery,Returned,6,3,Web
O000361,2,2026-01-05,C00364,P0046,1,4050.81,0.15,credit card,Delivered,9,2,Web
O001010,1,2026-01-05,C01039,P0140,1,13928.42,0.15,Wallet,Delivered,4,3,web
O003320,1,2025-03-06,C00351,P0118,1,3058.81,0.1,credit card,Delivered,5,3,App
O001109,2,2025-10-20,C00947,P0115,2,4601.6,0.65,credit card,Delivered,4,4,Web
O005232,1,2025-11-06,C01096,P0027,3,19705.88,0.15,,Cancelled,,,Marketplace
O000753,2,2026-04-01,C00561,P0082,1,15420.84,0.05,Debit Card,Delivered,4,3,Web
O005036,2,2025-11-22,C00777,P0021,2,21677.07,0.1,Debit Card,Delivered,3,4,App
O001451,2,2026-06-05,C00587,P0096,1,2959.09,0.15,UPI,Delivered,7,2,Web
O002085,1,2025-12-14,C01122,P0061,1,21422.47,0.2,upi,Delivered,2,4,Web
O001258,1,2026-01-29,C00566,P0073,4,9282.06,0.2,credit card,Delivered,4,4,web
O000783,1,2025-08-06,C01759,P0067,1,10834.29,0.2,Cash on Delivery,Delivered,5,3,Marketplace
O002431,3,2025-04-08,C00124,P0014,4,5592.62,0.15,Wallet,Delivered,8,2,Web
O003348,1,2025-05-06,C01659,P0126,4,2147.43,0.25,credit card,Delivered,5,4,Web
O004856,2,2026-06-12,C01610,P0099,1,20072.54,0.15,Wallet,Delivered,7,2,App
O002451,3,2025-07-07,C01816,P0117,1,3659.92,0.05,COD,Delivered,5,3,Web
O004355,1,2026-07-17,C00810,P0112,1,21786.17,0.25,Wallet,Delivered,5,3,Web
O004596,1,2025-08-09,C01091,P0107,1,23324.73,0.1,Cash on Delivery,Delivered,3,4,web
O005863,1,2026-05-23,C00053,P0036,1,19209.06,0.15,Cash on Delivery,Returned,3,4,Web
O004690,2,2025-05-04,C00823,P0123,2,9065.88,0.1,Wallet,Delivered,1,5,App
O000551,1,2026-01-08,C01586,P0007,4,11897.55,0.05,COD,Delivered,1,5,Marketplace
O004401,2,2026-08-11,C01366,P0141,1,12440.21,0.1,Cash on Delivery,Delivered,2,5,Marketplace
O001544,1,2026-01-04,C00318,P0011,5,16764.91,0.15,COD,Delivered,4,,Marketplace
O002592,1,2025-05-13,C01669,P0090,2,4683.25,0.15,credit card,Delivered,4,3,Marketplace
O001810,2,2025-05-07,C01204,P0021,1,22550.87,0,Wallet,Delivered,5,3,APP
O002235,1,2025-06-07,C00157,P0024,4,21286.09,0,Cash on Delivery,Delivered,2,5,App
O005556,1,2025-04-11,C00382,P0073,3,9064.75,0.05,Wallet,Delivered,2,4,Marketplace
O002179,2,2025-09-27,C00057,P0046,1,4084.61,0.25,Cash on Delivery,Delivered,7,2,web
O006092,1,2025-01-26,C01541,P0090,2,4633.23,0.15,Debit Card,Delivered,7,2,App
O005549,2,2026-02-01,C01927,P0037,1,18032.75,0.05,Wallet,Delivered,6,3,web
O005518,1,2025-05-13,C01575,P0139,1,3662.73,0.15,COD,Delivered,5,3,Web
O002112,2,2026-04-13,C01552,P0100,3,13387.19,0.1,Credit Card,Delivered,6,3,Marketplace
O001844,2,2025-10-19,C01147,P0115,1,4877.01,0.65,Wallet,Cancelled,,,web
O003635,2,2025-08-21,C00523,P0107,2,23623.96,0,COD,Delivered,6,,Web
O005801,1,2025-04-14,C01166,P0108,4,21404.32,0.5,UPI,Delivered,5,3,web
O001959,2,2025-12-23,C01582,P0115,1,4767.03,0.15,COD,Delivered,4,3,Web
O006429,1,2025-10-22,C00061,P0072,1,11786.65,0.15,Cash on Delivery,Delivered,7,3,Marketplace
O002032,2,2025-03-11,C00708,P0131,4,18461.64,0.15,Wallet,Delivered,10,1,APP
O001080,2,2026-04-01,C00757,P0109,2,14553.23,0.1,Credit Card,Delivered,1,5,APP
O004554,1,2025-11-11,C01796,P0040,1,13237.6,0.15,Credit Card,Delivered,2,4,web
O001419,1,2025-07-27,C00108,P0045,3,28477.04,0.25,COD,Delivered,6,3,Marketplace
O004811,3,2025-01-11,C01369,P0113,1,2975.4,0.1,UPI,Delivered,4,3,Marketplace
O004564,1,2026-04-13,C00330,P0071,1,11350.23,0.2,upi,Delivered,5,3,APP
O000263,3,2026-04-14,C01511,P0104,2,4890.04,0.05,UPI,Cancelled,,,Marketplace
O001865,1,2025-02-24,C00315,P0052,2,18739.96,0,COD,Delivered,5,3,App
O002767,4,2026-07-06,C00317,P0072,2,12475.13,0.15,UPI,Returned,5,3,web
O006143,2,2025-06-30,C01907,P0096,1,2960.42,0.25,Credit Card,Delivered,6,2,Web
O001007,2,2025-04-24,C01257,P0028,1,8367.52,0.15,Debit Card,Delivered,5,3,APP
O002942,1,2026-06-19,C01339,P0016,2,19930.84,0.1,credit card,Delivered,4,3,web
O000199,1,2025-03-29,C00262,P0045,1,27445.23,0,Credit Card,Delivered,5,4,web
O002206,1,2025-02-15,C01011,P0117,4,3631.23,0.1,Debit Card,Delivered,4,3,APP
O003908,1,2026-02-23,C01230,P0092,1,4066.75,0.05,Debit Card,Returned,4,4,APP
O000303,1,2025-09-03,C01563,P0048,2,960.87,0.1,Cash on Delivery,Delivered,3,5,web
O004534,3,2025-04-24,C01656,P0090,1,4691.08,0.1,Credit Card,Delivered,5,3,App
O002041,1,2025-10-30,C01798,P0120,1,12643.46,0.25,credit card,Delivered,6,3,Marketplace
O000528,1,2026-07-02,C01359,P0001,1,9266.21,0.2,Credit Card,Delivered,3,3,Marketplace
O004186,1,2026-01-24,C00566,P0102,1,17032.52,0,Credit Card,Delivered,6,3,App
O002649,1,2025-07-11,C01512,P0022,1,5307.41,0.05,UPI,Delivered,2,4,Marketplace
O000807,1,2025-07-20,C01650,P0055,2,8864.94,0.05,Debit Card,Delivered,6,3,Marketplace
O005743,3,2025-12-19,C00614,P0101,1,8093.28,0.1,Wallet,Delivered,4,4,Marketplace
O004407,1,2026-01-09,C01936,P0126,1,2026.56,0.05,upi,Delivered,5,,App
O003903,2,2025-12-21,C00766,P0127,2,13692.76,0.2,upi,Delivered,3,4,Marketplace
O004284,1,2026-03-24,C00263,P0111,1,1872.36,0.05,credit card,Delivered,4,3,Marketplace
O003965,1,2026-03-04,C00222,P0115,1,4896.71,0.2,Cash on Delivery,Delivered,6,2,App
O000532,1,2025-11-15,C01817,P0003,1,19120.5,0.05,Cash on Delivery,Delivered,2,4,web
O004918,1,2025-05-05,C00560,P0076,1,26080.05,0.15,Credit Card,Returned,5,3,web
O004159,1,2026-04-30,C01635,P0136,1,13461.59,0,credit card,Delivered,4,4,Marketplace
O000380,1,2025-01-04,C01984,P0070,1,4091.84,0.1,Cash on Delivery,Delivered,4,4,web
O004166,2,2025-12-10,C01138,P0090,1,4956.42,0,Wallet,Delivered,4,4,web
O000359,1,2025-09-07,C01502,P0056,1,10335.91,0.05,COD,Delivered,4,4,web
O006451,1,2026-08-27,C01343,P0015,2,22972.03,0.05,Wallet,Delivered,3,4,APP
O001494,2,2026-05-20,C00965,P0127,2,14392.82,0,credit card,Delivered,,,web
O004141,1,2026-07-05,C00493,P0092,2,3982.83,0.15,UPI,Delivered,4,3,Marketplace
O002188,1,2025-09-16,C00576,P0096,1,2943.68,0,credit card,Returned,4,4,APP
O006089,1,2026-05-12,C00086,P0136,1,13241.99,0.1,Credit Card,Delivered,5,3,App
O000955,1,2026-05-27,C00811,P0105,3,26140.69,0.1,Cash on Delivery,Delivered,4,4,Web
O001684,1,2026-07-31,C00602,P0056,1,10542.3,0.1,credit card,Delivered,4,3,Marketplace
O001375,2,2026-01-16,C00853,P0127,1,14447.6,0.2,Debit Card,Delivered,3,4,Web
O000034,1,2026-07-06,C00778,P0139,1,3503.21,0.15,upi,Delivered,7,2,web
O005806,2,2026-06-17,C00837,P0045,1,28060.29,0,COD,Delivered,5,2,web
O003439,1,2025-01-01,C00367,P0063,1,16941.68,0.05,Wallet,Delivered,6,2,web
O000260,1,2026-06-09,C00926,P0012,2,8022.65,0.25,Cash on Delivery,Delivered,3,4,Web
O001300,1,2025-04-12,C00740,P0115,2,4706.53,0.1,credit card,Delivered,2,5,APP
O005209,1,2025-11-09,C01279,P0010,1,23391.42,0.25,,Returned,4,3,App
O004696,2,2025-11-04,C01111,P0139,1,3512.95,0.2,Credit Card,Delivered,3,4,App
O001916,1,2026-05-18,C00153,P0083,2,5344.36,0.1,Credit Card,Delivered,6,2,Marketplace
O003342,1,2026-05-12,C01297,P0138,2,980.14,0.2,credit card,Delivered,4,4,App
O004515,2,2025-05-04,C01777,P0030,1,14600.02,0.2,upi,Delivered,2,4,App
O002104,1,2026-01-16,C00037,P0060,4,16890.29,0,credit card,Delivered,4,4,APP
O003523,1,2025-10-08,C01349,P0127,1,14721.6,0.05,upi,Delivered,4,3,APP
O002476,2,2026-07-24,C01425,P0106,1,2622.03,0.15,Cash on Delivery,Delivered,5,3,web
O000516,1,2025-12-31,C00743,P0016,1,19704.14,0.65,UPI,Delivered,5,3,App
O004133,1,2025-11-06,C00141,P0110,1,8179.51,0.2,Wallet,Delivered,3,,Web
O003868,1,2025-08-29,C01143,P0112,1,22726.16,0.1,Cash on Delivery,Returned,3,3,Web
O001464,1,2026-05-19,C00074,P0058,1,12550.62,0.2,Cash on Delivery,Delivered,3,4,Marketplace
O000646,2,2025-11-08,C00482,P0128,3,14559.46,0.2,Debit Card,Delivered,2,4,App
O001279,1,2025-05-19,C01472,P0081,1,22796.87,0.25,Debit Card,Delivered,5,3,App
O004941,1,2025-08-14,C01739,P0045,2,28640.43,0.1,Wallet,Delivered,6,3,web
O005404,1,2025-01-22,C01215,P0138,3,1004.68,0.05,Cash on Delivery,Delivered,4,3,Web
O005141,1,2026-02-06,C00164,P0010,1,24187.56,0.5,Credit Card,Delivered,2,4,web
O005122,3,2026-06-14,C00727,P0100,3,13594.25,0.2,Debit Card,Delivered,5,,Web
O004726,3,2025-01-29,C00640,P0029,5,4949.22,0,credit card,Returned,4,3,APP
O006020,1,2025-04-09,C00572,P0076,3,26311.44,0.25,credit card,Delivered,3,4,Web
O001123,2,2025-02-26,C01785,P0122,1,1185.24,0.15,upi,Delivered,4,4,App
O003104,1,2026-01-23,C01402,P0130,1,17453.39,0,Credit Card,Delivered,5,3,Marketplace
O000737,2,2026-06-12,C00703,P0032,3,20501.14,0.25,Credit Card,Delivered,6,3,Web
O006102,1,2026-06-03,C01098,P0052,2,18832.04,0.05,COD,Delivered,1,5,Web
O006154,3,2026-08-06,C01556,P0088,2,25778.26,0.2,Wallet,Delivered,2,5,web
O003366,1,2025-04-04,C00154,P0019,1,25277.62,0,Debit Card,Delivered,3,4,web
O001437,2,2026-01-30,C00656,P0140,1,13128.8,0.5,Cash on Delivery,Delivered,8,2,App
O000517,2,2026-01-05,C01258,P0061,1,21614.66,0.3,COD,Delivered,3,4,Web
O005414,1,2026-03-01,C00382,P0121,1,22570.92,0,Credit Card,Delivered,5,4,web
O004841,1,2026-05-03,C00761,P0139,2,3478.96,0.05,COD,Cancelled,,,App
O002708,1,2026-02-25,C00502,P0077,1,11105.21,0.1,Cash on Delivery,Delivered,4,3,Marketplace
O000126,1,2025-04-15,C00354,P0143,1,4042.07,0.05,Wallet,Delivered,3,4,web
O004242,3,2025-09-07,C00474,P0111,2,1915.85,0.15,Credit Card,Delivered,6,3,web
O001237,1,2025-07-07,C01710,P0132,1,19508.49,0.1,upi,Delivered,,,Web
O001877,1,2026-02-22,C01186,P0102,4,17258.64,0.15,Cash on Delivery,Delivered,3,4,App
O000930,1,2025-03-23,C01857,P0084,2,16472.43,0.05,Wallet,Delivered,5,2,web
O004783,2,2025-12-13,C00769,P0057,2,4745.07,0.2,credit card,Delivered,3,3,APP
O004248,1,2025-10-08,C00416,P0021,1,22386.23,0.15,credit card,Delivered,2,4,Marketplace
O004947,3,2025-09-20,C00881,P0023,1,25752.54,0.05,Cash on Delivery,Delivered,4,3,Web
O001245,1,2026-05-12,C01244,P0086,1,3576.69,0.1,UPI,Delivered,,,Web
O003765,1,2025-07-11,C01914,P0091,1,261.19,0.5,credit card,Returned,8,1,web
O002362,1,2025-08-03,C00242,P0012,1,7923.75,0.1,Credit Card,Delivered,3,5,App
O002564,1,2026-08-17,C00689,P0016,1,21042.45,0.1,UPI,Delivered,5,4,Marketplace
O005238,3,2025-07-18,C01057,P0070,1,4083.62,0.15,credit card,Delivered,5,3,Marketplace
O001421,1,2025-04-20,C01439,P0117,1,3651.58,0.1,upi,Delivered,6,3,App
O002278,2,2026-01-22,C00226,P0067,1,10857.73,0.3,Credit Card,Delivered,4,4,Web
O003425,2,2025-01-01,C00316,P0008,1,22191.3,0.25,Credit Card,Delivered,3,4,APP
O003672,2,2025-02-22,C01064,P0028,2,8488.73,0.05,UPI,Delivered,4,3,web
O005566,1,2025-02-16,C01155,P0018,1,14411.43,0.05,credit card,Delivered,,,App
O000858,2,2026-03-26,C00765,P0124,1,14349.72,0,UPI,Delivered,5,3,Web
O004353,1,2025-07-17,C01248,P0138,2,1008.56,0.05,Debit Card,Delivered,4,4,APP
O003879,3,2025-09-02,C01259,P0081,1,22182.3,0.15,COD,Delivered,3,3,APP
O000623,4,2026-01-31,C01470,P0040,1,13247.65,0.65,Wallet,Delivered,4,4,web
O005694,1,2025-09-02,C00848,P0124,1,14215.11,0.5,upi,Delivered,3,3,App
O005409,2,2025-11-24,C01507,P0081,1,22110.01,0.05,COD,Delivered,,,App
O003384,1,2025-10-14,C00407,P0137,1,4744.42,0.2,credit card,Delivered,9,1,Web
O001705,1,2025-06-09,C00016,P0142,1,11473.22,0.15,Wallet,Cancelled,,,App
O005305,1,2025-09-24,C01830,P0130,1,18054.07,0.65,UPI,Delivered,3,4,Web
O006318,1,2025-12-29,C01095,P0007,1,12180.53,0.05,Debit Card,Delivered,1,5,APP
O006418,4,2025-08-04,C00247,P0025,1,3909.34,0.15,COD,Delivered,5,4,Web
O003748,1,2026-08-20,C01601,P0058,1,12616.25,0,upi,Delivered,7,2,Web
O002434,1,2026-01-26,C01443,P0011,1,17043.56,0.1,upi,Delivered,8,2,web
O001924,2,2026-01-14,C00201,P0098,1,12544.93,0.2,COD,Delivered,4,3,Marketplace
O003453,1,2025-05-15,C01880,P0126,1,2048.05,0.5,upi,Delivered,5,2,Web
O002791,2,2025-06-09,C01141,P0042,1,6703.73,0.05,COD,Delivered,5,3,APP
O000967,1,2025-09-06,C01667,P0142,3,11725.29,0,credit card,Delivered,5,3,App
O004910,2,2026-08-03,C00857,P0046,1,4194.73,0.2,upi,Delivered,4,3,APP
O002992,3,2026-01-22,C01870,P0103,2,28193.52,0.1,Wallet,Delivered,6,3,Web
O000793,2,2026-01-08,C00742,P0120,1,13381.27,0.15,Wallet,Cancelled,,,Marketplace
O001634,1,2025-01-22,C01743,P0044,2,13200.04,0.65,Credit Card,Delivered,4,3,web
O002067,1,2026-02-11,C00229,P0049,1,1402.49,0,Wallet,Delivered,,,Web
O005425,2,2026-06-13,C01712,P0119,1,19124.94,0,upi,Delivered,4,4,web
O000570,2,2026-02-21,C00296,P0018,1,14670.61,0.25,Wallet,Delivered,6,2,web
O004388,2,2025-08-22,C01994,P0094,3,6331.55,0.05,credit card,Delivered,4,4,App
O003717,1,2025-06-08,C00339,P0121,1,21852.3,0.25,credit card,Delivered,1,5,Web
O005796,3,2025-07-13,C00689,P0123,2,9192.62,0,Credit Card,Delivered,5,2,web
O002271,1,2026-08-15,C00940,P0022,2,5432.32,0.25,Wallet,Delivered,3,4,App
O000854,1,2025-12-08,C01341,P0121,1,22050.58,0.25,credit card,Delivered,4,3,Marketplace
O006352,1,2026-03-18,C00150,P0090,1,4706.0,0.1,UPI,Delivered,2,5,Web
O004295,1,2026-04-03,C00179,P0110,1,8328.96,0,Credit Card,Delivered,4,4,App
O005342,1,2026-02-03,C01483,P0051,1,4096.85,0.25,Cash on Delivery,Delivered,2,5,web
O001309,2,2026-01-22,C00229,P0102,1,17150.01,0.1,UPI,Delivered,4,,web
O001579,1,2025-04-27,C00369,P0020,1,25309.92,0.15,Credit Card,Delivered,5,2,web
O001320,1,2025-09-04,C01071,P0123,4,8926.71,0.15,upi,Delivered,4,4,App
O006380,1,2025-09-29,C00593,P0014,1,5654.31,0.2,COD,Delivered,6,3,Marketplace
O002260,2,2025-01-13,C00436,P0091,1,262.0,0,Credit Card,Delivered,5,3,APP
O006433,2,2026-07-15,C01402,P0017,4,3211.63,0.1,credit card,Delivered,2,,web
O002778,1,2026-03-30,C00630,P0140,2,13342.29,0,Debit Card,Delivered,5,3,App
O005150,4,2026-01-08,C01733,P0068,3,9222.08,0,Cash on Delivery,Delivered,7,2,web
O003643,2,2025-02-23,C01609,P0075,1,10324.64,0.5,UPI,Delivered,4,3,Web
O005030,3,2026-04-28,C01004,P0126,1,2116.03,0.1,Cash on Delivery,Delivered,3,3,Marketplace
O004860,3,2025-09-21,C00318,P0096,1,3016.42,0.05,Wallet,Delivered,7,2,Marketplace
O003100,1,2026-07-04,C01216,P0075,2,10830.78,0.05,Cash on Delivery,Delivered,6,2,App
O002616,1,2026-08-09,C00551,P0001,2,9547.94,0.05,Debit Card,Returned,1,4,App
O000630,2,2025-11-21,C01485,P0141,1,12928.93,0.2,Credit Card,Delivered,5,3,APP
O004952,1,2025-10-10,C00369,P0073,2,8745.48,0,Wallet,Delivered,1,4,web
O001030,1,2025-10-31,C00389,P0105,1,26288.01,0.3,Debit Card,Delivered,4,4,Web
O001353,1,2025-12-31,C00784,P0020,4,25785.85,0,UPI,Delivered,1,4,Marketplace
O000971,2,2025-09-18,C00110,P0073,2,9135.56,0,,Delivered,5,,Marketplace
O005535,1,2025-11-22,C00765,P0058,1,12851.11,0.1,Credit Card,Delivered,2,5,web
O001422,1,2025-11-11,C00207,P0110,1,8419.03,0.15,credit card,Delivered,5,3,Web
O003503,2,2026-05-25,C01790,P0039,3,12821.98,0,upi,Delivered,1,4,Web
O003228,1,2025-11-10,C00224,P0102,1,17213.27,0.2,Wallet,Delivered,,,web
O002409,2,2025-02-18,C00138,P0130,2,18095.11,0.15,COD,Delivered,7,2,Web
O004924,1,2025-05-20,C00618,P0045,1,28371.25,0,COD,Delivered,6,2,Marketplace
O003132,2,2025-11-28,C01249,P0023,1,26889.81,0,Wallet,Delivered,3,5,Web
O003528,3,2026-08-17,C01833,P0014,1,5682.7,0.1,Credit Card,Delivered,6,3,App
O001108,2,2026-06-18,C01077,P0080,1,22306.43,0.2,Credit Card,Cancelled,,,App
O000726,1,2025-09-09,C00642,P0044,1,13518.73,0.15,Credit Card,Delivered,3,4,Marketplace
O005593,3,2026-07-16,C01593,P0064,2,4739.98,0.3,Cash on Delivery,Delivered,1,5,APP
O005133,1,2025-05-26,C00010,P0118,1,3131.92,0.15,credit card,Delivered,4,3,Web
O003148,2,2025-04-19,C01977,P0024,1,21046.64,0.05,UPI,Delivered,7,2,App
O000918,1,2025-06-23,C01956,P0013,1,5704.46,0.05,Debit Card,Delivered,2,4,App
O005032,2,2026-01-10,C00042,P0108,1,22389.91,0.25,Credit Card,Delivered,3,4,APP
O004818,1,2025-08-15,C01026,P0032,2,20320.73,0.2,UPI,Delivered,3,3,web
O001334,1,2025-09-04,C00096,P0097,1,3524.77,0.3,Wallet,Delivered,7,3,Marketplace
O000764,1,2026-02-21,C01720,P0010,1,24244.17,0,upi,Delivered,5,3,Marketplace
O001303,2,2026-03-08,C00396,P0054,1,12583.64,0.1,UPI,Delivered,4,4,Web
O003595,1,2026-05-10,C01598,P0057,3,4616.79,0.25,COD,Delivered,7,3,Web
O001647,2,2025-11-21,C01988,P0026,1,13550.99,0.1,UPI,Delivered,5,3,APP
O004197,1,2025-12-26,C00978,P0051,1,4006.3,0,upi,Delivered,2,4,App
O005632,1,2025-03-17,C00184,P0041,5,19718.21,0.1,COD,Delivered,3,4,App
O003110,1,2025-02-09,C00135,P0012,1,7794.33,0.3,Debit Card,Returned,4,4,Marketplace
O005070,1,2025-07-02,C00392,P0021,1,21233.52,0.15,credit card,Delivered,3,4,web
O000270,2,2026-01-18,C00441,P0118,1,0,0.2,UPI,Delivered,7,2,Marketplace
O002459,2,2026-08-23,C01209,P0049,4,1502.34,0.2,Debit Card,Returned,3,,Web
O004159,2,2026-04-30,C01635,P0073,4,8980.72,0,credit card,Delivered,4,4,Marketplace
O005424,2,2026-03-11,C01125,P0019,1,25086.46,0.2,credit card,Delivered,4,4,App
O001968,1,2025-11-06,C01547,P0012,4,8038.89,0.05,COD,Delivered,2,5,APP
O000296,1,2025-02-14,C00654,P0024,1,20513.35,0.05,Debit Card,Delivered,4,4,Web
O005369,2,2025-08-13,C00552,P0111,1,1822.05,0.15,Debit Card,Delivered,5,3,APP
O005358,2,2025-03-11,C00769,P0130,1,17283.69,0.05,Wallet,Delivered,5,3,Marketplace
O006174,1,2026-08-13,C00287,P0030,1,14076.62,0.5,UPI,Delivered,6,3,Marketplace
O002788,1,2025-08-12,C01809,P0051,4,4294.93,0.1,Wallet,Returned,5,3,web
O005428,2,2026-07-01,C00348,P0084,1,16221.77,0.2,Cash on Delivery,Cancelled,,,Marketplace
O000968,1,2025-12-23,C01238,P0082,1,14608.78,0,credit card,Delivered,5,3,App
O000405,1,2025-05-15,C01179,P0051,2,4216.89,0,Cash on Delivery,Delivered,4,4,Web
O004718,3,2026-04-09,C00846,P0107,1,23203.42,0.15,upi,Delivered,3,5,App
O003414,1,2025-08-26,C00433,P0106,1,2470.0,0.05,UPI,Returned,4,3,web
O001687,3,2025-10-07,C00329,P0010,1,23830.39,0.15,upi,Delivered,4,4,Web
O004980,2,2026-04-18,C00940,P0109,5,14576.03,0.2,COD,Delivered,4,4,Marketplace
O000138,2,2025-08-29,C01127,P0016,2,21250.53,0.05,COD,Delivered,5,3,Marketplace
O005651,1,2026-04-12,C01379,P0063,1,16881.78,0.1,Cash on Delivery,Delivered,2,,Web
O005432,2,2026-04-30,C01193,P0017,2,3355.73,0.25,Debit Card,Delivered,3,4,web
O003613,2,2026-02-11,C00758,P0123,2,9206.37,0,upi,Delivered,5,3,Marketplace
O004177,2,2025-06-24,C01904,P0001,1,9253.94,0,UPI,Delivered,4,4,web
O004823,1,2025-04-23,C00650,P0143,2,4022.86,0.3,Credit Card,Delivered,2,4,web
O002077,1,2025-06-29,C01902,P0040,3,13311.58,0.1,Debit Card,Returned,5,3,App
O002774,3,2026-03-01,C01906,P0044,2,13127.13,0,COD,Returned,5,3,APP
O004243,1,2025-03-05,C01847,P0057,1,4551.55,0.1,credit card,Delivered,4,4,Marketplace
O000119,2,2026-07-04,C01626,P0109,2,14202.94,0,COD,Delivered,3,4,App
O003542,1,2026-08-05,C01150,P0095,2,15633.64,0.2,UPI,Delivered,2,5,APP
O001976,2,2025-01-03,C01309,P0124,3,13674.91,0.2,Wallet,Returned,4,4,APP
O003462,1,2026-07-03,C00802,P0064,2,4499.13,0.1,upi,Returned,7,3,Marketplace
O005280,1,2026-07-21,C01334,P0096,2,2894.61,0,UPI,Delivered,3,4,web
O000173,1,2025-01-23,C01179,P0001,1,9518.36,0.25,UPI,Delivered,3,4,web
O001340,1,2026-05-18,C00321,P0142,1,12173.01,0.1,Debit Card,Delivered,1,5,Web
O002277,1,2026-08-25,C00540,P0121,2,21041.97,0.05,credit card,Delivered,3,4,web
O004763,1,2026-07-31,C00696,P0053,2,7308.91,0.05,Credit Card,Delivered,3,4,Marketplace
O004498,1,2025-11-01,C00570,P0039,2,12598.09,0,UPI,Delivered,2,4,web
O006212,1,2025-03-23,C01887,P0044,1,13800.84,0.25,COD,Cancelled,,,Web
O005131,1,2025-04-12,C00950,P0061,1,22377.36,0.1,UPI,Returned,5,2,App
O000559,1,2026-05-14,C01322,P0030,3,14646.41,0,Debit Card,Delivered,2,4,APP
O001501,1,2025-01-15,C00486,P0024,2,19998.87,0.05,upi,Delivered,4,3,web
O000715,1,2026-03-26,C00746,P0111,1,1868.25,0,Cash on Delivery,Delivered,4,4,web
O003913,1,2025-11-19,C01008,P0007,1,11358.87,0.3,credit card,Delivered,4,4,web
O004566,1,2025-12-06,C00875,P0102,2,16135.88,0.25,Cash on Delivery,Delivered,6,3,App
O002713,2,2026-07-12,C00840,P0060,1,16600.6,0.05,upi,Delivered,4,3,APP
O003579,1,2026-03-18,C01200,P0143,1,4163.98,0.65,UPI,Delivered,4,4,App
O004691,1,2025-05-20,C00760,P0072,1,11984.36,0.05,credit card,Delivered,5,3,APP
O002928,1,2026-02-14,C01373,P0121,1,22327.84,0,Debit Card,Delivered,5,4,APP
O005371,1,2026-03-18,C01642,P0127,1,14339.92,0,Wallet,Delivered,8,2,Web
O004971,1,2025-07-15,C01975,P0001,1,9607.46,0.15,Credit Card,Delivered,6,2,Web
O000491,3,2025-01-23,C01787,P0021,1,22682.54,0.1,Cash on Delivery,Cancelled,,,Marketplace
O001666,2,2026-04-09,C01071,P0015,1,22177.79,0.15,Cash on Delivery,Cancelled,,,web
O003808,3,2026-03-02,C00795,P0097,1,3449.72,0.1,Debit Card,Delivered,2,4,Marketplace
O003994,1,2025-12-02,C01436,P0085,2,10416.02,0.05,Wallet,Delivered,,,web
O004123,1,2026-06-30,C01027,P0014,3,5469.99,0.1,UPI,Returned,6,2,App
O003153,2,2025-01-31,C00123,P0097,2,3444.18,0.15,Cash on Delivery,Delivered,5,,Marketplace
O004185,1,2026-04-14,C01328,P0095,1,15575.28,0,Debit Card,Delivered,3,,Marketplace
O003168,2,2025-12-07,C00613,P0045,1,27834.03,0,Credit Card,Delivered,5,3,web
O004739,1,2025-02-05,C01790,P0120,4,12878.85,0.05,Debit Card,Delivered,1,5,App
O004943,1,2025-12-31,C00946,P0099,2,19338.83,0.2,Wallet,Delivered,5,2,Web
O000971,3,2025-09-18,C00110,P0030,1,14824.55,0.1,,Delivered,5,,Marketplace
O002927,1,2026-04-18,C00361,P0096,2,2976.65,0,Wallet,Delivered,5,4,App
O000954,1,2026-02-28,C01753,P0052,1,18796.78,0.05,Debit Card,Cancelled,,,App
O004710,3,2025-05-20,C00406,P0066,2,21861.28,0.15,Cash on Delivery,Delivered,3,4,Marketplace
O004384,2,2025-04-06,C00857,P0105,2,25417.94,0.2,upi,Delivered,7,2,APP
O000758,2,2026-01-18,C00075,P0106,1,2430.48,0,COD,Cancelled,,,App
O002292,1,2026-07-19,C01496,P0006,3,20997.02,0.05,upi,Delivered,4,4,Web
O006138,3,2025-08-13,C01532,P0046,1,3984.3,0.05,UPI,Delivered,4,4,web
O003179,1,2025-08-28,C01921,P0086,1,3553.73,0.2,upi,Delivered,6,3,App
O005469,1,2025-04-21,C00740,P0047,1,28675.29,0,Cash on Delivery,Delivered,6,2,Web
O004397,2,2025-04-25,C00563,P0116,1,11694.4,0.2,upi,Cancelled,,,APP
O004847,2,2025-01-05,C01623,P0026,1,14381.07,0.05,Wallet,Delivered,5,2,Marketplace
O004198,1,2025-11-28,C00231,P0003,1,19566.56,0.1,upi,Delivered,8,2,web
O005499,2,2025-08-30,C01330,P0058,2,12552.1,0,COD,Delivered,6,2,APP
O001469,1,2025-05-13,C00917,P0061,1,21772.91,0,Credit Card,Delivered,3,4,Marketplace
O000863,1,2026-01-29,C00384,P0001,2,9372.48,0,COD,Delivered,3,4,Web
O001583,2,2026-05-31,C01275,P0064,5,4789.92,0.15,COD,Delivered,4,3,Web
O000892,2,2026-06-13,C01451,P0138,1,991.19,0.2,Cash on Delivery,Delivered,6,3,web
O003027,3,2026-01-20,C00171,P0004,3,19029.45,0.3,COD,Returned,5,3,Marketplace
O001192,1,2026-01-04,C00320,P0124,3,13451.08,0.05,COD,Delivered,9,,APP
O003560,2,2025-09-16,C00671,P0014,4,5725.58,0.2,COD,Returned,3,4,APP
O002806,1,2025-02-03,C00430,P0082,2,14990.1,0.05,upi,Delivered,4,3,App
O003895,1,2026-05-13,C00129,P0124,1,13758.84,0.05,upi,Cancelled,,,Marketplace
O002095,1,2025-11-03,C00026,P0044,1,13714.08,0.05,COD,Delivered,4,4,Marketplace
O003203,2,2026-03-04,C00122,P0035,1,18146.51,0.2,COD,Delivered,3,,APP
O001444,1,2026-05-21,C01346,P0092,1,4035.32,0.2,UPI,Delivered,4,3,App
O001953,1,2025-10-28,C01189,P0005,1,5181.14,0.65,Credit Card,Delivered,5,3,Web
O000153,3,2025-02-27,C00007,P0061,2,22349.52,0,Cash on Delivery,Delivered,6,3,APP
O000815,2,2025-05-07,C01178,P0027,3,20187.29,0.2,COD,Delivered,2,4,Web
O001399,2,2025-06-27,C00893,P0045,2,29116.02,0.1,UPI,Delivered,3,3,App
O000102,2,2026-01-13,C00178,P0085,1,10066.05,0.1,Debit Card,Delivered,7,1,App
O001159,4,2026-05-28,C01516,P0057,1,4737.77,0.1,Cash on Delivery,Delivered,7,2,Marketplace
O002556,2,2026-03-11,C00849,P0106,2,2573.66,0.15,Credit Card,Delivered,7,,App
O003455,1,2025-01-10,C00166,P0057,1,4683.45,0.15,UPI,Delivered,,,Marketplace
O004890,1,2026-05-14,C00918,P0015,1,22689.25,0.25,Credit Card,Delivered,5,2,APP
O000663,1,2025-09-12,C01375,P0088,1,25614.44,0.2,Debit Card,Delivered,5,3,Web
O003232,2,2025-01-25,C01189,P0065,1,17948.68,0.5,Debit Card,Delivered,4,4,Web
O004066,1,2025-10-03,C01737,P0097,1,3495.06,0.15,,Delivered,3,4,Marketplace
O000476,3,2026-07-16,C01554,P0038,5,344.91,0.05,Credit Card,Delivered,4,4,web
O006336,1,2025-10-12,C00461,P0091,1,255.81,0.15,UPI,Delivered,3,4,Marketplace
O005110,3,2025-02-17,C01071,P0109,2,14457.89,0.05,Cash on Delivery,Delivered,7,,Marketplace
O003224,1,2026-02-19,C01616,P0019,1,25930.99,0.25,upi,Delivered,3,4,Marketplace
O005414,2,2026-03-01,C00382,P0115,1,4887.75,0.05,Credit Card,Delivered,5,4,web
O003325,1,2026-01-19,C01191,P0101,1,8109.88,0.1,Credit Card,Delivered,5,3,Marketplace
O004865,1,2025-02-22,C01724,P0121,1,20900.08,0.1,Wallet,Delivered,3,5,Marketplace
O001618,1,2025-11-14,C00621,P0070,2,4332.74,0.1,Debit Card,Delivered,4,3,web
O003246,1,2026-01-11,C01234,P0137,1,4772.64,0.05,Cash on Delivery,Delivered,2,4,Web
O002566,1,2026-03-12,C01924,P0017,1,3197.29,0.5,UPI,Delivered,6,3,Marketplace
O000052,1,2026-06-14,C00375,P0108,3,22197.4,0,Debit Card,Delivered,4,4,web
O003238,1,2026-02-09,C01346,P0068,3,9444.01,0.1,COD,Delivered,6,2,web
O001928,3,2025-01-20,C00126,P0024,2,20953.31,0.5,Credit Card,Delivered,2,4,Web
O000062,1,2025-11-18,C01608,P0013,4,5647.91,0.15,,Delivered,5,3,App
O002908,1,2026-01-01,C01207,P0022,1,5403.37,0.1,Credit Card,Delivered,6,2,App
O005167,1,2025-03-27,C01322,P0022,1,5190.35,0,UPI,Delivered,5,3,APP
O000620,1,2026-05-13,C01945,P0051,1,4010.42,0.15,credit card,Returned,3,3,web
O001573,2,2025-10-28,C00337,P0136,1,13519.94,0.15,Cash on Delivery,Delivered,6,2,App
O001230,3,2026-08-17,C00038,P0072,1,12636.94,0,Wallet,Delivered,3,,Web
O001068,1,2026-05-14,C01545,P0002,1,10405.14,0.25,Debit Card,Delivered,5,3,Web
O001027,2,2025-12-17,C00098,P0016,1,20512.68,0,credit card,Delivered,3,3,App
O004667,1,2025-07-15,C01677,P0131,1,18497.18,0.15,Cash on Delivery,Cancelled,,,APP
O004514,1,2025-02-14,C01110,P0071,2,10904.94,0.15,Cash on Delivery,Delivered,4,4,Web
O001921,1,2025-11-18,C00165,P0085,1,10351.56,0,upi,Delivered,6,2,Marketplace
O005014,3,2025-12-19,C00844,P0067,1,11311.75,0.1,Wallet,Delivered,8,2,APP
O002797,3,2025-02-01,C01959,P0052,1,19684.1,0.05,credit card,Delivered,4,4,Web
O004431,1,2025-06-05,C01481,P0036,1,18413.65,0.1,upi,Delivered,1,5,Web
O003539,2,2026-08-06,C01501,P0045,1,28165.68,0.05,credit card,Delivered,7,2,Web
O005538,1,2025-04-12,C00773,P0109,1,14688.95,0,Debit Card,Delivered,5,3,App
O006489,3,2025-08-08,C01603,P0014,2,5818.8,0,Debit Card,Delivered,6,2,App
O001978,2,2026-04-15,C00778,P0040,1,13201.48,0.2,Credit Card,Delivered,1,5,web
O004238,1,2025-02-14,C01339,P0108,3,21988.83,0.05,UPI,Delivered,5,3,web
O001387,1,2025-11-10,C00686,P0072,1,12330.24,0.1,UPI,Delivered,3,5,APP
O005762,1,2025-02-10,C00080,P0003,1,18796.46,0.05,UPI,Returned,3,4,web
O004131,1,2025-11-02,C01713,P0059,2,17844.54,0.3,upi,Delivered,3,4,APP
O006152,1,2026-04-02,C01487,P0041,3,20555.37,0.15,Cash on Delivery,Delivered,3,4,App
O002691,2,2025-02-09,C01358,P0008,2,22927.99,0.3,COD,Returned,4,4,APP
O003116,2,2025-10-25,C00129,P0096,1,2994.44,0.25,Cash on Delivery,Delivered,2,4,APP
O000391,1,2025-01-30,C00787,P0072,1,12532.83,0.15,Wallet,Delivered,5,3,Marketplace
O002405,2,2025-10-16,C01299,P0081,2,22288.15,0.05,COD,Delivered,3,4,Web
O006298,1,2025-01-30,C01608,P0079,3,7341.41,0.5,Credit Card,Delivered,3,5,web
O000061,1,2025-07-01,C00345,P0069,1,11233.95,0,Cash on Delivery,Delivered,2,4,Marketplace
O002449,1,2025-04-24,C00992,P0131,1,18647.46,0.1,COD,Returned,7,3,Marketplace
O002146,2,2026-05-18,C00437,P0023,1,26413.69,0.15,credit card,Returned,,,web
O004158,2,2025-04-02,C00738,P0040,1,13441.52,0.1,COD,Delivered,4,,web
O006488,2,2026-06-18,C00175,P0009,1,14723.45,0.15,Debit Card,Delivered,3,4,Web
O003909,1,2025-03-10,C01364,P0014,4,5655.24,0,Wallet,Delivered,5,3,APP
O002676,3,2025-04-07,C01267,P0061,1,21487.14,0.2,UPI,Returned,4,3,Marketplace
O006129,1,2025-03-06,C00287,P0075,2,10849.06,0.15,credit card,Delivered,3,4,Marketplace
O005646,1,2025-11-28,C00332,P0091,1,261.19,0.15,Debit Card,Returned,2,,App
O001391,1,2026-02-28,C01072,P0137,1,4527.77,0.15,upi,Returned,2,4,App
O005479,1,2025-01-13,C01982,P0005,1,5243.07,0.1,Credit Card,Delivered,5,3,web
O004645,2,2026-04-28,C01511,P0076,1,26318.48,0.2,UPI,Delivered,4,4,web
O000718,1,2025-01-23,C01603,P0067,3,11401.34,0.5,COD,Delivered,5,3,Web
O001961,1,2025-04-13,C00625,P0129,1,14834.26,0.2,COD,Delivered,1,5,Marketplace
O003562,1,2026-04-03,C01727,P0030,1,14105.28,0.05,COD,Delivered,5,,Marketplace
O004459,2,2026-08-28,C00769,P0077,4,10563.22,0.25,UPI,Delivered,6,3,APP
O000309,1,2025-06-21,C00877,P0111,2,1823.35,0.1,Credit Card,Delivered,6,,Web
O000339,1,2025-10-28,C00051,P0077,2,10429.09,0.05,credit card,Cancelled,,,web
O003393,3,2025-09-25,C00932,P0059,2,16945.4,0.25,Debit Card,Delivered,2,5,APP
O002785,1,2026-03-12,C00436,P0097,1,3608.64,0.15,COD,Delivered,2,5,web
O005254,3,2025-08-12,C01067,P0085,2,9755.79,0.2,upi,Delivered,3,3,web
O002235,2,2025-06-07,C00157,P0078,2,26523.04,0.05,Cash on Delivery,Delivered,2,5,App
O002978,2,2026-05-06,C00980,P0050,2,17518.87,0.05,COD,Delivered,6,3,App
O004551,2,2026-07-26,C01129,P0076,1,27587.8,0.15,Cash on Delivery,Delivered,5,2,web
O000361,1,2026-01-05,C00364,P0086,1,3667.27,0.25,credit card,Delivered,9,2,Web
O001698,1,2025-05-25,C01912,P0121,2,21603.49,0.3,Wallet,Delivered,3,4,Marketplace
O000853,1,2025-05-04,C01129,P0116,1,12340.2,0.15,upi,Delivered,1,4,web
O000144,2,2025-10-07,C01375,P0114,1,1198.38,0.2,UPI,Delivered,4,3,web
O000083,2,2025-06-04,C00208,P0105,2,26515.19,0.2,UPI,Delivered,2,5,Marketplace
O000847,1,2025-09-21,C01481,P0076,1,27494.68,0.1,Cash on Delivery,Delivered,7,3,Web
O001542,2,2025-08-14,C00367,P0140,5,13700.65,0.15,COD,Delivered,7,2,web
O005718,1,2025-10-31,C00010,P0094,1,6439.52,0.25,Wallet,Delivered,1,4,Web
O000799,2,2025-07-23,C01494,P0064,1,4780.18,0.05,Cash on Delivery,Delivered,3,4,Marketplace
O002117,2,2026-06-27,C00412,P0068,1,9684.43,0.05,Credit Card,Delivered,6,3,APP
O002744,1,2025-07-27,C00505,P0036,2,18873.5,0.3,credit card,Delivered,8,1,web
O005782,1,2026-07-17,C01281,P0126,1,2077.82,0.3,UPI,Delivered,5,3,App
O004496,1,2025-02-20,C01235,P0065,1,17655.59,0.15,COD,Delivered,3,,web
O006100,4,2026-04-12,C00593,P0033,1,599.91,0.05,Wallet,Delivered,2,5,Marketplace
O006041,2,2026-08-20,C01346,P0134,1,18166.61,0,credit card,Delivered,2,,Marketplace
O003114,1,2025-12-07,C00436,P0102,1,16952.99,0.15,upi,Delivered,4,3,App
O003270,1,2026-03-05,C00382,P0073,1,9283.01,0,upi,Cancelled,,,APP
O005761,1,2026-08-18,C01293,P0013,4,5719.74,0.05,credit card,Delivered,4,4,App
O004756,3,2025-10-06,C01912,P0127,1,14099.14,0.15,Credit Card,Delivered,3,4,Web
O004590,1,2026-04-10,C00636,P0087,3,6834.06,0,Cash on Delivery,Delivered,6,2,APP
O000618,1,2025-12-23,C01002,P0021,2,21509.4,0.05,Cash on Delivery,Returned,6,3,APP
O004995,2,2025-09-12,C00710,P0096,1,2923.4,0,credit card,Delivered,4,4,Marketplace
O005634,2,2025-05-04,C00565,P0127,1,14095.72,0.15,UPI,Delivered,5,3,Marketplace
O003460,2,2025-07-12,C00412,P0073,2,9369.88,0,Wallet,Delivered,4,3,web
O002265,1,2025-10-29,C01839,P0061,1,22723.12,0.05,Wallet,Returned,4,3,APP
O000341,1,2025-11-08,C01316,P0096,2,2825.93,0.1,credit card,Delivered,6,3,APP
O002598,1,2025-03-30,C00401,P0009,4,14856.3,0.15,Debit Card,Delivered,4,4,Web
O001035,1,2025-09-15,C01487,P0137,4,4648.36,0,COD,Delivered,6,2,Web
O003057,3,2025-01-14,C01845,P0002,1,10437.46,0.05,Credit Card,Returned,4,4,Web
O001719,3,2026-08-09,C01076,P0059,1,17257.09,0.2,UPI,Delivered,5,4,App
O004732,1,2026-04-27,C00321,P0103,1,28260.35,0.2,Wallet,Returned,3,5,App
O001699,3,2025-05-12,C01501,P0108,2,21072.54,0.1,Cash on Delivery,Delivered,5,3,Marketplace
O000536,2,2025-11-03,C01279,P0105,3,26642.53,0.5,upi,Delivered,6,3,Marketplace
O003691,1,2025-07-26,C01139,P0141,1,12783.55,0,Wallet,Delivered,3,3,Web
O000243,2,2026-03-29,C00994,P0096,1,2875.83,0.2,Wallet,Cancelled,,,APP
O001153,1,2026-06-03,C01937,P0075,2,10644.59,0.1,credit card,Delivered,1,5,web
O005322,1,2025-01-27,C00897,P0031,1,21913.81,0.15,Wallet,Returned,2,5,Web
O000581,1,2026-06-29,C00701,P0094,1,6429.44,0.1,upi,Delivered,4,3,Marketplace
O000022,2,2025-02-12,C01120,P0070,4,4228.4,0.15,UPI,Delivered,5,4,web
O004014,1,2026-01-14,C00294,P0016,2,20765.76,0.15,Cash on Delivery,Delivered,6,2,App
O004935,1,2026-02-28,C00498,P0132,3,18184.31,0.25,upi,Delivered,1,5,web
O004438,1,2026-01-03,C01004,P0119,2,19817.56,0.15,Wallet,Delivered,4,,Marketplace
O001127,1,2026-07-24,C01005,P0038,4,334.11,0.1,,Delivered,5,3,APP
O006084,1,2025-10-30,C00369,P0102,3,17052.21,0.3,credit card,Delivered,5,,Marketplace
O006362,2,2026-06-23,C00612,P0138,1,1016.49,0.1,Credit Card,Delivered,7,2,Web
O005580,3,2025-12-21,C01423,P0126,1,2025.15,0.05,credit card,Delivered,3,4,web
O005850,2,2025-01-29,C01965,P0081,2,22400.98,0.1,COD,Cancelled,,,Marketplace
O000594,1,2025-07-22,C00509,P0060,1,16357.73,0,upi,Delivered,4,3,APP
O000109,1,2026-08-26,C01514,P0119,2,19363.62,0.05,Debit Card,Delivered,3,4,Marketplace
O001853,1,2025-09-06,C00169,P0045,2,28578.77,0,Debit Card,Delivered,3,4,APP
O006396,2,2026-08-19,C01603,P0045,1,29161.97,0,UPI,Delivered,4,,App
O005095,1,2025-02-05,C00158,P0009,1,14820.07,0.2,UPI,Delivered,6,2,web
O006395,3,2025-11-06,C00630,P0038,1,333.23,0.2,upi,Delivered,5,2,Web
O000761,3,2026-03-01,C01616,P0019,2,25291.83,0.05,Credit Card,Returned,3,4,App
O003707,4,2025-10-07,C00271,P0056,1,10922.75,0,credit card,Delivered,6,,web
O000284,1,2026-02-06,C01371,P0122,1,1214.63,0,upi,Delivered,4,,web
O002593,1,2025-02-21,C01357,P0064,2,4713.37,0.1,Wallet,Delivered,6,,App
O003148,1,2025-04-19,C01977,P0113,1,2988.31,0.15,UPI,Delivered,7,2,App
O001389,1,2025-09-24,C00956,P0070,1,4247.16,0.05,Wallet,Delivered,5,2,App
O002624,1,2026-07-12,C00481,P0053,3,7231.71,0.15,credit card,Delivered,1,5,APP
O006452,1,2025-07-22,C01242,P0031,3,22122.04,0.1,upi,Delivered,4,3,Web
O004062,3,2026-02-09,C00125,P0002,2,10385.09,0.1,UPI,Delivered,6,2,web
O001713,1,2026-07-13,C01444,P0057,1,4589.68,0,COD,Delivered,4,3,web
O003693,3,2025-03-17,C01188,P0012,2,7636.52,0.3,Debit Card,Delivered,5,3,APP
O004316,2,2026-01-09,C01417,P0131,4,18419.79,0.05,Wallet,Delivered,4,4,App
O002837,1,2025-09-03,C00654,P0143,1,4136.5,0.1,Debit Card,Cancelled,,,Web
O004357,1,2025-01-02,C01558,P0024,1,20975.42,0,Wallet,Delivered,2,4,Web
O005792,2,2026-05-20,C00424,P0130,1,17351.98,0,Debit Card,Delivered,5,3,Web
O004791,3,2026-08-06,C00070,P0029,2,4688.48,0.15,UPI,Delivered,6,3,web
O005312,1,2026-06-21,C01242,P0126,4,2105.88,0.1,Credit Card,Delivered,3,,App
O004926,1,2025-08-09,C01337,P0133,3,3799.57,0.1,COD,Delivered,5,4,APP
O006122,1,2026-03-31,C01728,P0081,1,22919.9,0.05,Debit Card,Delivered,8,2,web
O003670,2,2026-05-22,C01534,P0011,1,16339.8,0,Debit Card,Delivered,3,4,APP
O002399,1,2025-02-02,C00370,P0060,2,16258.58,0.25,COD,Returned,3,4,web
O002541,2,2025-09-12,C00963,P0117,1,3613.73,0.5,Debit Card,Delivered,6,3,Web
O003815,1,2026-03-23,C01076,P0132,1,18428.17,0.1,Wallet,Delivered,3,4,APP
O001510,1,2025-04-25,C01548,P0105,4,25568.42,0.05,Wallet,Delivered,,,web
O002592,2,2025-05-13,C01669,P0083,1,5410.34,0.2,credit card,Delivered,4,3,Marketplace
O006496,1,2025-01-22,C00014,P0035,1,17671.5,0,Credit Card,Delivered,4,4,web
O003511,1,2025-07-14,C01036,P0060,1,16961.02,0.1,Cash on Delivery,Delivered,2,5,APP
O005244,3,2026-05-25,C00811,P0125,3,4689.82,0.15,upi,Delivered,4,4,APP
O006291,1,2025-02-24,C00369,P0029,1,5043.95,0.05,credit card,Delivered,8,1,Web
O002210,1,2025-07-03,C01255,P0124,1,13431.84,0.2,Debit Card,Delivered,1,5,App
O005140,1,2026-02-16,C01251,P0031,1,23332.12,0.15,Wallet,Delivered,2,,web
O000567,2,2025-11-03,C01645,P0101,2,8045.06,0.1,upi,Delivered,6,2,App
O005582,2,2025-04-24,C01581,P0076,1,27160.94,0.05,credit card,Cancelled,,,web
O005435,1,2025-05-08,C00048,P0107,2,24181.02,0.1,Wallet,Delivered,3,4,App
O004738,4,2025-08-16,C00040,P0085,1,10326.85,0.25,credit card,Delivered,5,3,APP
O006164,2,2026-02-12,C01499,P0141,2,13296.26,0.2,UPI,Delivered,6,,Web
O004509,1,2025-12-08,C01957,P0026,1,13909.5,0.1,upi,Delivered,5,3,Marketplace
O004473,2,2026-02-02,C01821,P0121,1,21003.43,0.15,credit card,Delivered,4,3,web
O000621,1,2026-01-01,C00685,P0133,4,3719.04,0.5,Cash on Delivery,Delivered,3,4,web
O006053,2,2025-12-22,C01445,P0021,1,22107.47,0.05,UPI,Delivered,5,4,web
O001255,1,2026-02-28,C00311,P0050,1,17804.53,0.25,Cash on Delivery,Returned,1,5,Web
O005640,1,2026-06-17,C00673,P0055,1,9595.41,0.15,COD,Delivered,3,3,Marketplace
O000032,3,2026-08-26,C01495,P0068,2,9169.23,0.1,UPI,Delivered,5,3,web
O003488,1,2026-02-17,C00599,P0051,2,4089.87,0.2,UPI,Delivered,2,4,APP
O001625,2,2025-11-03,C01411,P0130,1,16903.48,0.15,UPI,Delivered,2,5,web
O002398,1,2026-01-29,C00661,P0142,2,11298.89,0.1,upi,Delivered,3,5,Web
O003881,1,2025-01-11,C00319,P0022,1,5351.58,0.1,upi,Delivered,7,2,Marketplace
O000945,2,2025-09-10,C01929,P0007,1,11577.47,0.15,UPI,Delivered,4,,Marketplace
O000928,1,2025-02-14,C00873,P0072,5,12522.16,0.2,Wallet,Delivered,8,1,Web
O005394,2,2026-06-08,C00608,P0080,1,21619.36,0.1,Debit Card,Delivered,5,4,APP
O005152,1,2025-09-13,C01329,P0010,1,24207.61,0.05,COD,Delivered,5,3,App
O001447,1,2025-02-25,C01934,P0008,1,22697.84,0.15,credit card,Delivered,6,3,Web
O003632,2,2026-01-31,C01706,P0101,1,8454.77,0.1,UPI,Delivered,7,1,Marketplace
O002960,2,2026-03-03,C00177,P0097,1,3598.25,0.3,Credit Card,Returned,3,4,web
O005406,1,2025-01-07,C01765,P0060,1,17201.94,0.2,UPI,Delivered,5,3,Marketplace
O006430,3,2026-03-01,C01133,P0118,1,3090.08,0.1,credit card,Delivered,6,3,APP
O006259,1,2026-04-08,C00667,P0098,3,13022.0,0.2,UPI,Returned,5,3,Marketplace
O005927,2,2025-03-08,C01169,P0032,1,21004.05,0.1,Credit Card,Delivered,1,,App
O000874,1,2025-03-08,C00895,P0112,2,21336.47,0.25,credit card,Delivered,4,3,Marketplace
O002044,1,2026-06-16,C00525,P0059,1,17220.98,0.1,Wallet,Delivered,3,4,Web
O000976,2,2025-09-14,C00894,P0007,1,11422.41,0,Wallet,Delivered,3,4,App
O002970,1,2026-06-26,C01340,P0032,1,21158.34,0,UPI,Delivered,5,3,web
O005084,1,2025-04-08,C00754,P0063,1,16646.19,0.05,Debit Card,Delivered,4,4,Marketplace
O003555,1,2026-04-08,C01408,P0002,1,10599.88,0.1,Debit Card,Delivered,3,3,web
O001936,1,2025-06-09,C01781,P0023,1,27041.76,0.1,COD,Returned,5,4,Web
O002040,1,2025-01-22,C01910,P0124,1,13776.89,0.15,UPI,Delivered,6,3,web
O000657,1,2026-04-23,C00954,P0001,1,9089.98,0.15,upi,Returned,4,4,APP
O004996,2,2026-06-18,C01375,P0051,3,4150.88,0,Credit Card,Delivered,3,4,web
O006107,1,2025-01-19,C01687,P0104,2,5012.42,0.15,upi,Delivered,5,2,Marketplace
O000036,1,2026-02-10,C00903,P0089,2,17586.65,0.1,Debit Card,Delivered,4,3,Marketplace
O000897,1,2025-10-23,C00502,P0096,1,2825.37,0.05,upi,Delivered,3,4,Web
O005649,1,2025-03-26,C00023,P0114,2,1271.99,0,Credit Card,Delivered,5,3,Web
O000118,2,2026-02-10,C01601,P0037,1,17803.33,0.1,UPI,Delivered,5,,App
O006342,1,2026-05-22,C00937,P0056,1,10709.73,0.3,Debit Card,Delivered,2,5,APP
O005013,1,2026-05-07,C00298,P0113,1,3002.22,0,Wallet,Delivered,5,3,web
O005701,1,2025-10-24,C00841,P0046,1,4094.1,0.15,Debit Card,Delivered,3,4,Web
O005378,1,2025-03-04,C00679,P0056,5,10737.98,0,Debit Card,Delivered,4,4,Web
O001047,2,2026-01-13,C00124,P0018,1,14494.97,0.25,UPI,Delivered,5,3,Marketplace
O002424,4,2025-01-11,C01825,P0094,2,6166.87,0.5,UPI,Delivered,7,2,Web
O001970,1,2025-01-19,C01714,P0064,2,4485.55,0.15,UPI,Delivered,,,Marketplace
O000360,1,2026-03-16,C00396,P0117,2,3466.53,0.15,UPI,Delivered,6,3,Marketplace
O001092,1,2025-03-19,C01774,P0018,2,14026.09,0.15,Wallet,Delivered,5,3,Marketplace
O003846,3,2025-12-28,C01940,P0078,3,26185.54,0.05,UPI,Delivered,4,4,Marketplace
O001498,2,2026-05-21,C00877,P0087,1,6728.48,0.2,COD,Delivered,3,3,Web
O002714,1,2025-09-13,C01819,P0043,1,16049.83,0.1,Cash on Delivery,Delivered,5,4,web
O000390,1,2025-01-10,C01089,P0045,1,27527.97,0,Credit Card,Delivered,4,4,APP
O002623,1,2025-12-03,C00107,P0007,2,11498.38,0.25,Credit Card,Delivered,2,4,APP
O004499,1,2025-08-04,C01348,P0075,1,10595.59,0,COD,Delivered,7,2,APP
O002850,1,2025-07-11,C00804,P0017,1,3281.89,0.05,Cash on Delivery,Cancelled,,,Marketplace
O000777,2,2025-04-16,C00761,P0124,1,14346.37,0.1,Credit Card,Delivered,6,2,web
O000554,1,2026-06-30,C01364,P0049,1,1462.11,0.1,COD,Delivered,4,4,App
O002741,2,2025-08-28,C01012,P0128,2,14683.75,0.1,credit card,Delivered,4,4,web
O005629,2,2025-02-28,C00768,P0129,1,15504.61,0.65,credit card,Delivered,8,2,Web
O003821,1,2026-08-03,C01236,P0043,1,16469.08,0,COD,Delivered,4,4,App
O003955,1,2026-06-17,C01845,P0106,1,2529.24,0.15,Debit Card,Delivered,7,,web
O005117,1,2025-08-02,C01849,P0140,3,13579.62,0.2,Credit Card,Delivered,5,3,Web
O006322,2,2026-01-03,C01626,P0010,1,23515.08,0.25,Credit Card,Delivered,5,3,web
O003385,1,2025-10-09,C01006,P0034,2,8162.41,0,Cash on Delivery,Delivered,6,2,APP
O000754,1,2025-08-26,C00734,P0048,1,1011.49,0.1,Cash on Delivery,Delivered,5,2,Marketplace
O004829,1,2025-10-19,C00656,P0081,2,21704.45,0.15,Wallet,Delivered,7,3,web
O000170,3,2026-02-07,C01959,P0047,1,27636.87,0.15,UPI,Delivered,2,5,APP
O000689,1,2025-02-18,C01856,P0131,1,18733.81,0.05,upi,Delivered,4,3,Web
O000558,2,2026-05-29,C00799,P0100,2,13495.27,0.15,credit card,Delivered,2,4,App
O004242,1,2025-09-07,C00474,P0035,1,17628.67,0.1,Credit Card,Delivered,6,3,web
O001557,4,2026-01-16,C00688,P0014,1,5649.34,0.1,Credit Card,Delivered,5,3,APP
O002894,3,2025-03-03,C00606,P0002,2,10286.0,0.15,UPI,Returned,5,3,APP
O000721,1,2026-08-11,C00175,P0106,2,2620.63,0.05,COD,Delivered,6,3,App
O001512,1,2026-02-04,C01235,P0012,1,8018.69,0.15,upi,Delivered,4,3,Web
O001327,3,2025-06-30,C01443,P0050,4,18044.95,0.2,credit card,Delivered,5,3,Marketplace
O005150,1,2026-01-08,C01733,P0038,1,339.98,0,Cash on Delivery,Delivered,7,2,web
O003061,1,2026-03-12,C00241,P0082,4,15082.25,0,upi,Delivered,4,4,App
O001716,1,2025-05-19,C01671,P0102,3,16643.07,0.2,UPI,Returned,1,4,APP
O006199,1,2025-11-26,C00070,P0061,2,21555.43,0.05,Wallet,Delivered,2,4,APP
O006122,2,2026-03-31,C01728,P0095,1,15399.14,0,Debit Card,Delivered,8,2,web
O001659,2,2025-06-06,C01180,P0127,1,14057.04,0.1,Debit Card,Delivered,3,3,web
O001341,2,2025-02-06,C00640,P0093,1,22455.86,0.25,Debit Card,Delivered,6,3,web
O005376,2,2025-12-20,C01723,P0099,1,19765.31,0.15,Debit Card,Delivered,6,3,Marketplace
O003848,1,2025-02-10,C00044,P0009,1,13906.15,0.2,UPI,Delivered,2,5,Marketplace
O001761,3,2025-03-26,C01291,P0042,1,7025.58,0.5,credit card,Delivered,3,4,Web
O002951,1,2026-07-16,C01483,P0142,1,11559.07,0.1,COD,Delivered,6,3,APP
O000558,3,2026-05-29,C00799,P0077,3,11059.77,0.15,credit card,Delivered,2,4,App
O001919,1,2025-12-13,C01254,P0084,1,16359.23,0.05,upi,Delivered,5,3,Marketplace
O002079,1,2025-06-03,C00705,P0030,3,15035.47,0.2,Credit Card,Returned,2,4,APP
O002588,1,2025-05-14,C00299,P0017,2,3365.46,0.05,Debit Card,Delivered,5,3,Marketplace
O000533,1,2026-02-10,C01607,P0122,2,1205.13,0.05,UPI,Delivered,4,3,App
O002234,1,2026-02-06,C00756,P0101,1,8234.97,0.2,upi,Delivered,8,1,Web
O002811,1,2026-04-13,C01082,P0138,1,994.58,0.2,upi,Returned,3,4,Web
O002808,1,2026-08-07,C01892,P0078,1,26057.38,0.1,COD,Delivered,3,4,web
O000475,2,2025-07-19,C00864,P0069,2,11625.21,0.1,credit card,Returned,4,4,App
O005767,2,2025-04-12,C01619,P0128,3,14221.0,0,credit card,Returned,5,3,web
O001762,1,2025-06-14,C01805,P0070,2,4211.44,0,COD,Delivered,4,4,Marketplace
O000447,3,2026-01-02,C00379,P0089,4,17657.63,0.2,Debit Card,Cancelled,,,APP
O003693,2,2025-03-17,C01188,P0113,1,3111.12,0.1,Debit Card,Delivered,5,3,APP
O002396,1,2026-07-22,C00127,P0044,1,13509.67,0.15,Debit Card,Delivered,8,1,Web
O005741,2,2026-08-31,C00491,P0041,2,19944.49,0.1,upi,Delivered,2,5,Marketplace
O002865,1,2025-01-01,C00770,P0006,1,21004.35,0,Debit Card,Delivered,8,2,Web
O006088,2,2025-05-08,C00646,P0044,1,13750.23,0.15,upi,Delivered,,,App
O003031,4,2026-08-19,C00045,P0111,1,1907.48,0,Debit Card,Delivered,3,4,Web
O006255,1,2025-01-06,C00047,P0002,4,10553.18,0,upi,Delivered,2,5,Web
O005755,1,2026-04-01,C01818,P0085,1,9646.88,0.2,,Delivered,2,4,Web
O005514,2,2026-07-18,C00349,P0007,1,11426.24,0.1,upi,Delivered,4,,Web
O001747,2,2025-01-14,C01720,P0036,1,18729.24,0.2,credit card,Delivered,2,5,web
O004362,1,2025-03-21,C00853,P0067,1,10576.53,0.2,credit card,Delivered,5,3,Web
O002207,1,2025-06-19,C00259,P0010,1,24317.33,0,Debit Card,Delivered,6,3,web
O003815,2,2026-03-23,C01076,P0109,2,14605.23,0.15,Wallet,Delivered,3,4,APP
O001854,4,2025-05-22,C00078,P0054,4,12835.16,0.1,upi,Delivered,3,4,Web
O004483,1,2025-04-17,C01135,P0003,1,18931.6,0.1,Wallet,Delivered,2,4,APP
O003984,2,2025-07-22,C01034,P0084,1,17144.63,0.15,Cash on Delivery,Delivered,5,3,App
O004517,2,2026-03-31,C01067,P0012,3,7800.98,0.25,Credit Card,Delivered,2,5,APP
O006133,2,2025-05-11,C01953,P0008,1,21983.72,0.05,Wallet,Cancelled,,,web
O001739,2,2025-05-24,C00795,P0128,1,14130.89,0.3,credit card,Delivered,3,4,APP
O000708,2,2025-02-06,C01051,P0025,3,3835.39,0.25,credit card,Delivered,4,,APP
O000827,2,2025-11-10,C01910,P0064,4,4714.35,0.2,Cash on Delivery,Returned,6,2,Marketplace
O002448,1,2026-06-12,C00919,P0054,1,12471.21,0.1,Debit Card,Delivered,3,3,Marketplace
O004492,1,2025-01-09,C00284,P0125,3,4369.85,0.05,upi,Delivered,5,3,Marketplace
O002078,1,2026-04-25,C01613,P0137,1,4551.64,0.15,Cash on Delivery,Delivered,5,3,App
O001248,2,2025-01-20,C01086,P0113,1,2996.56,0,COD,Delivered,5,4,App
O006442,3,2025-11-10,C00321,P0014,1,5729.72,0.25,Wallet,Delivered,4,4,web
O004329,1,2025-08-25,C00495,P0133,2,3706.42,0.05,Credit Card,Delivered,6,3,web
O004574,1,2026-07-06,C00580,P0081,2,21644.19,0.1,Wallet,Delivered,7,2,App
O002601,2,2025-10-17,C00114,P0044,1,13632.18,0.2,Cash on Delivery,Delivered,6,2,App
O002562,2,2025-06-01,C00255,P0099,1,20327.79,0.15,UPI,Delivered,7,3,Marketplace
O003067,2,2025-07-03,C00348,P0122,2,1164.78,0,Credit Card,Delivered,9,1,Web
O002718,1,2025-07-01,C00013,P0043,1,15970.87,0,credit card,Delivered,2,5,App
O000319,1,2026-06-28,C01753,P0066,2,22601.08,0.1,UPI,Delivered,4,4,Web
O006225,1,2025-01-03,C00292,P0062,2,19165.44,0.1,Debit Card,Delivered,4,3,web
O003041,1,2025-01-15,C00219,P0112,1,22703.26,0.25,credit card,Delivered,4,,App
O006160,2,2026-06-19,C01835,P0101,1,8319.95,0.25,credit card,Delivered,8,1,App
O000382,1,2025-11-01,C00066,P0116,1,11748.25,0.15,upi,Delivered,6,3,App
O000411,1,2025-02-19,C00444,P0073,1,8893.23,0.05,UPI,Returned,5,3,Web
O002172,4,2025-05-31,C00482,P0001,1,9591.72,0.15,Cash on Delivery,Delivered,7,2,Web
O000952,1,2026-04-02,C01888,P0049,1,1506.5,0.1,Wallet,Delivered,4,4,App
O002680,2,2026-03-29,C00720,P0144,1,8537.87,0.2,COD,Delivered,,,APP
O002664,1,2025-11-14,C01900,P0073,1,9115.89,0,Cash on Delivery,Returned,2,4,App
O002959,1,2025-02-24,C01402,P0095,3,15412.73,0.3,Credit Card,Delivered,3,4,web
O002955,1,2025-04-13,C00786,P0110,1,8658.35,0.05,COD,Delivered,3,3,APP
O003678,2,2026-01-20,C00731,P0064,1,4696.56,0.15,COD,Delivered,6,3,Marketplace
O003867,1,2026-03-05,C01757,P0135,1,3498.32,0,upi,Delivered,4,4,App
O003737,1,2025-06-23,C00037,P0058,2,13416.89,0,credit card,Delivered,3,4,Web
O005868,2,2026-03-13,C01218,P0116,1,11825.4,0.2,upi,Delivered,,,web
O006328,1,2026-06-29,C01750,P0029,1,5054.61,0.1,credit card,Delivered,2,4,Web
O002574,1,2025-07-16,C01109,P0036,1,18107.92,0.1,Debit Card,Returned,4,3,Web
O005576,1,2026-08-10,C01258,P0096,4,3008.68,0.15,Wallet,Cancelled,,,App
O003169,1,2026-04-24,C00852,P0084,1,16260.98,0,Debit Card,Returned,10,1,Marketplace
O001051,1,2025-01-01,C01776,P0065,1,17145.54,0.25,Cash on Delivery,Returned,6,2,APP
O002945,1,2026-07-08,C01409,P0055,1,9135.73,0.05,Cash on Delivery,Delivered,5,,web
O001324,1,2026-06-21,C00124,P0022,1,5200.19,0,Credit Card,Delivered,6,,APP
O003843,1,2026-06-09,C01562,P0006,1,19869.08,0.65,Cash on Delivery,Delivered,5,3,App
O000153,2,2025-02-27,C00007,P0121,1,21267.96,0.1,Cash on Delivery,Delivered,6,3,APP
O005871,1,2026-07-15,C01458,P0063,1,17011.42,0.1,Wallet,Delivered,5,3,Marketplace
O004753,1,2025-04-26,C00022,P0084,1,16898.49,0.2,COD,Delivered,5,2,web
O001674,1,2025-02-12,C00653,P0140,1,13808.39,0.25,UPI,Delivered,6,3,App
O002173,1,2025-09-01,C01757,P0061,1,22559.59,0.2,COD,Delivered,1,4,App
O005953,1,2025-12-12,C01203,P0023,2,27645.88,0,Cash on Delivery,Delivered,3,3,APP
O000117,1,2025-07-15,C01698,P0118,2,3118.37,0.1,Credit Card,Delivered,4,3,App
O002781,1,2025-07-06,C00110,P0036,4,19084.32,0.05,upi,Delivered,3,4,App
O005314,1,2025-06-16,C01335,P0022,1,5411.94,0.05,,Delivered,5,3,APP
O006036,1,2025-04-24,C01467,P0117,1,3565.48,0.1,upi,Delivered,2,4,App
O004674,2,2025-06-16,C00990,P0101,1,8564.68,0.15,credit card,Delivered,4,3,APP
O001763,2,2026-02-22,C00700,P0068,1,9052.91,0.3,UPI,Delivered,4,3,web
O002522,1,2025-11-18,C00148,P0125,1,4620.03,0,Wallet,Delivered,6,2,APP
O000125,1,2025-02-21,C01372,P0125,2,4706.83,0.15,upi,Cancelled,,,web
O005996,2,2026-02-02,C01429,P0067,1,11088.42,0.3,UPI,Delivered,2,5,web
O002218,2,2025-10-22,C00797,P0006,1,20874.33,0.1,COD,Delivered,3,4,APP
O005720,1,2026-06-07,C01334,P0020,1,25915.74,0.1,Credit Card,Cancelled,,,APP
O002792,3,2025-12-27,C01739,P0037,3,18586.8,0.25,UPI,Cancelled,,,Web
O005955,2,2025-11-25,C01913,P0018,1,14354.14,0.15,Cash on Delivery,Delivered,3,4,Web
O002823,3,2025-03-27,C01391,P0090,1,4692.23,0,Credit Card,Delivered,5,3,APP
O004056,3,2026-02-25,C01036,P0109,3,14884.51,0.05,Debit Card,Delivered,8,2,APP
O006083,1,2025-12-17,C00379,P0101,1,8299.55,0.25,UPI,Delivered,1,5,App
O004283,4,2025-02-07,C00081,P0095,1,15647.76,0.2,COD,Returned,2,5,App
O002239,2,2026-01-12,C00299,P0087,1,6400.11,0.15,COD,Delivered,3,4,web
O000298,1,2025-02-01,C00917,P0104,1,4874.71,0,Wallet,Delivered,5,,APP
O000891,1,2025-03-18,C01573,P0089,1,18633.34,0.25,Wallet,Delivered,3,4,Marketplace
O001350,3,2025-04-30,C00541,P0113,1,3065.23,0.65,Debit Card,Delivered,4,3,web
O003657,2,2025-11-10,C01046,P0076,1,26371.98,0,Debit Card,Delivered,5,3,App
O000951,1,2025-06-19,C01884,P0041,1,19776.67,0.15,Wallet,Cancelled,,,web
O004986,2,2026-01-05,C00118,P0034,1,8278.93,0.1,COD,Delivered,5,3,APP
O004985,1,2025-08-02,C01051,P0074,1,10500.35,0.1,upi,Delivered,6,3,App
O001347,2,2026-07-24,C00996,P0073,1,9237.39,0.15,UPI,Delivered,2,5,APP
O003068,2,2025-09-26,C00549,P0064,3,4569.83,0.3,upi,Delivered,2,4,Marketplace
O001537,1,2026-06-02,C00394,P0095,1,15623.62,0.5,UPI,Delivered,6,3,App
O003975,2,2025-08-31,C01502,P0036,2,18832.44,0.25,Cash on Delivery,Delivered,4,3,web
O004435,1,2025-08-22,C00268,P0037,2,18815.19,0.05,upi,Delivered,2,4,Marketplace
O006135,1,2025-01-18,C01450,P0042,1,6945.5,0,Wallet,Delivered,5,2,web
O003695,2,2025-09-22,C01607,P0033,2,614.35,0.15,upi,Delivered,7,2,App
O002181,2,2026-05-22,C01882,P0051,2,4167.38,0.05,COD,Delivered,5,4,APP
O004424,2,2025-03-21,C01028,P0126,1,2004.45,0.15,upi,Delivered,7,2,web
O006151,2,2025-01-07,C00347,P0072,2,11961.29,0.25,upi,Returned,3,5,APP
O002410,2,2026-05-15,C01642,P0110,1,8395.13,0.1,upi,Delivered,4,4,Web
O002226,2,2025-11-11,C01120,P0007,1,11642.57,0.25,upi,Delivered,6,2,Marketplace
O000556,1,2025-01-12,C00401,P0124,1,13926.13,0.2,Wallet,Delivered,6,3,web
O004156,2,2025-02-13,C01294,P0144,1,8247.01,0.05,Credit Card,Delivered,3,4,APP
O001978,1,2026-04-15,C00778,P0031,1,23300.73,0.2,Credit Card,Delivered,1,5,web
O004866,2,2025-11-01,C01934,P0061,1,21550.38,0.15,Cash on Delivery,Delivered,4,3,web
O006091,1,2025-05-31,C01191,P0077,3,11106.94,0.2,Credit Card,Delivered,6,2,APP
O002185,2,2025-07-31,C01709,P0138,1,987.36,0.1,upi,Delivered,5,3,Web
O002619,1,2025-06-16,C01717,P0083,1,5640.5,0.05,UPI,Delivered,4,4,App
O001741,2,2026-08-06,C00330,P0069,1,11511.95,0.05,Debit Card,Delivered,3,4,Web
O001430,2,2026-04-22,C00806,P0065,1,17420.78,0.05,,Returned,5,4,Web
O002813,2,2025-02-04,C00541,P0131,2,18569.76,0.15,Wallet,Delivered,4,4,Marketplace
O000700,3,2026-04-06,C01006,P0095,1,15245.96,0.15,Wallet,Delivered,1,4,App
O000308,1,2025-10-22,C00174,P0014,2,5643.22,0.2,UPI,Delivered,,,web
O004191,1,2026-03-27,C00100,P0046,5,4286.14,0.05,Cash on Delivery,Delivered,7,2,App
O000720,1,2026-06-20,C00771,P0114,4,1230.42,0.15,Wallet,Delivered,3,4,Web
O006431,1,2025-07-20,C01734,P0077,1,10594.47,0.3,Cash on Delivery,Delivered,4,3,APP
O000942,1,2025-10-05,C00855,P0105,1,25281.92,0.2,Credit Card,Delivered,5,4,App
O005920,1,2026-05-13,C01495,P0070,1,4090.67,0.15,Wallet,Delivered,4,4,web
O005144,1,2025-01-21,C00047,P0012,1,7996.17,0,COD,Delivered,5,2,Web
O003131,1,2025-09-15,C01676,P0065,3,17819.3,0.1,credit card,Delivered,6,2,App
O001659,3,2025-06-06,C01180,P0097,2,3447.85,0.2,Debit Card,Delivered,3,3,web
O003890,1,2025-03-29,C01634,P0033,4,623.69,0.05,Debit Card,Delivered,7,1,web
O002585,2,2025-12-05,C01064,P0040,2,12965.67,0.1,upi,Returned,6,3,Web
O004648,3,2025-08-20,C01048,P0020,1,25095.0,0.1,Credit Card,Delivered,4,4,web
O000304,1,2025-07-13,C00467,P0077,2,10789.4,0.2,Credit Card,Delivered,4,3,Marketplace
O000817,2,2026-04-08,C01286,P0073,1,8765.78,0.1,Wallet,Delivered,3,4,Web
O003368,1,2026-03-23,C00827,P0134,1,18627.92,0.1,Cash on Delivery,Delivered,5,4,web
O004319,1,2025-01-16,C01424,P0019,1,24231.39,0.05,credit card,Delivered,5,4,Marketplace
O002764,2,2025-11-27,C00881,P0102,1,17095.98,0,Cash on Delivery,Delivered,2,4,Web
O004848,1,2026-06-05,C01009,P0127,1,14177.68,0.1,Cash on Delivery,Delivered,6,2,App
O005280,2,2026-07-21,C01334,P0013,4,5741.88,0.2,UPI,Delivered,3,4,web
O002900,2,2025-11-20,C00048,P0120,2,13413.06,0.15,credit card,Delivered,3,4,App
O005634,1,2025-05-04,C00565,P0110,2,8457.56,0.1,UPI,Delivered,5,3,Marketplace
O005924,2,2025-11-23,C00006,P0119,2,20403.38,0.1,credit card,Cancelled,,,web
O000044,1,2026-02-13,C01258,P0004,1,18674.19,0.15,Debit Card,Delivered,5,3,Marketplace
O006066,1,2026-02-02,C01775,P0025,1,3905.8,0.2,credit card,Delivered,1,,App
O001477,2,2025-07-09,C00708,P0004,1,18573.0,0.15,Wallet,Delivered,4,4,APP
O005147,2,2025-09-20,C01964,P0019,1,24737.55,0.1,COD,Delivered,4,4,Web
O002576,1,2025-10-20,C00662,P0112,3,22452.01,0,upi,Delivered,6,3,APP
O001392,1,2026-02-08,C01984,P0063,1,17052.79,0.2,Wallet,Returned,4,3,Web
O002654,3,2025-02-21,C01440,P0137,1,4593.46,0,Credit Card,Delivered,4,3,web
O002237,2,2026-04-23,C01559,P0139,2,3558.46,0.1,upi,Delivered,2,4,Marketplace
O003723,3,2026-06-19,C00750,P0064,1,4651.22,0.15,credit card,Delivered,6,2,web
O005562,1,2025-01-22,C00414,P0138,1,992.79,0,credit card,Returned,5,3,Marketplace
O003795,1,2026-02-18,C00465,P0054,2,0,0.15,credit card,Returned,7,2,Web
O004820,1,2026-02-15,C00459,P0110,2,8350.92,0.2,UPI,Delivered,3,4,App
O001793,1,2026-03-22,C01381,P0088,1,26240.87,0.25,upi,Delivered,2,4,Web
O002604,1,2025-05-08,C00769,P0001,2,9560.67,0.2,Debit Card,Delivered,8,2,web
O004492,2,2025-01-09,C00284,P0091,1,244.7,0.1,upi,Delivered,5,3,Marketplace
O005460,2,2025-05-10,C01626,P0069,2,11356.64,0.15,Cash on Delivery,Returned,5,4,APP
O004047,3,2025-02-21,C01176,P0016,2,19694.08,0,Debit Card,Cancelled,,,App
O000637,1,2025-02-01,C01632,P0131,1,18628.92,0,UPI,Delivered,6,3,Web
O005303,1,2026-07-18,C01060,P0036,4,19070.56,0.15,Debit Card,Delivered,3,4,web
O001561,2,2026-08-18,C01743,P0007,1,11511.38,0.05,upi,Delivered,6,2,Web
O003481,2,2025-01-25,C01244,P0058,1,12776.82,0.2,UPI,Delivered,,,web
O004535,1,2025-12-21,C01765,P0056,4,10795.16,0.25,Debit Card,Delivered,5,3,App
O006108,2,2025-03-31,C01609,P0096,1,3001.33,0.3,credit card,Delivered,6,2,Web
O001571,1,2025-05-08,C01234,P0111,2,1835.25,0,Credit Card,Delivered,5,2,Marketplace
O005141,2,2026-02-06,C00164,P0045,1,29456.64,0.05,Credit Card,Delivered,2,4,web
O003766,1,2025-11-20,C01902,P0072,1,12677.36,0.1,Credit Card,Delivered,4,3,web
O002553,2,2025-04-30,C01418,P0071,1,11085.3,0.05,credit card,Delivered,5,3,web
O006221,1,2026-02-15,C00496,P0071,2,11490.67,0.15,Wallet,Delivered,3,4,App
O000385,3,2025-09-26,C00590,P0010,1,24051.77,0.15,Cash on Delivery,Delivered,5,4,web
O002176,1,2025-12-06,C01350,P0055,1,9350.87,0.1,upi,Delivered,6,2,Marketplace
O005722,1,2026-07-11,C00295,P0050,2,17750.97,0,credit card,Delivered,4,,APP
O004830,1,2025-03-20,C00222,P0128,1,14699.71,0,upi,Delivered,3,4,APP
O000456,1,2025-03-19,C01612,P0007,1,11827.56,0.15,credit card,Delivered,6,2,web
O000085,2,2026-01-18,C01473,P0128,4,14085.62,0.05,Wallet,Delivered,3,4,web
O000121,3,2025-06-27,C00570,P0067,3,10585.02,0.1,credit card,Delivered,5,3,App
O004956,1,2025-04-01,C00741,P0123,4,8982.58,0.25,upi,Delivered,4,4,App
O001266,1,2025-11-24,C00223,P0028,1,8592.56,0.25,Cash on Delivery,Cancelled,,,APP
O001060,1,2026-04-27,C01790,P0046,2,4158.62,0.1,Credit Card,Returned,4,3,App
O002236,1,2026-08-01,C00831,P0026,2,14055.01,0.2,COD,Delivered,3,3,App
O000170,2,2026-02-07,C01959,P0125,3,4474.79,0.1,UPI,Delivered,2,5,APP
O001275,1,2026-06-25,C01017,P0139,1,3612.73,0.05,upi,Delivered,6,2,Web
O001161,2,2026-03-17,C01475,P0089,1,18583.85,0.1,upi,Delivered,5,4,APP
O002321,1,2026-06-06,C00699,P0101,1,8084.37,0.05,upi,Returned,4,3,Web
O003727,2,2025-03-27,C00870,P0018,1,14591.56,0.1,COD,Delivered,2,5,APP
O003538,3,2025-10-29,C00636,P0112,3,21072.99,0,UPI,Delivered,4,3,web
O000694,1,2025-08-07,C00696,P0119,3,19720.74,0.25,Wallet,Delivered,5,3,APP
O002556,3,2026-03-11,C00849,P0012,1,7682.06,0.1,Credit Card,Delivered,7,,App
O002201,2,2026-03-18,C01387,P0093,1,23210.04,0.05,UPI,Delivered,3,4,web
O004000,1,2025-05-13,C01514,P0115,1,4855.83,0,credit card,Delivered,3,3,Marketplace
O002974,2,2025-09-22,C01371,P0086,1,3550.6,0.15,COD,Delivered,,,Web
O003313,1,2025-01-15,C01978,P0099,1,20584.8,0,Debit Card,Delivered,3,3,App
O002456,3,2025-11-26,C00721,P0064,1,4769.49,0.1,Credit Card,Delivered,4,3,App
O006105,1,2026-04-08,C00858,P0101,1,7989.09,0.15,Cash on Delivery,Delivered,5,2,App
O002788,2,2025-08-12,C01809,P0048,2,961.46,0.2,Wallet,Returned,5,3,web
O003117,1,2025-03-24,C00868,P0092,1,4106.09,0.2,Cash on Delivery,Delivered,4,4,Marketplace
O003547,2,2025-02-19,C00651,P0043,2,15620.07,0.3,Debit Card,Delivered,2,4,Marketplace
O006390,1,2025-04-22,C00373,P0123,1,8864.79,0.15,Wallet,Delivered,6,2,web
O002974,3,2025-09-22,C01371,P0117,1,3410.33,0,COD,Delivered,,,Web
O003859,2,2025-09-10,C01067,P0044,1,13193.27,0.15,Wallet,Delivered,4,3,Web
O001473,2,2025-07-10,C00329,P0129,3,14780.32,0.5,credit card,Returned,6,2,APP
O002086,1,2026-06-28,C00781,P0016,1,20437.65,0.2,COD,Delivered,4,3,Web
O005580,1,2025-12-21,C01423,P0081,2,22930.67,0,credit card,Delivered,3,4,web
O001944,1,2025-03-09,C01944,P0140,1,13825.05,0.05,UPI,Delivered,3,4,Marketplace
O001170,1,2025-05-20,C01453,P0091,3,243.89,0.1,upi,Delivered,2,4,App
O005724,1,2025-07-08,C01437,P0019,5,24952.81,0.15,Cash on Delivery,Delivered,4,4,APP
O000149,2,2026-08-07,C00107,P0107,1,23216.31,0.05,Wallet,Delivered,7,,App
O002419,1,2025-11-08,C00701,P0120,3,12592.8,0,Debit Card,Delivered,4,4,APP
O000210,2,2026-02-02,C01811,P0067,1,10956.02,0.05,COD,Returned,2,5,Marketplace
O004538,1,2025-09-26,C01271,P0053,1,7289.58,0.15,COD,Delivered,7,3,App
O001313,2,2026-07-02,C00374,P0062,3,18428.56,0.05,Cash on Delivery,Returned,3,4,Web
O003378,1,2025-03-19,C01587,P0110,3,8739.64,0.05,Cash on Delivery,Delivered,,,APP
O006388,1,2025-04-23,C01418,P0137,1,4658.62,0,Debit Card,Delivered,3,4,Marketplace
O003619,2,2025-11-02,C01724,P0028,3,8774.4,0.2,Debit Card,Delivered,5,2,web
O003970,1,2025-03-08,C00334,P0085,1,9815.59,0.1,Debit Card,Delivered,6,2,Marketplace
O004901,1,2025-10-02,C01734,P0012,1,7871.93,0.1,Cash on Delivery,Delivered,1,5,web
O006243,3,2025-05-06,C01147,P0001,2,9203.54,0.05,Wallet,Delivered,5,3,Web
O005630,1,2025-03-30,C00151,P0094,1,6366.26,0.2,Wallet,Delivered,3,4,Marketplace
O003442,1,2026-07-23,C01994,P0086,1,3817.59,0,credit card,Delivered,7,2,Marketplace
O002933,2,2025-02-04,C00966,P0079,1,7387.47,0,Debit Card,Delivered,4,3,APP
O001763,1,2026-02-22,C00700,P0075,1,10997.05,0.15,UPI,Delivered,4,3,web
O003916,1,2026-05-19,C00397,P0138,2,1046.15,0.15,Debit Card,Delivered,5,2,APP
O000999,1,2025-11-27,C00940,P0091,1,246.34,0.3,Wallet,Cancelled,,,Web
O004534,2,2025-04-24,C01656,P0059,1,17753.12,0,Credit Card,Delivered,5,3,App
O003113,1,2025-01-02,C01414,P0073,2,8757.47,0,Credit Card,Delivered,5,3,App
O000020,1,2025-04-02,C00615,P0064,1,4846.67,0,upi,Delivered,4,4,Marketplace
O004430,1,2025-04-11,C01681,P0110,1,8501.32,0.15,Credit Card,Returned,5,3,Web
O002065,1,2025-09-08,C01649,P0109,1,14585.67,0.2,COD,Delivered,2,4,web
O005615,1,2026-03-24,C01745,P0102,1,16952.74,0.15,upi,Returned,4,3,APP
O000392,1,2025-07-05,C01907,P0036,1,18482.44,0.05,upi,Delivered,6,2,Web
O006187,4,2026-05-01,C00722,P0017,5,3143.95,0.15,Debit Card,Delivered,1,5,Marketplace
O002237,3,2026-04-23,C01559,P0110,1,8338.16,0.15,upi,Delivered,2,4,Marketplace
O002141,1,2026-05-22,C00210,P0126,1,2032.53,0.3,Wallet,Delivered,2,5,web
O006183,4,2026-03-15,C01709,P0100,1,14038.54,0,UPI,Delivered,5,3,web
O005614,4,2025-12-27,C01069,P0127,1,14355.84,0.25,COD,Delivered,3,4,APP
O001889,1,2025-06-18,C01463,P0128,2,13711.15,0.15,Credit Card,Delivered,2,4,Marketplace
O000935,2,2025-08-26,C01322,P0079,1,7350.77,0.15,Debit Card,Delivered,4,4,App
O006444,1,2026-06-22,C00635,P0104,2,4814.81,0,Credit Card,Delivered,6,2,Marketplace
O004233,1,2026-06-11,C00138,P0023,1,25989.63,0.15,Debit Card,Delivered,5,2,APP
O002445,1,2025-07-19,C01557,P0110,1,8691.34,0.5,Credit Card,Delivered,6,2,Web
O000670,2,2026-08-05,C00854,P0040,1,13461.31,0.05,UPI,Delivered,5,4,web
O000513,2,2025-06-24,C01989,P0097,1,3636.62,0,Cash on Delivery,Returned,5,3,Web
O003275,2,2025-07-29,C01631,P0142,2,11538.64,0.15,Credit Card,Returned,6,2,APP
O001475,3,2025-08-21,C01854,P0118,2,3052.78,0.15,COD,Cancelled,,,App
O004700,1,2025-04-21,C00090,P0114,3,1238.14,0,COD,Delivered,6,3,App
O002761,1,2026-06-05,C00109,P0131,1,18605.11,0.15,Credit Card,Cancelled,,,APP
O005619,1,2025-10-19,C00480,P0051,2,4173.89,0,Wallet,Delivered,2,5,web
O001718,1,2026-01-20,C01207,P0091,1,245.58,0.1,Credit Card,Delivered,8,2,APP
O000482,1,2025-02-01,C00323,P0113,2,3203.08,0.1,,Delivered,2,5,Web
O003705,1,2026-08-30,C01872,P0027,1,19711.86,0.5,credit card,Delivered,4,4,Web
O001323,1,2026-06-20,C00091,P0011,1,16328.86,0.2,Debit Card,Returned,5,3,Marketplace
O000184,1,2026-02-11,C00032,P0022,2,5364.48,0.05,Credit Card,Delivered,3,4,APP
O003686,1,2025-07-27,C00311,P0058,3,13146.12,0.2,UPI,Delivered,5,3,APP
O003950,1,2026-05-01,C00315,P0109,2,14278.77,0.15,COD,Returned,4,4,web
O004588,2,2026-01-08,C01423,P0139,1,3629.8,0.1,upi,Delivered,2,,Web
O003941,1,2026-01-21,C00302,P0105,1,25448.9,0.2,upi,Delivered,5,3,APP
O005730,1,2026-02-26,C01310,P0129,3,14446.74,0.1,Credit Card,Delivered,1,5,Web
O005415,2,2026-01-11,C01704,P0034,1,8652.62,0,upi,Delivered,3,4,Web
O004487,2,2025-04-11,C00579,P0135,1,3473.96,0.05,UPI,Delivered,3,3,App
O004936,1,2026-03-11,C01454,P0083,2,5641.95,0.1,Credit Card,Delivered,6,3,App
O004397,1,2025-04-25,C00563,P0130,1,17789.94,0.1,upi,Cancelled,,,APP
O002316,2,2025-01-29,C01719,P0097,5,3585.81,0.05,Cash on Delivery,Delivered,3,4,App
O001324,2,2026-06-21,C00124,P0105,2,26722.67,0.05,Credit Card,Delivered,6,,APP
O000683,1,2025-10-31,C01120,P0037,1,18036.35,0.1,Wallet,Delivered,6,3,Marketplace
O001726,1,2025-11-23,C00189,P0124,2,13806.69,0.2,Cash on Delivery,Delivered,6,3,APP
O001447,2,2025-02-25,C01934,P0025,1,4068.62,0.25,credit card,Delivered,6,3,Web
O004578,1,2025-12-26,C00017,P0099,5,19952.24,0.1,Wallet,Returned,5,2,web
O000148,3,2025-04-19,C01134,P0013,1,5698.16,0.05,credit card,Delivered,5,3,App
O003872,1,2025-05-07,C01990,P0064,3,4849.61,0.15,UPI,Delivered,5,3,APP
O003263,3,2026-03-03,C00008,P0050,1,17579.67,0.25,credit card,Delivered,3,3,APP
O005380,1,2026-03-10,C00260,P0103,1,28110.39,0.2,COD,Delivered,7,1,APP
O002367,3,2026-02-18,C01162,P0088,2,25378.34,0.2,upi,Delivered,1,4,Web
O001380,2,2026-05-23,C01372,P0081,1,21719.82,0.25,UPI,Delivered,5,4,Web
O005181,1,2025-07-20,C01843,P0112,1,21539.71,0.05,UPI,Delivered,4,4,App
O000598,1,2025-03-12,C01263,P0081,4,22643.66,0,Wallet,Delivered,3,4,App
O002954,2,2025-01-27,C00567,P0132,1,19145.27,0.1,Cash on Delivery,Delivered,2,5,web
O002611,2,2025-03-13,C00923,P0062,1,19293.24,0.15,upi,Delivered,4,4,App
O004292,3,2026-03-11,C01514,P0092,3,4132.67,0.15,Debit Card,Delivered,5,3,web
O005548,1,2026-06-15,C01268,P0121,2,21502.15,0.1,credit card,Delivered,5,4,Marketplace
O002620,2,2025-07-28,C01088,P0059,1,16995.65,0.15,Wallet,Delivered,3,4,App
O002389,1,2025-07-22,C00702,P0088,1,26500.58,0,Debit Card,Delivered,4,3,APP
O003309,3,2026-03-05,C00284,P0127,2,14570.6,0,Wallet,Cancelled,,,web
O001524,3,2025-09-03,C01048,P0060,3,16459.47,0.05,Credit Card,Delivered,5,4,Marketplace
O002677,2,2025-05-26,C01785,P0076,3,25727.78,0.15,Credit Card,Delivered,3,4,App
O001504,2,2025-05-20,C01017,P0054,1,12637.36,0.25,upi,Delivered,3,,APP
O004878,2,2025-02-10,C01811,P0013,2,5661.32,0.1,credit card,Delivered,2,5,Marketplace
O002479,1,2025-08-31,C01230,P0143,1,4163.53,0.05,Cash on Delivery,Delivered,3,3,Marketplace
O005839,1,2026-04-21,C00146,P0004,1,18476.04,0,Cash on Delivery,Cancelled,,,web
O001421,2,2025-04-20,C01439,P0107,1,22840.4,0.1,upi,Delivered,6,3,App
O005602,2,2025-09-05,C00841,P0047,1,28955.31,0.15,upi,Cancelled,,,APP
O000804,2,2025-07-07,C00840,P0086,3,3641.2,0,Wallet,Delivered,4,4,App
O004112,1,2026-06-14,C01119,P0066,1,23053.33,0.3,Wallet,Delivered,4,3,App
O001832,1,2026-04-29,C00692,P0137,2,4757.76,0.15,UPI,Returned,5,3,Web
O002807,2,2026-08-24,C01272,P0075,1,10449.76,0.3,Credit Card,Delivered,3,4,Marketplace
O000838,3,2025-07-25,C01686,P0063,1,17023.83,0,Debit Card,Delivered,5,3,web
O001038,2,2025-07-25,C01965,P0045,1,27618.86,0.15,Debit Card,Delivered,4,4,APP
O003288,1,2025-05-11,C01797,P0058,2,12549.04,0,Wallet,Delivered,2,,APP
O003333,1,2025-01-20,C00349,P0085,1,10123.39,0,upi,Delivered,3,5,APP
O000372,1,2025-03-16,C01795,P0052,1,18718.2,0,UPI,Delivered,5,4,APP
O001496,1,2025-06-04,C01208,P0103,1,27409.53,0.2,COD,Delivered,5,3,App
O000349,1,2026-01-01,C01506,P0041,1,20497.36,0.1,Cash on Delivery,Cancelled,,,Marketplace
O003147,1,2026-07-20,C01676,P0074,1,10811.49,0.2,COD,Delivered,6,3,Marketplace
O000696,1,2026-04-15,C01330,P0138,1,1032.33,0.25,upi,Delivered,2,5,App
O001507,1,2026-07-08,C01039,P0050,1,17169.34,0.05,Debit Card,Delivered,3,3,Marketplace
O003718,3,2026-05-08,C00621,P0010,1,23487.97,0.05,Cash on Delivery,Delivered,6,2,APP
O000237,2,2025-09-10,C00808,P0138,1,990.63,0,,Cancelled,,,APP
O003178,1,2025-08-25,C00891,P0141,1,12437.74,0.1,COD,Delivered,2,5,APP
O004145,2,2026-08-27,C00238,P0006,1,19752.47,0.2,UPI,Delivered,4,3,Marketplace
O001291,1,2026-02-07,C01474,P0131,1,18353.54,0.25,Wallet,Delivered,6,2,APP
O003664,2,2025-02-01,C00832,P0058,3,12617.31,0.15,credit card,Delivered,3,4,App
O004909,1,2026-01-06,C00832,P0005,1,5377.09,0.25,Credit Card,Delivered,,,APP
O003443,1,2025-07-27,C01117,P0128,1,13880.67,0.3,credit card,Returned,,,web
O005589,2,2026-03-05,C01133,P0125,2,4410.59,0.1,Debit Card,Delivered,2,5,App
O003964,1,2025-03-15,C01904,P0019,5,25639.92,0.05,Wallet,Delivered,3,4,App
O000245,1,2025-10-24,C01967,P0092,4,4071.77,0.1,UPI,Delivered,4,4,Marketplace
O002848,2,2025-11-17,C01627,P0082,2,15695.47,0.1,credit card,Delivered,4,4,APP
O000627,2,2026-07-08,C00810,P0085,1,10396.02,0.2,Credit Card,Delivered,,,Web
O000226,2,2025-12-14,C00706,P0135,1,3335.17,0.3,Cash on Delivery,Delivered,3,3,App
O003852,1,2026-06-11,C01585,P0035,2,18582.37,0.1,COD,Delivered,2,4,Web
O001000,1,2025-02-22,C00169,P0045,1,27820.32,0.25,COD,Delivered,5,2,APP
O003898,2,2025-09-23,C00584,P0061,4,22800.62,0.25,upi,Delivered,3,3,web
O004756,2,2025-10-06,C01912,P0054,1,13235.22,0,Credit Card,Delivered,3,4,Web
O001497,2,2025-01-21,C01136,P0101,4,7973.78,0.1,credit card,Delivered,5,3,Marketplace
O003711,3,2026-05-15,C00103,P0029,2,4769.68,0,Debit Card,Delivered,6,3,web
O001211,3,2026-04-03,C01524,P0067,1,11009.63,0.05,upi,Delivered,6,3,web
O000377,1,2025-12-12,C00343,P0001,1,9405.26,0.1,Credit Card,Returned,4,4,web
O003897,1,2025-06-29,C00970,P0018,1,14648.0,0.2,Cash on Delivery,Delivered,4,3,Web
O005926,1,2026-02-13,C01629,P0095,1,15662.0,0.1,COD,Delivered,7,2,Web
O005025,2,2026-07-15,C01569,P0011,2,16746.72,0,Wallet,Delivered,6,2,APP
O001582,2,2026-01-09,C00028,P0144,1,8079.69,0.2,Cash on Delivery,Delivered,5,3,App
O004839,2,2026-02-03,C01648,P0018,1,14615.61,0.05,Credit Card,Returned,4,4,App
O002651,2,2025-09-07,C00885,P0038,1,326.55,0.1,Wallet,Delivered,3,3,App
O003210,2,2026-06-27,C00411,P0028,1,8398.34,0.15,UPI,Delivered,7,2,APP
O004329,2,2025-08-25,C00495,P0051,2,4253.6,0.2,Credit Card,Delivered,6,3,web
O003754,1,2026-04-19,C01605,P0043,3,16444.12,0.2,Cash on Delivery,Delivered,1,4,APP
O004117,2,2025-11-03,C00779,P0142,1,11603.03,0.5,credit card,Delivered,5,,web
O003091,1,2025-02-10,C00070,P0072,1,12237.82,0.2,COD,Delivered,4,3,Web
O006490,2,2025-08-17,C00286,P0016,1,20915.97,0.1,COD,Cancelled,,,APP
O002530,1,2026-08-18,C00578,P0010,1,23844.27,0.15,Wallet,Delivered,2,5,App
O004614,1,2026-07-02,C00754,P0065,3,17812.03,0.05,upi,Delivered,3,4,Web
O001274,3,2025-05-19,C00793,P0107,4,24170.89,0.15,upi,Delivered,8,2,APP
O004263,1,2025-12-09,C00241,P0024,2,21299.75,0.15,Cash on Delivery,Delivered,6,2,Marketplace
O003189,1,2025-02-07,C01727,P0101,1,8559.21,0,credit card,Delivered,2,4,App
O003910,1,2026-02-14,C01215,P0108,1,21294.33,0,Wallet,Delivered,3,4,App
O004912,1,2025-10-10,C00205,P0010,1,24136.3,0.05,upi,Delivered,4,4,web
O001825,2,2025-01-19,C00215,P0095,3,15250.03,0.1,UPI,Delivered,3,4,Web
O000940,1,2026-05-12,C01979,P0013,2,5626.51,0,credit card,Delivered,4,4,web
O004613,2,2025-09-03,C00517,P0049,1,1398.27,0.1,credit card,Delivered,4,4,web
O000655,3,2025-12-18,C00584,P0008,2,22902.04,0.1,Debit Card,Delivered,7,2,web
O003387,1,2025-02-25,C01251,P0030,2,15138.53,0,upi,Delivered,1,5,Marketplace
O005976,1,2025-09-19,C00770,P0003,1,19370.56,0.05,credit card,Delivered,5,3,APP
O006370,3,2025-03-07,C00468,P0050,2,17157.84,0.15,upi,Delivered,2,4,web
O005899,2,2025-03-12,C01699,P0114,1,1278.25,0.2,upi,Delivered,5,2,Marketplace
O002402,3,2025-07-22,C00463,P0047,1,29184.81,0.5,UPI,Delivered,1,5,Web
O002478,2,2026-03-30,C00756,P0049,2,1490.41,0.2,Cash on Delivery,Delivered,7,,Marketplace
O005482,2,2025-10-06,C00020,P0060,1,16273.62,0,upi,Delivered,6,,APP
O002966,1,2025-09-24,C01363,P0017,1,3374.61,0.3,COD,Delivered,3,4,App
O005990,3,2025-08-11,C01671,P0049,1,1470.99,0.1,COD,Delivered,4,4,Marketplace
O003202,1,2026-01-09,C01637,P0074,1,10571.31,0.25,upi,Delivered,3,4,Web
O000772,2,2025-03-18,C00576,P0120,3,12431.81,0,Wallet,Cancelled,,,Marketplace
O000578,1,2025-01-04,C00169,P0018,2,13709.19,0.25,Wallet,Delivered,4,4,Web
O005494,1,2025-11-04,C01951,P0138,2,1002.88,0.25,Cash on Delivery,Cancelled,,,web
O002424,1,2025-01-11,C01825,P0026,1,14591.5,0.05,UPI,Delivered,7,2,Web
O000579,1,2025-09-16,C00565,P0124,1,13337.64,0.3,UPI,Delivered,1,5,APP
O002052,1,2026-05-21,C00813,P0071,1,10961.11,0.3,Credit Card,Delivered,3,4,web
O002859,2,2025-06-09,C01365,P0078,1,26841.61,0,Cash on Delivery,Delivered,7,3,App
O000543,1,2025-04-17,C00458,P0096,3,2946.37,0.3,Wallet,Delivered,2,5,Web
O004241,2,2025-08-08,C01819,P0021,1,22971.21,0.1,Debit Card,Delivered,4,3,Marketplace
O005638,1,2026-07-08,C00777,P0122,1,1202.07,0.2,credit card,Delivered,5,3,Marketplace
O006417,2,2025-10-25,C01682,P0059,1,17436.22,0.2,COD,Delivered,4,3,Marketplace
O006285,1,2025-01-13,C00006,P0112,1,22653.31,0.2,Debit Card,Delivered,5,2,App
O003234,2,2026-06-27,C00288,P0016,4,19879.77,0,Debit Card,Delivered,3,4,Marketplace
O001333,1,2026-03-03,C00436,P0130,1,17292.53,0.1,credit card,Cancelled,,,App
O002378,1,2025-07-18,C00028,P0008,1,22598.67,0.15,Wallet,Returned,5,3,Web
O005343,3,2026-08-18,C01475,P0097,1,3459.79,0,Wallet,Cancelled,,,Marketplace
O006435,1,2025-04-01,C01926,P0120,2,12971.94,0.3,Cash on Delivery,Delivered,8,2,App
O002442,2,2025-03-11,C01641,P0043,1,15504.85,0.2,Wallet,Returned,4,3,Marketplace
O005387,1,2025-12-01,C00227,P0121,2,21361.43,0.2,upi,Delivered,5,,web
O001387,2,2025-11-10,C00686,P0077,1,10955.19,0.1,UPI,Delivered,3,5,APP
O002350,2,2025-07-13,C00359,P0033,1,639.86,0,UPI,Delivered,5,3,App
O005617,2,2025-07-09,C01697,P0094,1,6107.5,0.25,credit card,Delivered,5,3,App
O000125,2,2025-02-21,C01372,P0075,1,10759.62,0.05,upi,Cancelled,,,web
O003371,1,2026-07-03,C00803,P0012,1,8023.3,0.15,credit card,Delivered,4,4,APP
O005846,2,2025-04-16,C00964,P0086,1,0,0.3,COD,Delivered,4,,APP
O004194,1,2025-09-17,C01861,P0093,1,23313.82,0.25,Debit Card,Delivered,6,3,App
O001788,3,2025-12-08,C00343,P0012,2,7953.85,0.05,Credit Card,Delivered,,,Web
O002313,1,2026-03-28,C00134,P0132,2,18871.24,0.25,COD,Delivered,2,4,APP
O005249,1,2025-05-30,C00762,P0109,1,14896.41,0.1,UPI,Delivered,5,2,APP
O001755,1,2025-09-13,C00016,P0042,1,6794.89,0.25,credit card,Delivered,4,3,App
O005802,2,2025-07-28,C00537,P0021,2,21221.52,0,UPI,Delivered,6,2,Marketplace
O000744,2,2026-01-17,C00047,P0089,3,18344.51,0.1,upi,Delivered,6,3,Marketplace
O001176,1,2026-05-20,C00740,P0014,3,5806.27,0.2,Wallet,Delivered,7,3,web
O003648,1,2026-03-21,C00436,P0032,1,21309.77,0.05,Wallet,Delivered,5,3,App
O002926,1,2025-11-09,C00001,P0122,2,1210.37,0.25,UPI,Cancelled,,,web
O002833,3,2026-05-12,C00130,P0112,1,21874.46,0.3,COD,Delivered,5,3,web
O005733,1,2025-03-30,C00405,P0125,1,4641.26,0.1,COD,Returned,1,4,web
O000677,1,2025-12-08,C01311,P0116,1,12223.81,0.15,Cash on Delivery,Delivered,4,3,Web
O000254,1,2025-12-10,C01631,P0003,2,18988.55,0.15,Cash on Delivery,Delivered,3,4,Marketplace
O006126,3,2026-06-25,C00313,P0016,1,20384.62,0.3,upi,Delivered,3,4,App
O001130,1,2025-11-24,C01085,P0108,1,20992.94,0.05,UPI,Delivered,4,4,Marketplace
O003145,1,2026-05-22,C00431,P0007,1,11427.85,0.3,UPI,Delivered,6,2,Web
O000397,2,2025-10-22,C01716,P0051,3,4113.6,0,UPI,Delivered,6,2,App
O004119,2,2025-12-16,C00341,P0075,2,10359.0,0,Credit Card,Delivered,7,3,App
O005818,2,2025-10-29,C00252,P0113,2,2988.08,0.2,upi,Delivered,6,3,web
O006134,1,2025-07-13,C00853,P0066,3,23171.71,0.1,,Delivered,10,1,Web
O006011,2,2026-03-18,C01304,P0061,1,21567.54,0.15,UPI,Delivered,4,4,Marketplace
O005797,2,2026-03-16,C00147,P0032,1,21207.99,0,COD,Delivered,7,2,App
O005390,1,2025-09-06,C00391,P0085,1,10024.7,0.05,Credit Card,Delivered,4,3,web
O001208,1,2026-03-01,C00200,P0095,1,15306.91,0.05,Credit Card,Delivered,5,2,App
O003307,1,2025-07-11,C00520,P0089,4,17650.02,0,credit card,Delivered,2,4,web
O003915,1,2025-02-22,C00570,P0114,1,1198.58,0.15,Debit Card,Delivered,3,,APP
O003099,1,2025-04-04,C00441,P0021,1,21686.42,0.2,Debit Card,Delivered,3,4,APP
O005493,2,2026-08-11,C01240,P0027,4,20001.22,0.25,Credit Card,Delivered,,,web
O004226,1,2025-07-28,C01106,P0050,2,18286.82,0.15,Credit Card,Delivered,1,4,web
O004736,2,2025-03-19,C00679,P0107,1,22895.17,0,Credit Card,Delivered,5,3,Marketplace
O002015,2,2026-02-08,C01860,P0055,1,9152.15,0.15,Credit Card,Delivered,3,4,Web
O005946,1,2025-08-23,C00264,P0119,1,20340.72,0.05,COD,Delivered,4,3,Web
O001723,1,2026-04-07,C00066,P0064,1,4589.55,0.15,Debit Card,Delivered,5,3,APP
O000344,4,2026-07-30,C00417,P0074,3,10745.08,0.1,Wallet,Delivered,4,4,Web
O000063,2,2025-05-13,C00950,P0008,1,22413.4,0.2,UPI,Delivered,5,3,Web
O002095,2,2025-11-03,C00026,P0019,1,24603.94,0.05,COD,Delivered,4,4,Marketplace
O006174,3,2026-08-13,C00287,P0075,4,10798.33,0.2,UPI,Delivered,6,3,Marketplace
O002417,1,2026-04-14,C00655,P0082,1,14835.66,0.05,credit card,Delivered,4,3,Marketplace
O001662,1,2025-10-25,C01742,P0032,1,19992.69,0.2,Wallet,Delivered,2,5,APP
O001396,1,2025-03-23,C01232,P0035,1,17601.65,0.2,credit card,Delivered,8,1,APP
O005571,2,2026-05-22,C01027,P0059,1,18085.24,0.1,upi,Delivered,4,3,web
O000189,2,2026-06-26,C01912,P0051,1,4149.93,0.05,credit card,Delivered,5,3,web
O003276,2,2025-10-28,C01627,P0055,1,9111.85,0.05,COD,Cancelled,,,Web
O004520,2,2025-04-29,C00359,P0019,1,24263.57,0,,Delivered,6,3,App
O004125,2,2025-06-21,C01094,P0110,2,8337.27,0.1,UPI,Delivered,6,3,App
O004541,1,2025-07-23,C00628,P0121,1,22069.37,0.15,Wallet,Delivered,6,3,Marketplace
O006190,1,2026-02-09,C01281,P0061,1,21538.27,0.2,COD,Returned,2,5,APP
O005389,2,2025-05-16,C00333,P0025,1,3960.31,0.1,credit card,Delivered,3,3,web
O006175,2,2026-04-17,C01312,P0102,4,16647.86,0.05,Cash on Delivery,Delivered,6,3,App
O003296,3,2026-08-23,C01939,P0061,1,0,0.05,Cash on Delivery,Delivered,3,4,Marketplace
O002804,1,2025-11-20,C01636,P0102,1,16263.13,0.65,Wallet,Delivered,3,3,Marketplace
O003827,1,2025-03-05,C00522,P0069,2,11669.59,0.25,Cash on Delivery,Delivered,5,3,App
O003377,3,2025-03-27,C00914,P0016,3,19970.24,0.1,Credit Card,Returned,3,4,APP
O001298,1,2025-12-03,C00334,P0050,1,18076.4,0.15,credit card,Delivered,2,4,Marketplace
O002473,1,2025-04-20,C01682,P0139,1,3475.09,0.25,upi,Cancelled,,,Web
O001103,1,2025-09-03,C00849,P0066,2,23338.47,0.3,upi,Delivered,6,2,APP
O005753,3,2026-03-03,C00650,P0032,3,20435.77,0.25,Credit Card,Delivered,3,3,web
O005419,1,2025-01-01,C01999,P0078,1,26868.83,0.05,credit card,Delivered,2,4,App
O000064,2,2026-08-16,C00243,P0012,3,7973.98,0,COD,Delivered,1,4,APP
O003865,1,2026-07-21,C01578,P0087,1,6776.98,0.1,Debit Card,Cancelled,,,Marketplace
O001187,1,2025-06-26,C00621,P0082,1,15119.51,0.65,upi,Returned,6,2,App
O004666,3,2025-03-01,C00805,P0113,1,3200.1,0.05,Debit Card,Returned,6,3,APP
O006333,1,2026-01-07,C01571,P0031,1,23238.33,0,Wallet,Delivered,4,4,App
O005413,2,2026-06-11,C01303,P0011,1,16249.58,0.25,Wallet,Delivered,4,,APP
O002693,2,2025-03-30,C00890,P0069,4,11528.73,0,Cash on Delivery,Delivered,4,4,web
O001984,1,2025-03-07,C01745,P0123,1,9070.17,0.25,upi,Delivered,4,3,Marketplace
O001706,2,2025-05-29,C00977,P0028,1,8484.66,0,upi,Delivered,6,2,Marketplace
O005522,2,2025-12-22,C01462,P0041,3,20084.39,0.1,UPI,Delivered,2,5,App
O002386,1,2026-04-27,C00816,P0099,5,20160.94,0.05,UPI,Delivered,2,4,web
O005488,3,2025-07-27,C01824,P0033,1,628.37,0,upi,Delivered,2,4,Marketplace
O000892,1,2026-06-13,C01451,P0135,1,3297.54,0.2,Cash on Delivery,Delivered,6,3,web
O004259,1,2025-05-26,C00461,P0003,1,18825.66,0.2,credit card,Returned,3,4,Web
O004785,1,2026-03-30,C00525,P0090,1,4956.36,0.15,UPI,Delivered,6,3,APP
O003752,2,2025-06-01,C01146,P0006,1,20574.65,0.05,COD,Delivered,3,4,APP
O002124,1,2026-01-30,C01455,P0049,1,1397.57,0.05,Wallet,Delivered,4,3,Marketplace
O002412,1,2025-11-06,C00867,P0076,5,26600.98,0.25,upi,Delivered,5,4,App
O001474,1,2025-04-09,C00570,P0040,1,13210.15,0.15,Credit Card,Delivered,4,3,Web
O002232,1,2026-07-29,C01079,P0060,2,16998.32,0.2,UPI,Delivered,5,3,Marketplace
O005996,1,2026-02-02,C01429,P0004,1,19248.21,0.1,UPI,Delivered,2,5,web
O000921,1,2026-04-05,C00526,P0108,2,21480.46,0.05,Wallet,Returned,6,3,Marketplace
O004906,3,2025-06-29,C01233,P0030,2,14841.69,0.25,Debit Card,Returned,4,,App
O002351,1,2025-07-12,C00835,P0028,1,8274.07,0.15,Cash on Delivery,Delivered,3,3,Web
O003487,2,2026-05-01,C00859,P0122,4,1163.04,0.25,UPI,Delivered,4,4,Web
O002983,2,2025-07-23,C00003,P0084,1,17128.54,0.15,credit card,Cancelled,,,Web
O001702,3,2026-05-16,C00961,P0129,2,14915.72,0,upi,Returned,5,3,Web
O005502,2,2025-01-14,C00873,P0022,2,5470.11,0.1,upi,Delivered,2,4,APP
O005010,1,2025-01-21,C01101,P0086,1,3689.22,0.2,Debit Card,Delivered,6,,App
O005820,2,2025-03-01,C01020,P0064,2,4707.01,0.1,credit card,Delivered,2,4,APP
O002853,2,2025-12-26,C00557,P0102,3,16614.05,0.3,Cash on Delivery,Delivered,7,2,App
O001942,1,2026-06-27,C00472,P0055,2,9161.72,0.2,,Delivered,5,,Marketplace
O002792,3,2025-12-27,C01739,P0037,3,18586.8,0.25,UPI,Cancelled,,,Web
O005808,3,2025-08-04,C01705,P0039,1,12028.4,0,Debit Card,Delivered,6,2,Marketplace
O002175,1,2026-08-25,C00990,P0027,1,19910.08,0.15,upi,Delivered,2,4,App
O002130,1,2025-11-24,C01902,P0039,1,12093.25,0.05,Credit Card,Delivered,6,3,APP
O002598,3,2025-03-30,C00401,P0051,1,4055.3,0.2,Debit Card,Delivered,4,4,Web
O001633,2,2025-11-17,C01591,P0105,1,26070.83,0.05,COD,Delivered,4,4,Marketplace
O003471,1,2025-10-03,C00103,P0112,2,21482.8,0.3,Credit Card,Delivered,5,3,APP
O001324,2,2026-06-21,C00124,P0105,2,26722.67,0.05,Credit Card,Delivered,6,,APP
O001538,2,2026-02-02,C01051,P0002,1,10460.62,0.05,credit card,Delivered,6,3,App
O004858,2,2025-07-24,C01542,P0062,2,18923.51,0.15,Credit Card,Returned,3,4,Web
O000861,2,2025-03-11,C00033,P0072,1,12673.14,0.15,Wallet,Delivered,5,2,Marketplace
O000221,2,2025-03-04,C00444,P0114,1,1273.04,0.15,COD,Delivered,4,4,Web
O004635,2,2026-06-21,C01675,P0093,1,22609.07,0.1,UPI,Delivered,6,3,Web
O002759,1,2026-07-17,C00608,P0068,1,9191.73,0.1,Credit Card,Delivered,4,4,web
O005879,1,2025-07-21,C00031,P0051,1,4092.52,0.05,Debit Card,Delivered,1,5,web
O001168,1,2026-01-22,C01587,P0016,3,20694.57,0.2,Cash on Delivery,Delivered,3,3,APP
O001370,2,2025-04-01,C00855,P0057,2,4768.39,0.15,upi,Delivered,2,4,APP
O001142,1,2026-05-31,C01660,P0075,1,10572.3,0.3,COD,Delivered,3,4,App
O000747,1,2025-08-22,C01222,P0090,1,4637.94,0,COD,Delivered,3,4,Marketplace
O003337,1,2026-08-13,C00001,P0114,3,1239.35,0.3,UPI,Delivered,4,4,App
O005482,3,2025-10-06,C00020,P0130,1,16940.78,0.1,upi,Delivered,6,,APP
O003220,1,2025-11-15,C01963,P0019,1,24156.72,0.05,Cash on Delivery,Delivered,3,4,Marketplace
O004707,1,2025-01-13,C00047,P0065,3,17382.57,0.15,credit card,Delivered,4,3,web
O000127,1,2026-08-29,C01801,P0139,1,3658.99,0.2,credit card,Delivered,4,3,APP
O001633,1,2025-11-17,C01591,P0016,1,20998.43,0,COD,Delivered,4,4,Marketplace
O005113,2,2025-09-24,C00267,P0022,1,5385.22,0,Credit Card,Delivered,4,4,web
O004723,2,2025-08-29,C00968,P0115,1,4930.9,0.25,Cash on Delivery,Delivered,2,4,Marketplace
O003219,2,2025-04-10,C01626,P0112,1,21319.52,0.15,Cash on Delivery,Returned,3,,App
O002429,1,2025-07-08,C00707,P0028,1,8224.94,0.15,credit card,Delivered,4,3,web
O004134,2,2025-09-15,C00974,P0144,1,8170.16,0.15,credit card,Delivered,6,3,web
O001854,1,2025-05-22,C00078,P0130,2,17096.81,0.05,upi,Delivered,3,4,Web
O000870,2,2025-11-19,C01808,P0061,3,22065.38,0.3,upi,Delivered,4,3,Web
O002620,3,2025-07-28,C01088,P0091,1,243.63,0.05,Wallet,Delivered,3,4,App
O003385,2,2025-10-09,C01006,P0068,2,9387.06,0.25,Cash on Delivery,Delivered,6,2,APP
O005910,1,2025-12-09,C01558,P0009,1,14286.23,0,,Delivered,1,4,APP
O002618,1,2025-08-27,C01211,P0094,3,6209.61,0.15,COD,Delivered,4,4,APP
O001015,1,2025-04-19,C00848,P0033,2,623.8,0.05,Debit Card,Delivered,3,4,App
O006249,2,2025-09-16,C00662,P0136,1,13454.01,0.1,upi,Delivered,4,,Web
O004583,3,2026-05-06,C01528,P0086,5,3672.75,0.15,upi,Delivered,4,4,APP
O005410,1,2026-07-17,C01009,P0021,2,22041.83,0.1,Wallet,Delivered,5,2,App
O002453,1,2025-01-23,C01462,P0032,1,20138.89,0.1,Cash on Delivery,Delivered,7,3,APP
O005145,1,2025-07-16,C01646,P0089,1,17623.06,0.2,upi,Delivered,4,3,App
O003937,1,2026-01-14,C01964,P0063,1,17814.77,0,COD,Delivered,4,3,Web
O000292,1,2026-02-01,C00836,P0097,1,3405.07,0.1,Cash on Delivery,Delivered,1,5,APP
O005257,1,2026-01-17,C00069,P0134,4,19045.82,0.3,Credit Card,Delivered,4,3,Web
O005815,1,2026-02-23,C01106,P0007,2,12108.69,0.15,Credit Card,Delivered,3,4,Marketplace
O003902,4,2025-01-03,C01983,P0111,1,1935.49,0.1,Wallet,Delivered,7,2,web
O001202,2,2026-05-07,C00025,P0123,5,9208.41,0.1,COD,Returned,7,3,Marketplace
O004466,3,2025-01-03,C00510,P0056,1,10529.94,0.05,credit card,Delivered,3,5,Web
O003266,1,2026-08-23,C00497,P0102,1,16815.03,0.1,Credit Card,Returned,5,3,App
O005281,1,2026-06-24,C00184,P0031,2,23266.98,0.2,Credit Card,Delivered,6,2,App
O004321,2,2025-09-09,C00823,P0050,1,17464.27,0,COD,Delivered,5,3,Marketplace
O005203,1,2025-12-27,C01553,P0036,1,19273.47,0.15,credit card,Delivered,1,4,App
O005869,2,2026-07-21,C00719,P0056,1,10848.94,0.2,Debit Card,Delivered,2,4,APP
O001578,2,2025-10-08,C00814,P0023,1,25895.96,0.2,,Delivered,6,2,web
O002347,2,2025-10-19,C00395,P0070,2,4151.09,0.05,UPI,Delivered,4,4,App
O002733,2,2026-05-17,C01881,P0133,1,3742.42,0.05,upi,Delivered,2,4,App
O005355,3,2025-02-08,C00758,P0106,1,2515.75,0.3,Credit Card,Cancelled,,,Marketplace
O000092,1,2025-12-16,C01793,P0034,1,8675.29,0.15,Credit Card,Delivered,3,3,APP
O002147,1,2026-02-21,C01265,P0110,2,8208.74,0.2,Credit Card,Delivered,6,2,web
O002133,1,2026-01-06,C01473,P0105,1,24762.75,0.2,upi,Delivered,1,5,APP
O001148,2,2025-08-09,C00069,P0032,1,21385.03,0.15,Debit Card,Delivered,8,1,Marketplace
O002683,1,2025-01-29,C00787,P0080,2,23359.61,0.15,upi,Delivered,2,4,APP
O002141,2,2026-05-22,C00210,P0060,1,17390.12,0,Wallet,Delivered,2,5,web
O006237,2,2025-11-22,C01833,P0077,1,11138.03,0.3,Credit Card,Returned,2,5,Web
O002468,2,2025-08-11,C00370,P0136,1,14094.56,0,Wallet,Delivered,7,2,Web
O005908,2,2025-08-03,C01501,P0120,1,12763.41,0.1,Debit Card,Delivered,4,3,Marketplace
O005642,2,2025-12-15,C00210,P0131,2,18969.24,0.1,upi,Returned,11,1,APP
O003399,2,2026-05-24,C00696,P0079,1,7821.84,0,Debit Card,Delivered,4,3,APP
O004948,1,2026-08-01,C01240,P0013,5,5474.89,0,upi,Delivered,3,4,web
O005178,1,2026-02-10,C01119,P0004,1,19336.23,0,Credit Card,Delivered,4,4,APP
O003681,1,2025-12-01,C01827,P0115,1,4677.93,0.15,COD,Delivered,2,4,Web
O003669,3,2025-10-19,C00417,P0067,1,11028.94,0.05,credit card,Returned,5,,Marketplace
O001787,1,2025-12-05,C01175,P0049,1,1411.95,0,COD,Delivered,5,4,Marketplace
O004593,2,2025-11-07,C01488,P0018,1,13943.54,0.3,Credit Card,Delivered,4,3,APP
O005832,1,2026-06-14,C00840,P0114,2,1261.19,0.05,COD,Delivered,1,4,Marketplace
O004300,1,2025-12-27,C00118,P0112,3,21556.47,0.1,Wallet,Delivered,5,3,Marketplace
O000154,1,2025-11-09,C00349,P0104,1,5161.3,0.1,COD,Delivered,6,3,APP
O006256,3,2026-08-21,C01245,P0017,3,3155.44,0.15,credit card,Delivered,4,4,web
O003354,2,2025-12-10,C01965,P0129,1,14526.4,0.2,UPI,Delivered,3,4,Marketplace
O005295,2,2025-01-23,C01433,P0131,1,17876.09,0,Debit Card,Delivered,4,3,APP
O004212,1,2025-07-18,C01154,P0042,3,6991.76,0.2,Credit Card,Delivered,2,4,App
O001348,1,2025-10-30,C00691,P0144,2,8194.85,0.1,Debit Card,Delivered,5,4,Web
O004155,2,2025-06-23,C01270,P0142,1,12077.8,0.5,Wallet,Delivered,5,2,Marketplace
O002582,1,2025-08-17,C01796,P0048,4,1013.37,0.1,credit card,Delivered,1,5,APP
O004414,1,2025-01-03,C01150,P0076,1,27600.01,0.05,credit card,Delivered,4,4,Marketplace
O005375,2,2025-12-28,C01332,P0136,1,14201.24,0.1,COD,Cancelled,,,APP
O003826,1,2026-02-13,C01517,P0101,1,8239.86,0.15,Credit Card,Delivered,5,,APP
O000653,1,2026-06-09,C00813,P0061,1,22981.91,0.15,upi,Delivered,1,5,Marketplace
O004085,1,2026-01-09,C01251,P0015,1,23115.75,0.15,COD,Delivered,8,2,APP
O005010,2,2025-01-21,C01101,P0114,3,1229.8,0.25,Debit Card,Delivered,6,,App
O000938,2,2025-12-24,C01985,P0139,1,3444.59,0.15,Cash on Delivery,Delivered,4,3,Marketplace
O006089,4,2026-05-12,C00086,P0085,1,10000.24,0.1,Credit Card,Delivered,5,3,App
O000552,2,2026-08-29,C01938,P0100,1,13416.24,0.1,upi,Delivered,5,3,APP
O005159,2,2025-06-08,C01496,P0044,1,13448.62,0.15,credit card,Delivered,7,3,Marketplace
O002971,2,2025-02-04,C01441,P0033,3,646.98,0.25,Debit Card,Delivered,2,5,APP
O001493,1,2026-02-08,C01721,P0086,1,3764.56,0.05,Debit Card,Delivered,7,2,Marketplace
O000248,1,2026-02-13,C00001,P0050,1,17179.68,0.2,COD,Delivered,5,2,App
O006065,1,2025-03-20,C01504,P0107,2,23223.2,0.15,credit card,Delivered,3,4,Marketplace
O002263,1,2025-04-10,C00738,P0095,1,15482.99,0.2,COD,Delivered,7,2,Marketplace
O003566,2,2025-07-30,C01995,P0131,1,18471.06,0.2,Credit Card,Delivered,1,5,web
O005168,1,2026-05-15,C01149,P0058,2,12731.36,0,Debit Card,Delivered,2,4,App
O000228,1,2025-04-17,C01712,P0048,5,1005.75,0,UPI,Delivered,7,2,APP
O001658,1,2025-05-18,C00677,P0009,1,13853.17,0.2,upi,Delivered,7,2,APP
O003473,1,2026-04-09,C00794,P0024,5,20803.6,0.15,COD,Delivered,5,3,Marketplace
O005331,1,2026-05-09,C01165,P0116,1,12063.44,0.05,UPI,Delivered,8,,Web
O000879,1,2025-01-11,C01931,P0037,2,18610.79,0.2,UPI,Delivered,4,3,Web
O003430,2,2026-01-18,C00744,P0015,1,22540.06,0.1,Cash on Delivery,Delivered,7,2,App
O006260,2,2026-07-31,C00724,P0014,1,5680.1,0.25,UPI,Returned,6,3,Marketplace
O003928,1,2025-01-17,C01277,P0022,1,5449.25,0.15,Credit Card,Cancelled,,,App
O002472,1,2025-04-27,C00298,P0097,1,3467.46,0.1,Cash on Delivery,Cancelled,,,Web
O001931,2,2025-12-22,C01605,P0113,1,2995.59,0,upi,Delivered,7,2,APP
O004630,1,2025-06-10,C01868,P0106,1,2480.02,0.15,Credit Card,Delivered,2,5,APP
O006326,2,2025-07-07,C01895,P0073,2,8757.05,0,Cash on Delivery,Cancelled,,,Marketplace
O004126,1,2026-06-03,C00516,P0037,4,18726.38,0.2,upi,Delivered,2,4,Marketplace
O002483,2,2025-03-29,C00043,P0137,2,4712.23,0.2,Wallet,Delivered,7,1,APP
O006361,2,2025-12-07,C00076,P0041,1,21148.9,0.1,credit card,Delivered,3,,Marketplace
O000963,2,2025-03-31,C01120,P0099,5,20646.92,0.2,Cash on Delivery,Delivered,4,4,Marketplace
O004152,1,2026-01-16,C00977,P0068,1,9242.41,0.15,COD,Returned,4,3,Marketplace
O005312,2,2026-06-21,C01242,P0081,1,23194.85,0.1,Credit Card,Delivered,3,,App
O002896,3,2025-11-28,C00515,P0141,3,13192.12,0.2,upi,Delivered,2,5,Marketplace
O005498,1,2026-05-27,C01954,P0083,2,5450.39,0.2,Credit Card,Returned,2,4,web
O002922,1,2025-08-01,C01030,P0075,1,10849.72,0.15,COD,Returned,3,4,App
O001869,1,2025-12-26,C01226,P0069,1,11348.7,0.05,upi,Delivered,4,4,Marketplace
O003820,2,2025-01-04,C01810,P0123,4,9318.44,0.05,UPI,Delivered,6,2,App
O002002,1,2026-08-16,C01713,P0044,1,13228.99,0.15,UPI,Delivered,,,web
O000026,1,2026-08-10,C00617,P0013,2,5604.21,0.1,Debit Card,Delivered,4,4,Marketplace
O003445,1,2025-12-08,C01109,P0057,1,4606.02,0.15,upi,Delivered,4,3,App
O002049,2,2026-05-07,C01111,P0076,3,26853.79,0,COD,Delivered,5,2,App
O000101,2,2025-03-15,C00451,P0103,1,27873.06,0.3,Credit Card,Delivered,5,3,web
O003610,1,2025-11-03,C01544,P0041,1,21079.17,0,COD,Delivered,4,4,web
O001187,3,2025-06-26,C00621,P0102,1,16308.77,0.2,upi,Returned,6,2,App
O005348,1,2026-04-04,C01208,P0011,1,16778.25,0.15,UPI,Delivered,3,4,web
O001075,2,2025-01-21,C00601,P0009,2,14298.89,0.25,Wallet,Delivered,2,4,Web
O005943,1,2026-07-17,C01812,P0064,2,4576.04,0,Credit Card,Delivered,5,2,Web
O002253,2,2025-07-04,C01498,P0009,2,14728.2,0.25,UPI,Delivered,5,2,web
O005937,1,2026-05-04,C00793,P0114,1,1211.08,0.15,Cash on Delivery,Delivered,6,3,Marketplace
O003813,1,2025-08-09,C01248,P0008,1,22687.71,0,upi,Delivered,4,4,APP
O000510,2,2025-11-03,C01771,P0027,1,20298.04,0.15,Credit Card,Delivered,8,1,App
O000008,3,2026-07-11,C01574,P0081,3,22219.17,0.15,upi,Returned,4,4,Marketplace
O005598,1,2025-10-05,C00572,P0079,4,7317.34,0.05,Credit Card,Delivered,6,2,APP
O005364,1,2025-12-14,C00177,P0068,2,9069.51,0.05,Cash on Delivery,Delivered,3,4,APP
O004515,3,2025-05-04,C01777,P0011,1,17046.12,0,upi,Delivered,2,4,App
O003574,2,2025-08-13,C00094,P0022,2,5524.74,0.15,upi,Delivered,6,3,web
O000008,1,2026-07-11,C01574,P0070,2,4058.67,0.15,upi,Returned,4,4,Marketplace
O003288,2,2025-05-11,C01797,P0014,1,5626.94,0.15,Wallet,Delivered,2,,APP
O005888,2,2025-01-30,C00016,P0093,2,23226.64,0.2,COD,Delivered,3,4,APP
O003191,1,2026-02-21,C00971,P0054,1,12870.76,0,Credit Card,Delivered,5,3,web
O000979,3,2026-06-07,C01139,P0115,5,4942.96,0.05,credit card,Delivered,5,3,App
O003896,1,2025-11-25,C01619,P0003,2,19815.09,0.1,Debit Card,Delivered,3,3,Web
O002475,2,2026-03-28,C00395,P0034,4,8329.77,0.1,Credit Card,Delivered,9,2,App
O002917,2,2025-04-19,C00004,P0007,1,11414.5,0.05,Wallet,Delivered,4,4,App
O002516,3,2025-07-02,C00905,P0144,3,8020.81,0.1,UPI,Delivered,5,3,Marketplace
O000418,3,2025-11-24,C00258,P0120,2,12958.63,0.15,COD,Cancelled,,,Web
O001829,1,2026-08-01,C00015,P0029,1,4824.51,0.1,credit card,Delivered,3,4,web
O006189,1,2025-03-12,C01554,P0115,1,4786.02,0.25,Debit Card,Delivered,7,2,Marketplace
O003887,1,2025-05-31,C01057,P0001,3,9499.03,0,upi,Delivered,3,4,web
O004519,3,2025-10-27,C00811,P0106,2,2620.9,0.15,credit card,Delivered,5,3,App
O004556,1,2025-08-01,C01028,P0086,3,3723.44,0.2,COD,Delivered,7,3,Marketplace
O001180,1,2026-03-19,C00489,P0039,1,12252.32,0.2,Debit Card,Delivered,5,3,App
O002400,1,2025-04-24,C01308,P0092,1,4259.0,0.25,Credit Card,Delivered,6,3,Web
O001036,1,2026-05-23,C01593,P0079,1,7742.57,0,UPI,Delivered,6,3,App
O004944,1,2026-04-13,C00978,P0074,1,10859.17,0.15,credit card,Delivered,7,2,APP
O004025,2,2026-03-29,C00885,P0112,1,22003.83,0.05,upi,Delivered,2,4,Marketplace
O005396,1,2025-09-20,C00604,P0001,1,9496.59,0.15,Credit Card,Delivered,3,4,Marketplace
O004403,2,2026-07-28,C01400,P0087,1,6855.25,0.1,credit card,Delivered,7,1,APP
O001970,2,2025-01-19,C01714,P0133,1,3777.56,0.1,UPI,Delivered,,,Marketplace
O003788,1,2026-02-17,C00274,P0018,5,13808.09,0.05,Cash on Delivery,Delivered,6,2,App
O006296,1,2025-09-13,C01174,P0083,3,5755.23,0.15,Cash on Delivery,Delivered,5,3,Marketplace
O002755,2,2025-08-29,C01207,P0062,1,18754.47,0.2,Wallet,Delivered,6,3,Marketplace
O002286,2,2025-08-06,C00848,P0030,1,14638.28,0.05,Cash on Delivery,Delivered,3,4,App
O001455,1,2026-06-02,C00856,P0099,1,19524.92,0.2,upi,Delivered,4,3,Marketplace
O001024,1,2026-07-08,C00007,P0106,1,2449.75,0.15,Cash on Delivery,Delivered,3,4,Marketplace
O004740,3,2025-11-16,C01929,P0050,4,17332.05,0,UPI,Delivered,6,3,APP
O001229,1,2025-04-25,C00798,P0121,1,21760.79,0.1,Cash on Delivery,Delivered,3,4,Marketplace
O006487,1,2026-04-09,C00527,P0117,1,3565.46,0.1,Cash on Delivery,Delivered,2,4,Marketplace
O002979,2,2025-11-23,C00595,P0031,3,23496.97,0,Credit Card,Delivered,4,4,APP
O005187,1,2025-10-30,C00329,P0064,1,4516.67,0,credit card,Delivered,3,3,App
O004168,1,2025-04-27,C01408,P0033,3,645.95,0.2,Credit Card,Delivered,3,3,Marketplace
O003144,1,2026-04-10,C01871,P0034,1,8113.07,0.05,credit card,Delivered,3,4,Web
O000969,1,2025-03-23,C01949,P0076,3,26723.9,0.1,COD,Delivered,5,3,APP
O005287,3,2025-08-20,C00450,P0070,1,4316.37,0.15,Wallet,Delivered,4,3,Marketplace
O005981,1,2026-01-22,C00402,P0097,1,3527.93,0.1,COD,Delivered,1,5,Web
O005631,1,2026-06-13,C00417,P0049,2,1403.89,0.2,upi,Delivered,6,2,web
O001584,1,2026-08-27,C01638,P0068,1,9699.2,0.2,UPI,Delivered,1,4,Marketplace
O003746,2,2026-05-31,C01767,P0081,1,22533.44,0.05,UPI,Returned,2,,APP
O001828,1,2025-02-18,C00507,P0005,1,5427.09,0.1,Cash on Delivery,Delivered,5,3,Web
O001108,3,2026-06-18,C01077,P0111,2,1925.4,0,Credit Card,Cancelled,,,App
O006000,1,2026-05-30,C01920,P0140,1,13776.59,0,COD,Delivered,5,3,Marketplace
O000797,1,2025-11-24,C01327,P0114,2,1265.8,0.2,Credit Card,Delivered,,,Web
O002074,2,2025-03-18,C01882,P0077,1,11189.79,0.05,Credit Card,Delivered,5,3,APP
O002496,2,2025-11-13,C00128,P0042,1,6902.36,0.25,COD,Delivered,5,2,Web
O000760,2,2025-08-07,C00979,P0099,1,20328.17,0.25,upi,Cancelled,,,web
O002833,2,2026-05-12,C00130,P0047,3,28239.62,0.1,COD,Delivered,5,3,web
O003050,1,2025-06-13,C00727,P0085,1,10253.84,0.25,Cash on Delivery,Delivered,4,,App
O002142,1,2025-10-18,C00622,P0109,2,14292.19,0.15,upi,Returned,7,1,APP
O001186,1,2025-02-28,C01454,P0075,1,10590.56,0.05,Wallet,Cancelled,,,Marketplace
O004104,2,2025-05-17,C01398,P0104,1,5034.55,0.25,credit card,Delivered,4,4,Marketplace
O000775,3,2025-07-10,C00263,P0048,3,998.98,0.1,credit card,Delivered,3,4,Web
O001620,2,2025-05-15,C01041,P0045,2,28363.06,0.15,UPI,Delivered,1,5,APP
O005579,1,2025-11-23,C01154,P0054,1,13011.16,0.05,credit card,Delivered,7,2,Web
O001439,2,2025-05-10,C00931,P0144,2,8285.91,0.15,Credit Card,Delivered,5,3,Marketplace
O001311,2,2026-05-17,C01109,P0040,1,13040.02,0.3,Wallet,Delivered,4,3,web
O000868,3,2025-05-04,C01698,P0130,1,17988.0,0,UPI,Delivered,4,4,App
O003781,2,2025-01-28,C00741,P0131,1,17898.64,0.2,credit card,Delivered,6,2,Web
O002101,1,2026-02-21,C00307,P0067,1,11272.08,0.05,Debit Card,Cancelled,,,web
O002057,1,2025-02-28,C01462,P0006,1,20148.28,0.25,credit card,Delivered,3,4,Marketplace
O002980,3,2025-06-03,C01146,P0012,2,7721.29,0.1,COD,Delivered,2,5,Marketplace
O002557,1,2025-12-10,C00757,P0115,1,4600.54,0.25,Debit Card,Cancelled,,,APP
O006207,2,2025-05-07,C00287,P0001,1,9652.34,0.5,upi,Delivered,2,4,web
O005000,1,2026-07-03,C00688,P0124,1,13714.21,0.1,credit card,Delivered,5,3,Marketplace
O003752,1,2025-06-01,C01146,P0131,2,17784.83,0,COD,Delivered,3,4,APP
O006181,2,2026-06-03,C01514,P0140,1,13241.46,0.2,credit card,Cancelled,,,App
O003336,1,2026-07-19,C01455,P0119,2,19758.5,0.1,Credit Card,Delivered,6,3,Marketplace
O003551,1,2026-05-01,C00413,P0044,3,13060.32,0.1,Wallet,Delivered,3,3,web
O005824,1,2025-05-01,C00513,P0069,2,11971.15,0.2,credit card,Delivered,4,3,App
O002892,1,2026-06-11,C01826,P0102,1,16725.55,0.2,COD,Delivered,8,2,Web
O002458,2,2025-12-06,C00925,P0139,1,3545.6,0,COD,Delivered,3,3,Web
O002635,1,2025-06-25,C00334,P0112,1,22698.37,0,upi,Delivered,2,5,App
O001675,2,2026-03-12,C00470,P0035,1,18341.88,0.2,Credit Card,Delivered,7,2,APP
O001009,3,2025-11-01,C00627,P0144,1,8073.84,0,Wallet,Delivered,7,2,web
O000783,2,2025-08-06,C01759,P0113,5,3067.61,0,Cash on Delivery,Delivered,5,3,Marketplace
O003373,1,2025-10-20,C01826,P0105,3,26494.32,0.25,Credit Card,Delivered,4,3,Marketplace
O006326,3,2025-07-07,C01895,P0017,1,3201.74,0.05,Cash on Delivery,Cancelled,,,Marketplace
O000731,1,2026-08-09,C01990,P0139,1,3693.16,0.1,Cash on Delivery,Delivered,1,5,web
O005289,2,2025-09-19,C00361,P0005,4,5414.85,0.1,Wallet,Delivered,6,2,web
O000100,2,2025-12-12,C00433,P0063,1,17367.21,0.05,UPI,Delivered,2,,web
O004605,2,2026-01-19,C01644,P0068,1,9500.41,0.2,Cash on Delivery,Returned,6,2,Web
O002852,1,2025-11-29,C00985,P0111,1,1810.92,0.1,upi,Delivered,5,3,Web
O000573,1,2025-11-09,C00186,P0009,4,14092.96,0,COD,Delivered,4,3,APP
O001603,3,2025-07-20,C00863,P0055,1,9164.52,0.2,Wallet,Delivered,6,2,App
O004883,2,2025-07-08,C00991,P0104,2,4964.69,0.15,Debit Card,Delivered,2,,APP
O005906,2,2025-11-25,C00406,P0006,1,20769.96,0.1,Debit Card,Delivered,2,5,App
O001719,1,2026-08-09,C01076,P0085,1,9704.65,0.2,UPI,Delivered,5,4,App
O000929,1,2026-05-15,C00633,P0098,1,13099.01,0.1,Debit Card,Cancelled,,,APP
O005949,2,2025-10-22,C00923,P0119,1,19387.17,0.25,Wallet,Delivered,3,4,APP
O005078,1,2026-08-03,C00343,P0086,1,3655.34,0.2,COD,Delivered,1,4,Web
O003482,1,2025-01-21,C00102,P0020,1,25871.58,0.25,upi,Delivered,3,4,web
O002825,1,2026-03-27,C01958,P0142,1,11423.21,0.25,upi,Delivered,2,4,Marketplace
O000688,1,2026-04-06,C01302,P0046,1,4031.54,0,credit card,Returned,2,4,APP
O002275,1,2026-05-30,C01408,P0108,1,22289.58,0.1,Debit Card,Delivered,6,3,Web
O005372,1,2025-09-12,C01629,P0116,3,12152.61,0.05,Wallet,Delivered,3,4,Web
O005137,1,2026-07-06,C01269,P0044,1,13976.0,0.1,COD,Cancelled,,,APP
O002083,1,2026-01-14,C00970,P0010,1,23312.57,0.05,credit card,Cancelled,,,APP
O000255,1,2025-03-06,C01338,P0087,1,6500.21,0.05,UPI,Delivered,5,4,Marketplace
O006363,1,2025-10-20,C01062,P0051,1,4299.55,0,Debit Card,Delivered,3,4,APP
O000954,2,2026-02-28,C01753,P0086,2,3764.1,0.1,Debit Card,Cancelled,,,App
O004728,1,2025-09-24,C00087,P0090,1,4884.73,0.1,Wallet,Delivered,5,,Web
O003686,2,2025-07-27,C00311,P0012,1,7882.17,0.15,UPI,Delivered,5,3,APP
O005652,1,2025-10-15,C00200,P0035,4,18091.19,0,COD,Delivered,5,4,Marketplace
O000031,1,2025-09-27,C01747,P0043,2,16058.3,0.05,Cash on Delivery,Delivered,5,3,App
O001170,2,2025-05-20,C01453,P0048,1,974.04,0.3,upi,Delivered,2,4,App
O001364,2,2025-06-30,C00829,P0069,1,11649.38,0,Wallet,Delivered,4,4,App
O003019,4,2026-08-13,C01378,P0141,1,12870.55,0.1,Wallet,Delivered,7,2,Web
O003057,1,2025-01-14,C01845,P0051,1,4015.81,0,Credit Card,Returned,4,4,Web
O006124,1,2026-01-21,C00964,P0091,4,257.07,0.15,Cash on Delivery,Cancelled,,,APP
O006011,3,2026-03-18,C01304,P0068,1,9699.02,0.2,UPI,Delivered,4,4,Marketplace
O005306,3,2025-10-10,C01259,P0024,4,20147.05,0.2,COD,Delivered,3,4,App
O003973,1,2025-07-12,C00208,P0002,1,10440.22,0.2,upi,Delivered,2,4,App
O004543,1,2025-05-31,C01508,P0081,1,21945.72,0,Wallet,Delivered,2,4,APP
O002359,1,2025-01-17,C00812,P0047,1,28093.53,0,Wallet,Delivered,6,2,Marketplace
O004864,1,2025-02-09,C01772,P0103,2,28074.0,0.2,Debit Card,Delivered,7,3,Web
O003864,1,2025-01-03,C00608,P0131,1,19042.7,0.1,UPI,Delivered,7,1,Marketplace
O001241,1,2026-04-01,C00437,P0012,1,7683.18,0.2,credit card,Delivered,6,3,Marketplace
O004665,1,2025-04-07,C01500,P0105,1,26580.73,0.65,Wallet,Delivered,3,4,App
O002702,1,2025-07-07,C01614,P0137,1,4581.36,0.05,Debit Card,Delivered,6,2,Web
O006114,3,2025-11-25,C01134,P0132,1,19128.63,0.2,credit card,Returned,7,3,App
O002824,1,2025-08-11,C00351,P0008,2,22532.51,0.05,COD,Delivered,2,5,web
O001027,1,2025-12-17,C00098,P0143,2,4026.68,0.05,credit card,Delivered,3,3,App
O001154,2,2025-12-24,C00133,P0103,4,27327.52,0.05,Debit Card,Delivered,4,,APP
O006335,2,2026-03-10,C00649,P0109,1,14837.5,0.1,upi,Returned,6,2,APP
O000692,1,2026-05-08,C01117,P0048,1,1021.41,0.1,Cash on Delivery,Delivered,5,2,Marketplace
O001697,2,2025-10-13,C01103,P0055,2,0,0.2,Credit Card,Cancelled,,,Web
O000895,1,2025-11-12,C01721,P0124,1,14389.15,0.1,Cash on Delivery,Delivered,2,4,Marketplace
O001178,2,2025-06-28,C01658,P0034,1,8106.02,0,UPI,Returned,5,3,Marketplace
O005818,1,2025-10-29,C00252,P0040,2,13338.82,0,upi,Delivered,6,3,web
O003494,1,2026-06-27,C01785,P0002,1,10608.23,0.15,UPI,Delivered,4,3,Web
O000911,2,2025-12-13,C01204,P0124,2,14117.08,0.1,Credit Card,Delivered,5,3,web
O005088,1,2026-03-25,C01031,P0115,1,4948.35,0.1,Credit Card,Cancelled,,,Web
O003707,3,2025-10-07,C00271,P0023,2,26821.51,0.1,credit card,Delivered,6,,web
O002733,1,2026-05-17,C01881,P0144,2,8159.4,0.1,upi,Delivered,2,4,App
O005516,1,2026-03-01,C01035,P0045,1,27259.52,0.2,COD,Delivered,5,3,Web
O004048,1,2025-04-26,C00223,P0061,5,22667.03,0.1,UPI,Delivered,5,3,APP
O005655,1,2026-02-09,C00496,P0131,1,18342.2,0.05,COD,Delivered,1,5,APP
O005797,1,2026-03-16,C00147,P0114,1,1222.03,0.15,COD,Delivered,7,2,App
O006441,1,2025-02-16,C01940,P0050,2,17722.81,0,UPI,Delivered,4,4,Web
O003101,1,2026-03-02,C01909,P0066,1,0,0.05,Debit Card,Delivered,4,3,Web
O001563,1,2026-04-15,C00240,P0126,1,2030.0,0.1,upi,Delivered,3,4,web
O001748,2,2025-10-10,C00644,P0035,1,17734.07,0.05,Wallet,Delivered,4,4,Marketplace
O000610,2,2025-01-13,C00690,P0047,1,28226.99,0.1,Cash on Delivery,Delivered,4,3,web
O000330,2,2025-06-25,C00467,P0081,1,22771.76,0,UPI,Delivered,6,3,App
O003328,1,2025-02-24,C01883,P0112,2,21715.07,0.65,UPI,Delivered,2,4,Marketplace
O001122,1,2026-02-15,C00446,P0031,1,21812.13,0.1,UPI,Returned,6,2,web
O003784,1,2025-06-20,C01993,P0018,1,13907.76,0.15,UPI,Returned,5,3,Web
O002875,4,2026-03-19,C01702,P0105,2,26059.6,0.2,Cash on Delivery,Delivered,5,3,Web
O004027,2,2025-04-11,C01719,P0062,1,18645.85,0.05,upi,Delivered,4,4,web
O002062,1,2026-05-30,C01865,P0133,1,3721.79,0.15,upi,Delivered,2,4,Marketplace
O004225,2,2026-02-12,C00147,P0098,2,12279.52,0.05,Debit Card,Cancelled,,,web
O000195,2,2025-09-02,C00569,P0073,2,9130.24,0,UPI,Delivered,5,,web
O004216,1,2025-01-04,C01078,P0083,2,5517.88,0,Debit Card,Returned,4,3,Web
O001626,2,2025-06-28,C00226,P0068,1,9302.7,0.15,credit card,Delivered,4,4,Marketplace
O004020,1,2025-06-28,C01453,P0066,1,21902.72,0,COD,Returned,3,4,Web
O006374,4,2025-03-30,C01085,P0070,4,4274.44,0,credit card,Delivered,3,3,web
O005568,2,2026-06-27,C01959,P0045,2,27934.3,0.15,credit card,Delivered,2,5,web
O000520,2,2025-03-30,C01528,P0127,2,14308.29,0.15,COD,Delivered,5,2,Marketplace
O005975,1,2026-03-18,C00352,P0094,1,6382.04,0.2,COD,Delivered,4,4,web
O002367,2,2026-02-18,C01162,P0054,1,13113.11,0.15,upi,Delivered,1,4,Web
O005388,2,2026-03-06,C01741,P0065,1,17768.02,0,upi,Cancelled,,,App
O004459,1,2026-08-28,C00769,P0063,1,16607.57,0.1,UPI,Delivered,6,3,APP
O000828,2,2025-01-12,C01735,P0108,1,22196.85,0.15,Cash on Delivery,Delivered,3,4,Web
O000644,2,2025-10-25,C01616,P0105,1,24701.97,0.2,UPI,Delivered,5,3,App
O002560,2,2025-12-18,C01547,P0089,2,18307.28,0.25,Wallet,Returned,5,3,Web
O002861,1,2025-08-18,C01262,P0085,1,10398.63,0,credit card,Delivered,5,3,web
O002136,3,2026-08-11,C00104,P0078,4,25957.76,0.15,Wallet,Delivered,7,2,Marketplace
O000740,1,2025-08-01,C00515,P0051,1,4182.72,0.25,UPI,Returned,5,4,APP
O004660,1,2025-12-31,C00650,P0131,3,0,0.2,UPI,Returned,4,3,App
O000697,3,2025-06-16,C00581,P0003,1,18386.09,0.15,COD,Delivered,2,4,Web
O000776,1,2026-05-23,C00613,P0121,1,22422.71,0.15,Wallet,Delivered,4,3,App
O006304,2,2026-01-11,C01219,P0006,1,20334.1,0.25,upi,Delivered,5,3,App
O002298,1,2025-04-26,C00227,P0071,5,11341.87,0.1,Wallet,Delivered,4,4,App
O004874,3,2026-02-22,C00456,P0133,1,3941.45,0.1,Debit Card,Delivered,5,4,App
O004553,1,2026-08-17,C01258,P0130,2,16994.05,0.15,upi,Delivered,3,5,web
O005986,3,2025-04-14,C00071,P0133,1,3811.38,0.15,upi,Returned,4,4,Web
O001282,1,2026-08-17,C00330,P0103,2,27519.0,0,Wallet,Delivered,7,2,APP
O001891,2,2026-02-11,C01000,P0097,1,3587.43,0.2,Wallet,Delivered,4,4,APP
O004458,1,2025-04-29,C00835,P0092,1,4111.74,0.2,Wallet,Delivered,7,2,web
O001928,2,2025-01-20,C00126,P0128,2,13774.78,0.1,Credit Card,Delivered,2,4,Web
O001639,3,2025-09-19,C01201,P0004,1,18614.78,0.15,upi,Delivered,7,2,App
O001523,2,2026-01-02,C01033,P0018,3,13832.94,0.1,credit card,Cancelled,,,Marketplace
O004749,2,2025-02-09,C01063,P0008,1,23359.97,0.1,COD,Delivered,5,3,Web
O002869,1,2025-06-19,C01362,P0098,2,13103.72,0.05,Debit Card,Returned,3,3,App
O001212,2,2025-09-21,C01770,P0100,1,13246.86,0,Debit Card,Delivered,3,3,App
O005446,2,2026-03-14,C00015,P0041,1,20846.18,0.1,,Delivered,5,3,web
O003062,2,2025-05-18,C01302,P0123,1,9398.77,0.05,Cash on Delivery,Delivered,1,5,APP
O002651,1,2025-09-07,C00885,P0126,1,2140.98,0.05,Wallet,Delivered,3,3,App
O002446,2,2025-04-12,C00663,P0131,1,18159.0,0,UPI,Returned,4,4,App
O003758,2,2025-10-20,C00786,P0002,1,10180.0,0.15,credit card,Delivered,6,3,Marketplace
O006389,1,2025-09-01,C01318,P0144,1,8080.28,0.1,COD,Delivered,2,4,web
O001345,2,2026-06-19,C01122,P0125,1,4598.18,0.2,UPI,Returned,5,4,web
O001791,1,2026-07-04,C01955,P0103,2,28194.9,0.1,Debit Card,Delivered,2,5,Web
O006022,1,2026-05-04,C01356,P0131,1,18384.41,0.1,Credit Card,Delivered,5,3,APP
O002535,1,2025-10-27,C00791,P0136,1,13665.71,0.2,Wallet,Delivered,7,2,Web
O005659,1,2025-01-14,C01502,P0101,1,8205.73,0.2,Cash on Delivery,Delivered,2,4,Web
O005355,2,2025-02-08,C00758,P0009,1,14525.6,0.2,Credit Card,Cancelled,,,Marketplace
O001295,1,2025-01-22,C01521,P0026,1,14565.2,0.1,upi,Delivered,2,4,APP
O003633,1,2025-06-28,C00888,P0058,2,13197.85,0.05,UPI,Delivered,6,3,App
O003741,2,2025-08-02,C00334,P0027,1,20265.8,0.15,Cash on Delivery,Delivered,5,3,APP
O000385,1,2025-09-26,C00590,P0033,1,637.2,0.1,Cash on Delivery,Delivered,5,4,web
O000340,2,2025-11-23,C00983,P0128,1,14312.47,0.2,Wallet,Delivered,9,2,Marketplace
O003011,2,2026-05-07,C00674,P0011,1,16858.9,0.15,Cash on Delivery,Delivered,4,3,APP
O005924,4,2025-11-23,C00006,P0055,1,9550.89,0,credit card,Cancelled,,,web
O001536,1,2025-01-28,C00773,P0076,2,27044.51,0,UPI,Delivered,7,2,Web
O004557,2,2026-04-30,C01650,P0121,1,21211.9,0,credit card,Delivered,6,2,APP
O004616,4,2026-06-29,C00042,P0081,1,23043.15,0.15,UPI,Delivered,8,2,Marketplace
O003343,2,2026-07-13,C00694,P0022,2,5306.28,0.2,upi,Delivered,4,4,APP
O005712,2,2025-06-20,C01134,P0115,1,4830.4,0.2,credit card,Delivered,6,2,web
O002164,2,2026-02-17,C00442,P0128,3,14011.55,0.25,upi,Delivered,3,4,web
O003089,1,2026-08-23,C01059,P0046,1,4071.0,0.05,credit card,Delivered,7,2,App
O002166,2,2026-01-28,C01666,P0123,2,8902.6,0.25,Credit Card,Delivered,1,5,web
O001700,2,2025-01-11,C01466,P0141,2,12532.76,0.15,Cash on Delivery,Delivered,4,3,APP
O003680,1,2026-04-04,C00269,P0110,2,8574.85,0.15,credit card,Delivered,3,3,Marketplace
O000419,2,2025-04-29,C00248,P0130,1,16981.25,0,Debit Card,Cancelled,,,APP
O005200,1,2025-08-29,C01156,P0079,1,7784.07,0.1,upi,Delivered,5,3,Marketplace
O004745,1,2025-10-15,C01485,P0080,1,22470.93,0.3,Cash on Delivery,Delivered,6,2,Web
O006109,2,2025-05-24,C00858,P0058,1,12807.87,0.1,upi,Delivered,5,4,Web
O005771,1,2025-08-30,C00106,P0015,1,22639.18,0.2,Debit Card,Delivered,4,4,web
O001728,1,2026-03-26,C01183,P0130,5,17272.56,0.05,Credit Card,Cancelled,,,Web
O003936,1,2025-05-09,C00112,P0057,1,4568.42,0,Cash on Delivery,Delivered,5,3,APP
O006334,2,2025-04-08,C01626,P0100,1,13921.27,0.1,Debit Card,Delivered,4,,Marketplace
O006231,1,2026-02-22,C01302,P0063,1,17445.82,0.05,COD,Delivered,4,3,APP
O003401,2,2026-08-27,C00724,P0100,2,13625.6,0.2,Credit Card,Delivered,6,2,APP
O006394,1,2025-07-09,C01706,P0114,2,1270.99,0.25,Cash on Delivery,Delivered,3,4,App
O000101,1,2025-03-15,C00451,P0074,2,11069.74,0,Credit Card,Delivered,5,3,web
O001380,3,2026-05-23,C01372,P0123,3,9255.15,0.05,UPI,Delivered,5,4,Web
O004402,1,2026-02-04,C00595,P0061,2,21619.97,0.05,UPI,Returned,3,4,Marketplace
O002081,1,2025-01-15,C01873,P0135,3,3429.98,0.05,UPI,Delivered,2,4,Web
O001798,1,2025-05-23,C01806,P0048,1,975.22,0.5,credit card,Delivered,5,3,Web
O005660,1,2025-12-05,C01479,P0020,1,26400.79,0.05,Cash on Delivery,Delivered,3,3,App
O002861,2,2025-08-18,C01262,P0126,1,2051.34,0.15,credit card,Delivered,5,3,web
O004341,1,2026-07-11,C01797,P0093,1,23652.42,0.1,Debit Card,Delivered,2,5,APP
O006123,2,2025-03-26,C01982,P0075,1,10905.12,0.2,UPI,Delivered,6,2,Marketplace
O001585,1,2026-05-16,C00477,P0081,3,21847.38,0.25,Wallet,Delivered,5,3,APP
O005603,2,2025-07-30,C00621,P0110,1,8285.4,0.05,Credit Card,Delivered,3,4,App
O005738,1,2025-01-31,C00698,P0098,1,12271.68,0,Cash on Delivery,Returned,6,2,Marketplace
O002331,1,2025-07-02,C01820,P0055,1,9378.56,0.15,COD,Delivered,1,5,App
O006315,1,2026-07-06,C00915,P0097,1,3392.16,0.2,Cash on Delivery,Delivered,5,3,web
O003166,1,2025-06-03,C00600,P0111,1,1871.1,0.05,Debit Card,Delivered,7,2,Marketplace
O000270,1,2026-01-18,C00441,P0058,1,12906.18,0.2,UPI,Delivered,7,2,Marketplace
O002456,1,2025-11-26,C00721,P0017,2,3350.18,0.25,Credit Card,Delivered,4,3,App
O000634,2,2026-07-10,C00891,P0012,1,8010.78,0.2,upi,Delivered,,,App
O003154,1,2025-10-30,C00937,P0020,1,25076.11,0.1,Credit Card,Delivered,2,4,Marketplace
O000617,1,2026-06-22,C00922,P0101,1,8093.02,0.1,credit card,Delivered,7,,APP
O002078,2,2026-04-25,C01613,P0113,2,3116.34,0,Cash on Delivery,Delivered,5,3,App
O003527,3,2025-12-06,C00455,P0023,2,26524.0,0.05,Credit Card,Delivered,4,4,App
O005642,3,2025-12-15,C00210,P0042,1,7043.45,0.05,upi,Returned,11,1,APP
O002073,3,2026-07-03,C00221,P0048,2,1021.54,0.15,upi,Delivered,5,3,App
O005108,1,2025-08-25,C00134,P0101,2,8417.58,0,credit card,Delivered,3,4,App
O003648,2,2026-03-21,C00436,P0101,1,8009.95,0.05,Wallet,Delivered,5,3,App
O001156,2,2025-08-24,C01758,P0025,1,3857.51,0.1,Debit Card,Delivered,3,3,web
O002233,1,2025-07-12,C00117,P0113,2,3174.31,0,Debit Card,Delivered,5,3,App
O004135,2,2025-06-15,C01465,P0089,2,18243.38,0.15,upi,Delivered,7,,Web
O003194,1,2025-07-26,C01809,P0016,1,20309.84,0.15,Wallet,Cancelled,,,App
O003429,1,2025-10-02,C00447,P0075,1,11064.62,0.15,UPI,Returned,4,3,Web
O001812,1,2025-01-07,C00291,P0105,1,26398.95,0.1,Debit Card,Delivered,6,3,Web
O003660,1,2025-12-05,C00496,P0076,2,25958.32,0,UPI,Returned,6,2,Web
O004196,1,2026-07-26,C01614,P0069,1,11233.39,0.1,Cash on Delivery,Delivered,2,4,web
O004023,2,2026-01-18,C00285,P0017,1,3136.52,0.15,UPI,Cancelled,,,APP
O006089,2,2026-05-12,C00086,P0083,1,5322.02,0.1,Credit Card,Delivered,5,3,App
O000175,2,2025-08-02,C01210,P0092,1,4171.6,0,upi,Delivered,5,3,Marketplace
O000447,2,2026-01-02,C00379,P0047,1,29116.7,0.1,Debit Card,Cancelled,,,APP
O002498,1,2025-07-21,C00989,P0037,1,17427.76,0.15,Credit Card,Delivered,4,4,App
O000083,3,2025-06-04,C00208,P0038,1,331.92,0.3,UPI,Delivered,2,5,Marketplace
O001807,1,2025-08-28,C01789,P0025,1,3855.09,0,COD,Delivered,4,3,Marketplace
O000722,2,2025-09-15,C01151,P0125,1,4508.36,0.15,Wallet,Delivered,6,2,web
O004923,3,2026-03-23,C01118,P0073,1,8864.66,0,Credit Card,Delivered,5,3,APP
O000490,1,2025-10-19,C01515,P0116,1,12184.29,0.1,Cash on Delivery,Delivered,2,5,web
O005367,1,2025-08-07,C01638,P0087,2,6455.62,0.15,,Returned,5,3,Web
O005407,2,2026-04-12,C01610,P0006,1,21210.15,0.3,Debit Card,Cancelled,,,web
O003186,1,2025-11-09,C01163,P0076,2,27793.73,0.2,COD,Delivered,3,4,Marketplace
O001538,1,2026-02-02,C01051,P0008,2,23503.95,0.05,credit card,Delivered,6,3,App
O002460,3,2026-04-26,C01946,P0143,4,4104.44,0.15,UPI,Delivered,4,3,App
O006035,1,2026-07-17,C01016,P0053,1,7618.06,0.25,Credit Card,Delivered,2,4,APP
O005783,1,2025-05-21,C00510,P0034,2,8211.35,0.05,UPI,Delivered,2,4,Marketplace
O003415,1,2026-02-13,C00696,P0071,1,10966.87,0.15,Cash on Delivery,Delivered,4,4,web
O001425,2,2025-12-19,C01407,P0024,1,20840.8,0.2,credit card,Delivered,5,4,APP
O001902,1,2026-02-14,C00251,P0025,1,4108.59,0.15,Cash on Delivery,Delivered,3,5,App
O000564,3,2026-04-08,C01859,P0085,1,10321.61,0.1,Debit Card,Delivered,6,2,App
O004043,2,2026-04-05,C00860,P0102,1,16738.93,0.3,Wallet,Delivered,1,5,Web
O003156,3,2026-05-22,C00759,P0133,1,3838.02,0,Wallet,Delivered,6,2,APP
O000321,1,2025-06-27,C00093,P0058,1,13092.22,0.1,COD,Delivered,7,1,App
O002675,2,2026-06-20,C00044,P0063,5,17724.99,0,credit card,Delivered,4,3,Web
O000445,1,2025-01-05,C00495,P0090,2,4611.19,0.65,UPI,Delivered,3,3,App
O005589,1,2026-03-05,C01133,P0040,1,12669.92,0.1,Debit Card,Delivered,2,5,App
O005592,1,2025-03-10,C00762,P0059,1,17304.59,0.25,credit card,Delivered,5,3,App
O001323,3,2026-06-20,C00091,P0139,3,3680.17,0.2,Debit Card,Returned,5,3,Marketplace
O000023,1,2025-09-12,C01432,P0130,1,17342.92,0.05,Cash on Delivery,Returned,5,3,Marketplace
O005285,2,2025-06-09,C01594,P0083,2,5682.75,0,Credit Card,Delivered,1,4,APP
O000661,1,2026-01-05,C01155,P0142,2,11980.69,0,Wallet,Delivered,1,5,web
O005429,2,2025-06-01,C01098,P0052,1,19320.3,0.25,upi,Delivered,8,2,APP
O004056,2,2026-02-25,C01036,P0112,3,21211.84,0,Debit Card,Delivered,8,2,APP
O001310,1,2026-03-30,C00067,P0108,3,21743.53,0,Cash on Delivery,Delivered,5,4,App
O004223,3,2025-09-01,C00747,P0068,1,9536.79,0.15,credit card,Delivered,5,4,APP
O004321,1,2025-09-09,C00823,P0110,1,8525.27,0.15,COD,Delivered,5,3,Marketplace
O003235,4,2026-03-08,C00896,P0137,1,4710.44,0.1,Wallet,Delivered,6,3,APP
O005915,1,2025-10-23,C00162,P0087,1,6632.04,0.15,Cash on Delivery,Delivered,7,2,APP
O004440,1,2025-04-25,C01064,P0105,1,24810.37,0.2,Cash on Delivery,Delivered,4,4,web
O006130,1,2025-08-30,C00540,P0052,1,18343.32,0.1,credit card,Cancelled,,,web
O003013,1,2026-04-10,C00650,P0140,3,13670.31,0.15,credit card,Cancelled,,,APP
O003972,1,2026-06-08,C00190,P0026,1,13806.86,0,COD,Delivered,3,5,App
O003873,1,2026-08-24,C00904,P0007,1,11493.12,0.25,,Delivered,3,4,APP
O005100,1,2026-05-29,C01538,P0043,1,16516.59,0,upi,Delivered,6,3,APP
O001541,1,2025-11-03,C00746,P0033,1,601.1,0,credit card,Delivered,,,Web
O001620,1,2025-05-15,C01041,P0117,3,3420.7,0.1,UPI,Delivered,1,5,APP
O003612,1,2025-05-23,C01650,P0007,2,11502.08,0.05,Debit Card,Delivered,1,4,App
O002654,1,2025-02-21,C01440,P0063,1,17164.41,0,Credit Card,Delivered,4,3,web
O005907,2,2026-02-02,C01459,P0041,1,20474.39,0.15,Cash on Delivery,Delivered,3,4,web
O003780,1,2025-10-28,C00220,P0032,1,20496.24,0.1,Credit Card,Delivered,3,5,App
O003684,2,2025-10-06,C01450,P0115,1,4685.56,0.1,Wallet,Returned,6,2,App
O003829,2,2026-05-04,C01946,P0073,1,9275.14,0.2,credit card,Returned,1,4,App
O002114,1,2026-07-27,C00565,P0014,1,5505.58,0.2,credit card,Delivered,6,2,Marketplace
O001215,1,2026-06-04,C00230,P0096,1,3041.24,0.1,upi,Delivered,3,4,web
O004720,2,2026-01-14,C01337,P0066,2,21646.1,0.15,Cash on Delivery,Delivered,7,3,web
O006096,2,2026-02-08,C01171,P0139,1,3540.9,0.1,upi,Cancelled,,,Marketplace
O006313,1,2026-07-25,C00949,P0017,2,3161.54,0.15,Cash on Delivery,Delivered,6,,APP
O005845,1,2026-08-01,C01785,P0046,1,4048.37,0.15,upi,Delivered,6,2,APP
O004807,1,2026-08-12,C00455,P0042,1,7229.3,0.15,UPI,Delivered,1,5,web
O000745,1,2025-02-07,C00826,P0077,1,0,0.25,credit card,Delivered,5,3,Web
O001788,2,2025-12-08,C00343,P0111,1,1880.68,0.25,Credit Card,Delivered,,,Web
O000032,1,2026-08-26,C01495,P0044,1,13194.0,0.2,UPI,Delivered,5,3,web
O006232,1,2026-03-04,C00222,P0047,1,29409.04,0.2,Credit Card,Delivered,2,5,web
O003465,1,2025-03-23,C00476,P0018,1,14036.62,0.25,Wallet,Returned,7,3,APP
O005997,2,2026-01-28,C00303,P0064,2,4593.2,0.25,UPI,Delivered,7,2,App
O002580,1,2025-05-18,C00799,P0091,1,257.75,0.2,COD,Delivered,4,3,APP
O001265,3,2025-03-13,C01163,P0054,1,12511.4,0,Cash on Delivery,Delivered,5,3,web
O004678,1,2025-04-01,C00168,P0065,2,17816.58,0.15,Credit Card,Delivered,,,App
O000699,1,2026-07-17,C01280,P0030,2,14225.49,0.1,upi,Delivered,4,3,App
O005892,1,2025-08-13,C00759,P0049,1,1487.06,0.1,COD,Delivered,3,4,APP
O000652,2,2025-04-30,C01532,P0120,1,12920.94,0.1,Wallet,Delivered,2,5,Marketplace
O004200,1,2025-05-08,C01752,P0003,1,18646.07,0.15,Debit Card,Returned,4,,web
O006497,1,2026-04-13,C01135,P0011,3,16252.32,0.1,UPI,Delivered,4,4,App
O002762,2,2025-01-17,C00127,P0100,1,13694.41,0.3,upi,Delivered,4,4,Web
O002255,1,2025-10-22,C01499,P0123,1,9468.79,0,upi,Delivered,4,3,Marketplace
O000960,3,2025-10-29,C01540,P0040,1,12942.24,0,Wallet,Delivered,2,4,Marketplace
O005413,1,2026-06-11,C01303,P0016,2,20198.26,0.15,Wallet,Delivered,4,,APP
O004905,3,2025-05-11,C00548,P0142,3,11646.4,0.3,Debit Card,Delivered,6,3,Web
O003412,3,2026-08-27,C01230,P0083,4,5612.55,0.1,upi,Delivered,5,4,APP
O003769,1,2026-02-19,C00083,P0035,2,17306.85,0.5,Credit Card,Delivered,4,3,APP
O006329,2,2026-05-22,C00934,P0063,1,17341.94,0,Wallet,Delivered,3,4,web
O000652,3,2025-04-30,C01532,P0027,1,20012.18,0.3,Wallet,Delivered,2,5,Marketplace
O002594,2,2025-04-27,C01910,P0119,2,19378.97,0.15,COD,Returned,3,,App
O004586,2,2025-07-06,C00759,P0021,1,22674.31,0.1,COD,Delivered,3,4,APP
O002631,1,2025-10-20,C01168,P0013,1,5387.65,0.05,credit card,Delivered,2,5,App
O004017,1,2026-08-14,C00603,P0069,1,11297.02,0.1,Debit Card,Delivered,7,3,APP
O005987,1,2025-05-26,C01552,P0135,1,3539.97,0.15,Credit Card,Delivered,6,,Web
O002591,1,2026-07-04,C00466,P0135,1,3365.04,0.2,UPI,Delivered,,,Marketplace
O000489,4,2026-06-20,C01653,P0110,1,8806.46,0.05,COD,Delivered,5,3,Marketplace
O002792,1,2025-12-27,C01739,P0067,1,11236.15,0.2,UPI,Cancelled,,,Web
O005475,1,2025-10-07,C01855,P0042,1,6968.46,0.2,COD,Delivered,2,4,Web
O003243,1,2026-03-11,C00648,P0046,1,4256.12,0.15,COD,Delivered,2,4,Web
O003403,2,2025-09-10,C01959,P0109,3,14587.83,0.15,COD,Returned,7,1,App
O005165,2,2025-10-29,C01082,P0096,1,2930.74,0.3,Credit Card,Delivered,5,3,App
O004328,1,2025-01-06,C01985,P0017,3,3358.49,0.1,Debit Card,Delivered,2,5,web
O002426,1,2026-05-18,C01496,P0118,1,3113.32,0.1,upi,Delivered,4,,Marketplace
O000493,1,2026-08-13,C01060,P0086,2,3591.33,0.1,Debit Card,Delivered,8,2,Web
O002163,2,2025-11-07,C00766,P0051,1,4037.41,0,COD,Delivered,5,3,Web
O003764,2,2026-06-03,C01545,P0048,2,969.96,0.15,Wallet,Delivered,4,3,App
O004135,1,2025-06-15,C01465,P0135,1,3459.43,0.15,upi,Delivered,7,,Web
O004410,1,2025-05-20,C01054,P0061,1,22085.17,0.1,COD,Delivered,6,2,Web
O002214,1,2025-10-23,C00492,P0132,1,19578.92,0.05,Credit Card,Delivered,3,4,Web
O002404,1,2025-10-15,C01583,P0012,2,8151.56,0.15,Debit Card,Delivered,5,4,App
O001390,1,2025-06-17,C01126,P0063,1,17216.21,0.25,UPI,Delivered,1,4,web
O003513,3,2026-06-07,C01194,P0019,2,25418.15,0.2,credit card,Delivered,2,5,Web
O001694,1,2025-02-03,C01528,P0086,1,3743.16,0,Credit Card,Delivered,5,3,Web
O005400,2,2025-09-09,C00181,P0036,1,18629.24,0.15,upi,Delivered,4,3,APP
O000821,1,2025-07-25,C00163,P0041,1,20612.31,0.25,COD,Delivered,5,3,Web
O005971,2,2025-05-17,C00993,P0062,1,18198.22,0.1,Wallet,Delivered,2,5,Marketplace
O002858,1,2026-03-05,C00281,P0086,2,3714.79,0.05,Cash on Delivery,Delivered,6,3,Marketplace
O005304,3,2025-09-19,C00459,P0035,1,17781.4,0.2,Credit Card,Delivered,5,3,App
O002577,2,2025-02-12,C00136,P0120,1,12553.83,0.2,upi,Delivered,6,2,Web
O004440,2,2025-04-25,C01064,P0085,1,10284.39,0.2,Cash on Delivery,Delivered,4,4,web
O004908,1,2025-01-06,C00553,P0006,3,20990.92,0.15,COD,Delivered,3,3,web
O005210,1,2025-07-16,C00304,P0074,2,10515.69,0.15,Wallet,Delivered,4,4,App
O003524,2,2026-07-29,C00566,P0018,1,14019.95,0.1,Wallet,Returned,4,4,App
O000593,2,2025-10-02,C01938,P0005,1,5272.62,0.15,credit card,Delivered,6,3,Web
O006077,2,2025-07-06,C00794,P0136,2,13705.43,0.1,Debit Card,Cancelled,,,Web
O000518,1,2025-10-01,C00699,P0027,1,18885.98,0.25,Cash on Delivery,Delivered,8,2,Web
O001246,1,2026-05-28,C00850,P0133,1,3901.06,0,Wallet,Delivered,6,2,Web
O001570,1,2026-02-11,C00513,P0009,4,14284.59,0.05,Debit Card,Delivered,6,3,App
O001699,1,2025-05-12,C01501,P0075,2,10302.92,0.05,Cash on Delivery,Delivered,5,3,Marketplace
O000535,4,2025-08-13,C00899,P0084,1,16336.72,0.25,COD,Delivered,,,Marketplace
O006205,1,2025-04-02,C00836,P0044,3,13784.46,0.1,upi,Delivered,5,3,App
O005050,2,2025-04-04,C01311,P0101,1,8133.41,0.1,upi,Delivered,5,4,Web
O004620,1,2025-04-02,C00469,P0042,1,6868.04,0.05,COD,Delivered,6,2,web
O000049,1,2026-01-11,C00546,P0125,2,4383.95,0.1,upi,Cancelled,,,Marketplace
O004988,1,2025-07-24,C00967,P0020,1,26018.17,0.15,,Delivered,6,3,APP
O003028,2,2025-02-04,C00151,P0039,3,12758.1,0.3,Credit Card,Delivered,5,4,App
O003902,3,2025-01-03,C01983,P0041,1,21000.94,0.05,Wallet,Delivered,7,2,web
O003090,2,2026-02-10,C01654,P0079,1,7313.25,0.05,UPI,Returned,5,3,web
O002531,2,2026-01-14,C01676,P0008,1,22614.06,0.15,UPI,Delivered,6,2,Marketplace
O001341,1,2025-02-06,C00640,P0010,1,23012.79,0,Debit Card,Delivered,6,3,web
O001018,1,2026-06-08,C00305,P0038,1,339.88,0.25,Cash on Delivery,Delivered,3,4,App
O001044,1,2025-11-28,C00700,P0107,1,23377.15,0,Wallet,Delivered,3,4,App
O000686,3,2025-08-30,C00569,P0085,2,10011.02,0.05,Credit Card,Delivered,5,2,Marketplace
O003794,1,2025-01-25,C01537,P0024,2,21449.75,0.1,Wallet,Returned,3,3,web
O005002,2,2026-07-31,C01793,P0101,2,8242.61,0,credit card,Delivered,5,4,APP
O001690,2,2025-10-26,C00275,P0029,1,4952.44,0,UPI,Delivered,5,3,web
O001381,1,2026-01-23,C00832,P0119,1,20213.41,0.25,Credit Card,Delivered,7,1,Web
O000748,2,2025-02-02,C00110,P0053,1,7554.53,0.05,upi,Delivered,7,2,App
O003355,2,2025-06-19,C00967,P0120,1,12389.77,0.15,COD,Delivered,4,3,APP
O005768,1,2026-02-11,C00278,P0137,1,4602.93,0.15,Cash on Delivery,Delivered,4,,APP
O003446,1,2026-01-01,C01625,P0109,2,15302.24,0.15,Cash on Delivery,Returned,3,4,Marketplace
O000839,2,2025-12-06,C00693,P0122,2,1216.96,0.25,Wallet,Delivered,5,2,APP
O000714,1,2025-01-25,C01974,P0061,3,22860.53,0.05,Debit Card,Delivered,2,5,Marketplace
O003296,2,2026-08-23,C01939,P0131,3,18658.87,0.25,Cash on Delivery,Delivered,3,4,Marketplace
O003094,1,2026-01-25,C01956,P0105,1,25328.25,0.25,credit card,Returned,1,5,web
O005012,2,2025-04-10,C01768,P0035,1,17394.02,0.05,Credit Card,Delivered,3,3,web
O004396,1,2026-05-31,C01508,P0106,1,2522.41,0.15,UPI,Delivered,5,3,web
O005255,1,2026-04-28,C00431,P0096,1,2943.18,0.25,Debit Card,Delivered,4,3,App
O001731,4,2026-02-17,C01027,P0074,1,10725.71,0.2,credit card,Delivered,3,4,web
O000263,2,2026-04-14,C01511,P0044,1,13948.24,0.05,UPI,Cancelled,,,Marketplace
O000539,1,2025-04-13,C00880,P0133,2,3794.17,0.1,Credit Card,Cancelled,,,Marketplace
O004320,1,2025-08-28,C01905,P0036,3,18775.46,0.15,Credit Card,Delivered,4,4,Marketplace
O000219,3,2025-05-06,C00656,P0140,1,13688.0,0.15,COD,Delivered,5,3,Web
O005602,3,2025-09-05,C00841,P0133,1,3666.25,0.05,upi,Cancelled,,,APP
O003746,3,2026-05-31,C01767,P0004,1,18930.72,0.15,UPI,Returned,2,,APP
O000765,1,2026-08-28,C01393,P0117,1,3542.67,0.2,COD,Delivered,2,4,Marketplace
O003536,1,2025-07-10,C01519,P0002,1,10381.92,0.3,Cash on Delivery,Delivered,5,2,web
O003736,2,2025-10-26,C01089,P0028,1,8251.31,0.1,Debit Card,Delivered,3,4,Marketplace
O000844,1,2025-02-24,C00006,P0060,1,16303.69,0.2,Debit Card,Delivered,4,3,App
O002161,2,2025-08-21,C00035,P0128,2,13795.26,0.05,UPI,Delivered,4,4,APP
O004947,2,2025-09-20,C00881,P0096,1,2910.16,0,Cash on Delivery,Delivered,4,3,Web
O001099,2,2026-02-05,C00726,P0015,1,22956.14,0.15,upi,Delivered,6,3,APP
O000700,2,2026-04-06,C01006,P0111,1,1846.04,0.25,Wallet,Delivered,1,4,App
O000431,3,2026-08-09,C00621,P0023,1,25947.58,0.15,Debit Card,Delivered,6,2,web
O001492,1,2025-07-09,C01058,P0066,2,23017.78,0,Debit Card,Delivered,6,2,App
O005717,1,2025-06-20,C01117,P0031,2,22943.49,0.15,COD,Delivered,3,4,App
O001083,1,2025-03-02,C00096,P0127,1,13797.47,0,credit card,Delivered,4,3,App
O000392,2,2025-07-05,C01907,P0135,1,3311.77,0,upi,Delivered,6,2,Web
O002963,1,2026-03-18,C01869,P0089,3,18718.53,0.65,credit card,Delivered,4,4,App
O000749,2,2025-07-29,C00584,P0110,1,8366.35,0.1,Wallet,Cancelled,,,Web
O003084,3,2026-05-10,C01042,P0143,2,4107.82,0.1,upi,Delivered,4,3,web
O001492,2,2025-07-09,C01058,P0039,2,12316.46,0.1,Debit Card,Delivered,6,2,App
O002446,1,2025-04-12,C00663,P0057,1,4487.7,0.2,UPI,Returned,4,4,App
O000934,2,2025-10-22,C01174,P0037,1,18250.89,0.15,Wallet,Delivered,3,3,Marketplace
O000685,2,2026-03-10,C00914,P0139,1,3660.77,0.2,Cash on Delivery,Cancelled,,,Marketplace
O002717,2,2025-07-06,C01099,P0031,1,22309.02,0.3,Cash on Delivery,Returned,5,3,web
O000102,1,2026-01-13,C00178,P0088,1,25986.16,0.15,Debit Card,Delivered,7,1,App
O003561,3,2025-09-17,C01644,P0074,2,10847.35,0.65,upi,Delivered,3,4,Web
O000753,3,2026-04-01,C00561,P0055,4,8981.71,0.3,Debit Card,Delivered,4,3,Web
O006070,1,2025-12-24,C01556,P0013,5,5634.6,0.1,Cash on Delivery,Delivered,4,3,Web
O000911,1,2025-12-13,C01204,P0126,1,2087.91,0.25,Credit Card,Delivered,5,3,web
O004144,1,2026-02-04,C00749,P0095,1,15288.36,0,credit card,Delivered,2,4,Marketplace
O005314,3,2025-06-16,C01335,P0099,1,19583.28,0.25,,Delivered,5,3,APP
O000010,1,2026-05-07,C01170,P0054,1,12992.06,0.25,credit card,Delivered,6,3,APP
O005997,1,2026-01-28,C00303,P0120,2,12599.75,0.1,UPI,Delivered,7,2,App
O005268,2,2026-01-27,C01474,P0055,2,9330.82,0.15,,Delivered,6,3,APP
O005982,2,2026-06-23,C00218,P0142,2,11960.01,0.05,Cash on Delivery,Delivered,4,,App
O005091,2,2025-09-22,C00306,P0141,1,12700.62,0.05,Debit Card,Delivered,5,3,web
O000060,1,2025-11-29,C00220,P0060,1,17148.77,0,Debit Card,Delivered,10,1,App
O006058,1,2026-06-27,C00150,P0015,2,22694.4,0.2,Credit Card,Delivered,3,4,Web
O004979,2,2026-04-12,C01445,P0086,1,3658.39,0,Credit Card,Delivered,5,3,App
O000151,1,2026-03-12,C01574,P0056,2,10554.29,0.05,Credit Card,Delivered,3,4,App
O001048,1,2025-09-04,C01750,P0093,3,22981.41,0.1,Credit Card,Delivered,3,4,APP
O005991,2,2025-02-02,C00595,P0009,1,14794.7,0.25,COD,Delivered,3,4,APP
O002034,3,2026-07-13,C00252,P0143,2,3974.08,0.25,Cash on Delivery,Delivered,4,4,Marketplace
O003718,1,2026-05-08,C00621,P0129,1,14690.12,0.05,Cash on Delivery,Delivered,6,2,APP
O002241,3,2026-01-25,C01171,P0048,1,951.63,0.15,UPI,Delivered,4,4,APP
O001552,2,2025-10-28,C00494,P0068,1,8961.89,0.2,Cash on Delivery,Delivered,3,3,APP
O004707,2,2025-01-13,C00047,P0119,1,19506.74,0.15,credit card,Delivered,4,3,web
O006144,1,2026-07-12,C01399,P0122,1,1181.25,0,COD,Delivered,5,2,Web
O002460,4,2026-04-26,C01946,P0011,1,17014.71,0.1,UPI,Delivered,4,3,App
O006316,2,2025-08-26,C00352,P0109,1,15246.9,0.2,Cash on Delivery,Cancelled,,,APP
O003609,2,2026-02-01,C01173,P0005,2,5349.45,0.15,COD,Delivered,4,3,web
O001284,2,2025-09-12,C00080,P0126,1,2066.06,0.25,Wallet,Delivered,6,3,Marketplace
O002190,2,2025-01-12,C01146,P0085,1,10303.97,0,Credit Card,Delivered,7,2,Web
O005345,2,2026-05-21,C01805,P0140,1,13839.76,0.1,COD,Delivered,,,web
O001346,1,2026-06-12,C01285,P0138,4,969.63,0.25,credit card,Returned,7,2,Marketplace
O003420,1,2026-05-10,C00729,P0054,2,12622.03,0.15,Debit Card,Delivered,6,3,Web
O002540,1,2026-08-05,C01272,P0024,1,21467.56,0.15,Debit Card,Delivered,1,4,APP
O005456,2,2026-05-02,C00860,P0045,1,28109.6,0,Cash on Delivery,Delivered,,,Marketplace
O000894,1,2026-05-25,C00122,P0031,1,22548.02,0,Cash on Delivery,Delivered,4,4,web
O004950,3,2025-08-03,C01349,P0084,1,16278.97,0.05,Wallet,Delivered,6,2,APP
O002939,1,2026-03-29,C00413,P0099,1,20701.84,0.05,upi,Cancelled,,,App
O005333,1,2025-10-28,C01413,P0057,2,4475.68,0.05,Wallet,Delivered,6,2,Marketplace
O005223,1,2026-05-22,C01964,P0104,3,5156.49,0.05,Credit Card,Delivered,3,4,Web
O002128,1,2025-04-27,C00948,P0010,5,22829.1,0.1,credit card,Delivered,5,3,Web
O002279,1,2026-07-10,C01776,P0123,1,9303.43,0.05,COD,Returned,4,3,App
O003174,1,2025-07-18,C00473,P0111,1,1847.04,0.1,Wallet,Delivered,8,2,Web
O001173,1,2026-06-20,C01467,P0137,1,4703.02,0.15,Credit Card,Delivered,5,3,App
O002122,1,2025-11-28,C00054,P0124,1,14321.21,0.05,Credit Card,Delivered,7,3,web
O003242,1,2026-01-24,C00175,P0102,1,16389.17,0.15,Wallet,Returned,6,3,Web
O000852,1,2025-05-04,C01989,P0118,1,3047.29,0.2,Cash on Delivery,Delivered,4,,APP
O005786,2,2026-07-28,C01855,P0077,2,10646.61,0,Debit Card,Delivered,3,3,web
O001229,2,2025-04-25,C00798,P0045,1,28327.59,0,Cash on Delivery,Delivered,3,4,Marketplace
O001191,1,2025-01-15,C00562,P0128,2,14418.99,0.15,COD,Delivered,3,4,Web
O001256,1,2025-06-01,C00365,P0006,2,20416.71,0.05,Debit Card,Delivered,7,1,Web
O001898,1,2025-01-26,C01169,P0020,1,24910.77,0.15,Debit Card,Delivered,8,2,APP
O005803,1,2026-01-04,C01841,P0017,1,3358.54,0.1,Cash on Delivery,Delivered,4,4,APP
O003342,2,2026-05-12,C01297,P0023,1,25901.26,0.1,credit card,Delivered,4,4,App
O001059,2,2025-01-07,C00607,P0052,1,19275.96,0.15,UPI,Delivered,2,5,App
O005033,2,2025-02-05,C01627,P0058,1,13217.18,0.25,credit card,Delivered,3,5,Web
O003252,2,2025-05-21,C00515,P0050,1,17729.4,0.15,Debit Card,Delivered,5,4,App
O003862,2,2025-05-14,C01924,P0001,2,9098.8,0.05,,Delivered,3,4,Web
O000876,1,2026-04-24,C01475,P0001,2,9402.16,0.2,UPI,Delivered,6,3,web
O002088,1,2026-04-01,C01615,P0057,2,4635.36,0,Cash on Delivery,Delivered,5,3,App
O003168,3,2025-12-07,C00613,P0065,2,17309.7,0.15,Credit Card,Delivered,5,3,web
O003530,3,2026-07-12,C01614,P0102,2,16580.72,0.3,Debit Card,Delivered,5,2,web
O001533,3,2025-06-29,C01670,P0084,1,16543.06,0.1,UPI,Delivered,4,4,App
O001672,3,2025-03-28,C00089,P0014,1,5450.04,0,Cash on Delivery,Delivered,,,Marketplace
O002380,2,2026-07-30,C01880,P0125,1,4585.79,0.2,Wallet,Delivered,2,,Web
O000404,1,2026-02-21,C01281,P0108,2,22360.66,0.2,UPI,Delivered,5,4,web
O001299,2,2026-06-04,C01873,P0026,1,14373.02,0.2,Credit Card,Delivered,6,3,Marketplace
O004468,1,2025-04-07,C00052,P0095,2,16205.65,0.25,Debit Card,Delivered,7,2,APP
O002326,1,2026-01-26,C00557,P0008,1,22123.47,0.2,UPI,Delivered,4,4,Marketplace
O001986,3,2025-08-18,C00034,P0030,1,14445.17,0.3,Wallet,Delivered,3,4,APP
O006357,3,2025-05-13,C01116,P0103,2,26981.27,0.25,Wallet,Delivered,5,3,Web
O001649,2,2026-06-27,C00388,P0107,1,23692.95,0.2,Wallet,Returned,2,4,Web
O005193,1,2025-08-26,C00607,P0009,2,14367.54,0.1,COD,Delivered,3,4,web
O003566,1,2025-07-30,C01995,P0003,2,19403.17,0.05,Credit Card,Delivered,1,5,web
O000834,1,2025-08-30,C00459,P0049,1,1508.78,0.05,COD,Delivered,6,3,App
O000272,2,2026-05-26,C00510,P0060,1,16640.16,0.2,Debit Card,Delivered,1,5,web
O001115,3,2025-07-07,C00559,P0109,3,14494.7,0.2,Credit Card,Delivered,3,4,web
O004653,2,2025-05-07,C00259,P0122,1,1164.87,0.2,upi,Delivered,5,2,Web
O005260,2,2025-07-11,C00569,P0027,1,19472.8,0.25,Debit Card,Delivered,5,3,App
O001079,1,2025-07-28,C00254,P0127,1,14721.98,0,COD,Delivered,4,4,Marketplace
O006106,2,2025-05-29,C01108,P0108,4,22489.34,0,Cash on Delivery,Delivered,5,3,web
O003469,3,2026-05-09,C01860,P0036,2,18128.76,0.1,COD,Delivered,5,3,Web
O005689,2,2026-07-08,C01125,P0117,2,3632.97,0.2,UPI,Delivered,3,,web
O003854,4,2025-10-02,C01974,P0133,1,3779.07,0.1,Cash on Delivery,Delivered,6,2,Marketplace
O003561,1,2025-09-17,C01644,P0038,3,332.57,0.2,upi,Delivered,3,4,Web
O000395,1,2025-03-05,C00005,P0111,2,1804.37,0.2,UPI,Delivered,3,4,APP
O003124,2,2026-05-17,C01221,P0109,1,14711.14,0.25,UPI,Delivered,5,3,App
O003774,1,2025-09-21,C00383,P0008,1,22718.63,0,Wallet,Cancelled,,,Marketplace
O005229,1,2026-02-16,C00801,P0067,2,10683.82,0,credit card,Delivered,3,4,App
O002682,1,2026-06-25,C00145,P0016,4,20567.52,0,credit card,Delivered,6,2,web
O000414,1,2025-04-16,C00893,P0133,1,3902.36,0.1,COD,Delivered,6,2,Marketplace
O003447,2,2026-06-05,C01876,P0049,5,1424.82,0.1,upi,Delivered,5,3,Web
O005962,1,2025-09-21,C00620,P0102,2,16540.11,0.1,Debit Card,Delivered,1,5,APP
O000161,1,2025-10-29,C00799,P0118,2,3063.45,0.15,Debit Card,Delivered,4,4,Marketplace
O005551,1,2025-08-29,C00426,P0124,1,13629.89,0.3,UPI,Delivered,3,4,web
O002420,1,2026-08-07,C01945,P0081,3,22257.42,0,upi,Delivered,5,3,APP
O006192,1,2025-07-13,C00446,P0086,2,3528.87,0.05,COD,Delivered,2,4,App
O003968,2,2026-04-07,C01613,P0077,1,11088.64,0.1,Debit Card,Delivered,,,Web
O001463,4,2026-07-03,C00745,P0040,1,13178.05,0.05,UPI,Delivered,5,4,APP
O000036,2,2026-02-10,C00903,P0045,1,28610.27,0.05,Debit Card,Delivered,4,3,Marketplace
O004761,1,2025-11-20,C01258,P0043,2,16176.72,0.05,upi,Delivered,3,4,APP
O003475,3,2025-07-09,C00665,P0130,1,17654.77,0.05,COD,Returned,3,3,Marketplace
O000100,3,2025-12-12,C00433,P0018,1,13784.78,0.15,UPI,Delivered,2,,web
O005508,1,2025-05-17,C00686,P0107,5,22949.01,0.15,Debit Card,Delivered,5,3,APP
O001933,3,2026-03-22,C00202,P0142,3,11645.6,0.2,Debit Card,Delivered,5,3,APP
O000221,1,2025-03-04,C00444,P0048,2,973.41,0,COD,Delivered,4,4,Web
O001803,1,2026-07-29,C01509,P0107,1,23264.04,0.15,Credit Card,Delivered,4,3,App
O001261,1,2025-05-24,C01971,P0030,1,14589.84,0.15,upi,Delivered,6,3,Web
O003388,1,2026-07-19,C01684,P0080,4,22500.91,0.25,credit card,Delivered,2,4,App
O002482,1,2026-04-16,C00503,P0057,3,4749.28,0,UPI,Delivered,2,,Web
O004740,1,2025-11-16,C01929,P0119,2,19030.23,0.15,UPI,Delivered,6,3,APP
O004532,2,2025-10-01,C01041,P0121,1,21994.71,0.15,upi,Delivered,4,3,APP
O001265,1,2025-03-13,C01163,P0111,1,1840.6,0.2,Cash on Delivery,Delivered,5,3,web
O002246,1,2026-04-08,C01421,P0038,1,334.62,0.25,UPI,Delivered,3,4,App
O000673,3,2026-04-23,C01194,P0093,1,22355.39,0.1,upi,Delivered,7,3,APP
O005672,1,2025-10-05,C00391,P0099,1,20539.4,0,UPI,Delivered,9,2,Web
O003391,2,2025-05-09,C00517,P0079,5,7573.08,0.1,Debit Card,Delivered,8,1,App
O003620,1,2026-05-21,C00301,P0046,1,4067.08,0.05,COD,Cancelled,,,web
O005513,1,2025-11-18,C01239,P0004,1,18577.81,0.25,upi,Delivered,4,3,Web
O005018,1,2026-02-25,C01925,P0086,1,3779.68,0.15,Wallet,Delivered,4,4,App
O000838,2,2025-07-25,C01686,P0073,1,8800.66,0.1,Debit Card,Delivered,5,3,web
O002909,3,2026-05-22,C00887,P0113,1,3160.85,0.05,Credit Card,Delivered,3,4,App
O000211,3,2025-05-21,C01597,P0008,1,22743.31,0.2,UPI,Delivered,2,4,APP
O002876,1,2026-02-17,C00069,P0118,1,3033.69,0.05,Wallet,Delivered,2,,Marketplace
O002743,1,2025-04-22,C01536,P0068,2,9438.7,0.05,UPI,Delivered,3,4,App
O002521,1,2025-02-07,C01528,P0122,1,1215.26,0.1,UPI,Delivered,6,3,Marketplace
O002871,1,2026-07-28,C00374,P0130,1,16897.5,0.2,UPI,Delivered,4,4,APP
O005471,4,2025-09-20,C01415,P0142,2,11276.51,0.05,Debit Card,Delivered,4,,APP
O003665,1,2025-12-08,C00088,P0014,2,5573.63,0.1,UPI,Delivered,4,4,App
O003623,1,2025-11-07,C01664,P0023,1,26630.73,0,credit card,Delivered,5,3,Web
O000108,1,2025-11-13,C01813,P0009,1,14172.74,0.05,Cash on Delivery,Returned,5,,APP
O002610,1,2025-07-21,C01441,P0039,1,11863.22,0.2,Credit Card,Returned,4,3,web
O005156,2,2025-12-26,C00360,P0118,2,3087.55,0.05,UPI,Delivered,8,1,App
O000978,1,2026-03-14,C01834,P0011,2,16441.24,0.3,Cash on Delivery,Delivered,4,3,Marketplace
O002742,1,2025-12-01,C00408,P0116,2,12412.4,0.3,UPI,Delivered,6,,App
O000164,2,2026-07-06,C00164,P0027,1,19891.35,0.2,,Delivered,4,4,Marketplace
O000914,2,2026-08-05,C00741,P0027,3,20064.53,0.15,credit card,Delivered,4,4,APP
O006235,3,2026-06-05,C01958,P0093,1,24043.61,0.2,upi,Returned,2,5,Marketplace
O003838,2,2026-05-20,C01896,P0038,1,320.01,0.65,upi,Cancelled,,,Marketplace
O001819,2,2025-11-04,C01188,P0135,2,3341.21,0,UPI,Returned,5,3,App
O006020,2,2025-04-09,C00572,P0089,3,17656.32,0.1,credit card,Delivered,3,4,Web
O003156,2,2026-05-22,C00759,P0100,1,14081.59,0.15,Wallet,Delivered,6,2,APP
O000815,1,2025-05-07,C01178,P0100,2,13806.21,0.05,COD,Delivered,2,4,Web
O002911,1,2025-04-12,C00444,P0006,2,21254.31,0.15,COD,Delivered,1,5,Marketplace
O000820,3,2026-01-09,C00689,P0048,1,943.89,0.5,Debit Card,Delivered,2,4,Web
O003032,1,2026-07-04,C00705,P0085,1,9838.65,0.05,credit card,Delivered,1,5,APP
O006162,1,2025-05-10,C01264,P0023,2,26076.08,0.1,Wallet,Delivered,1,5,web
O004154,1,2026-02-16,C00486,P0023,2,27616.74,0.15,COD,Delivered,2,5,web
O000161,3,2025-10-29,C00799,P0113,1,3005.48,0,Debit Card,Delivered,4,4,Marketplace
O003248,1,2026-07-18,C00298,P0005,1,5251.52,0.05,upi,Delivered,5,2,App
O005320,2,2026-03-06,C01559,P0001,1,9267.02,0.15,credit card,Delivered,3,4,App
O002933,3,2025-02-04,C00966,P0063,2,17199.7,0,Debit Card,Delivered,4,3,APP
O002801,2,2025-01-20,C00860,P0121,3,21081.87,0.2,COD,Delivered,2,4,web
O002390,2,2026-03-18,C01077,P0064,1,4825.93,0.1,credit card,Delivered,1,5,Marketplace
O003677,1,2026-07-13,C01163,P0030,1,14958.71,0.05,Debit Card,Delivered,5,2,APP
O004693,1,2026-07-11,C00307,P0040,1,13295.75,0.05,Cash on Delivery,Delivered,6,2,App
O003345,2,2026-05-26,C01254,P0071,3,10852.31,0.2,Wallet,Delivered,4,3,Marketplace
O000669,1,2026-02-14,C00397,P0142,1,11966.44,0.05,UPI,Delivered,6,2,App
O006312,1,2025-12-02,C00996,P0090,3,4713.02,0.15,Wallet,Delivered,4,3,App
O003720,1,2025-11-08,C01513,P0042,1,7121.35,0.05,Cash on Delivery,Returned,4,3,App
O003854,1,2025-10-02,C01974,P0108,2,22340.9,0.25,Cash on Delivery,Delivered,6,2,Marketplace
O001417,1,2026-05-16,C01909,P0056,1,10518.64,0,upi,Delivered,4,4,App
O003995,1,2025-10-13,C00940,P0048,2,965.48,0.05,,Delivered,2,4,Web
O002005,2,2026-05-14,C00768,P0009,1,14267.5,0.2,upi,Delivered,6,2,web
O003941,2,2026-01-21,C00302,P0022,3,5177.76,0.25,upi,Delivered,5,3,APP
O004231,1,2026-04-14,C00081,P0076,2,26692.81,0.2,Credit Card,Delivered,3,5,App
O004682,2,2026-02-15,C00420,P0025,2,4066.77,0.25,COD,Delivered,5,3,Web
O005266,1,2026-01-17,C00435,P0125,1,4519.09,0.2,credit card,Cancelled,,,web
O001463,2,2026-07-03,C00745,P0074,1,10485.71,0.05,UPI,Delivered,5,4,APP
O006423,1,2025-12-11,C01885,P0084,1,17126.47,0.15,UPI,Delivered,4,3,Marketplace
O003251,2,2025-11-22,C00753,P0018,2,13934.4,0.05,upi,Delivered,5,2,APP
O002461,1,2026-01-07,C01029,P0080,1,22545.32,0,upi,Delivered,5,4,Marketplace
O005358,1,2025-03-11,C00769,P0101,1,8428.98,0.2,Wallet,Delivered,5,3,Marketplace
O000784,1,2026-02-16,C00822,P0060,1,16680.23,0.2,Cash on Delivery,Delivered,5,3,App
O004030,1,2025-08-01,C01831,P0142,1,11393.23,0.15,Wallet,Delivered,7,3,Marketplace
O005673,1,2025-10-06,C01410,P0101,3,8079.7,0.1,credit card,Delivered,5,2,App
O002851,1,2026-07-19,C01602,P0023,1,27300.9,0,credit card,Delivered,3,4,APP
O002695,1,2026-07-09,C01805,P0135,1,3316.64,0.5,upi,Delivered,5,3,APP
O004015,1,2026-07-06,C00750,P0028,2,8542.13,0,COD,Delivered,4,4,Web
O001661,1,2025-06-20,C01549,P0067,1,10772.67,0,Credit Card,Delivered,3,4,App
O002179,1,2025-09-27,C00057,P0089,2,17840.71,0.15,Cash on Delivery,Delivered,7,2,web
O004070,2,2026-08-04,C01470,P0063,1,16901.09,0.1,Wallet,Delivered,4,3,App
O000620,3,2026-05-13,C01945,P0010,1,23135.7,0,credit card,Returned,3,3,web
O005834,3,2026-08-26,C00566,P0058,1,12666.03,0.05,UPI,Cancelled,,,App
O002010,1,2025-09-18,C00816,P0105,1,25102.97,0,upi,Delivered,3,4,web
O003922,2,2025-11-21,C00443,P0042,2,7158.36,0,UPI,Returned,4,3,Marketplace
O001316,3,2025-02-25,C00044,P0075,1,10989.1,0.1,Cash on Delivery,Delivered,4,3,App
O004522,1,2025-10-28,C01365,P0117,1,3529.92,0,credit card,Delivered,5,4,web
O003893,2,2025-01-01,C01495,P0063,1,16997.02,0.2,Wallet,Delivered,4,3,APP
O006169,2,2025-05-06,C01656,P0061,4,21807.0,0,upi,Delivered,4,3,Web
O002074,1,2025-03-18,C01882,P0128,1,14386.91,0.2,Credit Card,Delivered,5,3,APP
O006145,2,2025-10-02,C00499,P0035,1,17468.04,0.1,Cash on Delivery,Delivered,3,5,Marketplace
O002752,1,2025-06-26,C00667,P0112,1,21568.63,0.1,credit card,Delivered,4,3,App
O000162,1,2026-04-19,C01498,P0116,1,11827.36,0,upi,Delivered,1,5,APP
O001118,1,2026-02-07,C01818,P0070,1,4297.42,0,Cash on Delivery,Delivered,4,4,Marketplace
O001903,3,2025-09-11,C00722,P0008,2,22035.77,0.05,Wallet,Delivered,7,1,APP
O001509,2,2026-02-06,C01544,P0041,1,19813.5,0.5,credit card,Delivered,4,4,Web
O005373,1,2025-10-19,C00876,P0038,2,331.02,0,Cash on Delivery,Delivered,4,4,Marketplace
O000791,1,2025-01-19,C00639,P0136,1,13389.77,0.1,upi,Delivered,6,3,Web
O003098,3,2025-11-12,C01610,P0130,2,17894.77,0.15,Credit Card,Delivered,4,4,APP
O000786,2,2025-08-19,C01617,P0093,1,23422.08,0.05,upi,Delivered,5,3,App
O003763,1,2025-08-02,C00145,P0124,1,14134.92,0.15,credit card,Delivered,4,3,Web
O006167,1,2026-03-04,C01193,P0033,2,630.02,0.05,credit card,Delivered,1,5,APP
O006052,2,2026-01-31,C01970,P0030,5,14156.24,0.15,Cash on Delivery,Delivered,5,3,Web
O003373,3,2025-10-20,C01826,P0080,2,21820.68,0.5,Credit Card,Delivered,4,3,Marketplace
O000487,1,2026-07-06,C01239,P0135,2,3509.34,0,credit card,Delivered,2,4,Web
O005065,1,2025-04-08,C00575,P0144,1,8553.68,0.3,COD,Delivered,5,4,Web
O005978,2,2025-05-21,C01183,P0112,1,21772.49,0.05,COD,Delivered,3,4,App
O005622,1,2025-09-30,C01576,P0018,1,13870.71,0.1,Wallet,Delivered,5,3,web
O000355,2,2025-02-24,C00833,P0063,3,17789.16,0.15,UPI,Delivered,3,3,APP
O005175,1,2025-11-03,C00088,P0124,2,14190.46,0.15,upi,Returned,5,3,Marketplace
O002707,2,2026-07-31,C00855,P0101,2,8308.57,0.25,UPI,Delivered,5,3,Web
O003230,1,2026-08-23,C00614,P0110,1,8422.26,0.15,UPI,Delivered,5,3,App
O000698,1,2025-03-02,C00175,P0131,2,17901.14,0.05,UPI,Delivered,5,3,APP
O006255,3,2025-01-06,C00047,P0054,1,13369.19,0,upi,Delivered,2,5,Web
O004298,3,2026-02-27,C00350,P0101,1,8126.66,0.15,COD,Delivered,4,,Marketplace
O001210,1,2026-03-28,C01279,P0009,1,14610.75,0.15,Credit Card,Delivered,5,,App
O000506,2,2026-04-04,C01613,P0115,1,4829.23,0.2,Cash on Delivery,Returned,4,4,web
O005857,1,2025-01-09,C01227,P0119,1,19288.92,0.15,Wallet,Delivered,6,2,Web
O002823,2,2025-03-27,C01391,P0026,2,14517.62,0,Credit Card,Delivered,5,3,APP
O002820,2,2025-04-08,C01968,P0115,1,4621.85,0.05,COD,Delivered,6,2,Web
O002470,1,2025-06-30,C01252,P0071,1,11012.7,0.2,Wallet,Delivered,3,4,web
O005270,1,2025-06-18,C00129,P0104,3,4815.44,0.2,COD,Delivered,3,4,App
O003275,1,2025-07-29,C01631,P0025,1,4102.67,0.3,Credit Card,Returned,6,2,APP
O003151,1,2026-06-09,C00946,P0041,1,20419.59,0.1,upi,Delivered,4,4,Web
O005090,1,2026-07-18,C00761,P0014,1,5626.25,0.05,Cash on Delivery,Delivered,2,5,App
O006362,1,2026-06-23,C00612,P0051,1,4264.52,0.05,Credit Card,Delivered,7,2,Web
O006250,1,2025-08-24,C00852,P0002,1,10335.45,0,Wallet,Delivered,6,3,web
O004894,1,2025-02-21,C01732,P0109,1,14267.9,0.5,credit card,Delivered,2,5,Marketplace
O000904,1,2025-11-10,C00875,P0137,1,4535.1,0.2,UPI,Delivered,2,5,App
O001128,1,2026-02-24,C00616,P0128,1,14454.79,0.25,Credit Card,Delivered,2,4,web
O005640,2,2026-06-17,C00673,P0116,2,11668.57,0,COD,Delivered,3,3,Marketplace
O002260,3,2025-01-13,C00436,P0052,2,18472.58,0.15,Credit Card,Delivered,5,3,APP
O001077,2,2025-04-24,C01927,P0142,3,11425.4,0.15,COD,Delivered,7,2,web
O005338,1,2025-05-10,C00573,P0119,2,19835.77,0.1,Debit Card,Cancelled,,,Web
O006176,1,2025-12-21,C00264,P0002,1,10386.21,0,Credit Card,Delivered,5,3,APP
O001066,2,2025-12-07,C01996,P0008,1,22385.86,0.1,Debit Card,Delivered,3,3,Marketplace
O001065,2,2026-02-11,C01668,P0013,1,5795.49,0.1,credit card,Delivered,3,4,Marketplace
O006078,1,2026-01-10,C00641,P0008,2,22625.68,0.05,credit card,Delivered,4,3,Web
O003651,1,2025-06-01,C00824,P0138,1,1047.08,0.1,upi,Delivered,5,4,Web
O005164,1,2026-03-13,C01027,P0025,1,4011.39,0.5,COD,Delivered,2,4,Web
O004718,2,2026-04-09,C00846,P0063,1,17786.7,0.1,upi,Delivered,3,5,App
O000949,2,2025-02-14,C00453,P0063,1,17719.7,0.1,upi,Delivered,1,5,Marketplace
O001783,2,2025-01-23,C01385,P0131,5,18528.69,0.15,UPI,Delivered,4,3,Marketplace
O002145,2,2025-04-02,C00625,P0133,1,3742.25,0.2,Cash on Delivery,Returned,2,4,Web
O005605,3,2026-02-15,C00442,P0056,2,11135.23,0.1,Wallet,Delivered,7,,App
O002832,1,2025-07-06,C00182,P0133,5,3714.71,0.05,Cash on Delivery,Delivered,,,Marketplace
O001465,3,2025-07-27,C01859,P0001,4,8976.76,0.1,Wallet,Delivered,5,3,Marketplace
O002100,1,2025-04-06,C00519,P0069,4,11753.36,0.25,Credit Card,Delivered,3,5,web
O006282,2,2025-03-13,C01274,P0041,1,20349.66,0.2,Credit Card,Delivered,2,5,Web
O001972,2,2025-03-15,C01841,P0066,2,21888.01,0,Cash on Delivery,Delivered,3,4,App
O003472,1,2025-06-14,C00955,P0053,1,7451.52,0.1,Cash on Delivery,Delivered,3,3,web
O002108,2,2026-03-26,C00449,P0090,1,4695.31,0.3,Credit Card,Delivered,3,4,App
O004184,1,2025-11-03,C01308,P0133,3,3782.23,0.15,COD,Delivered,4,3,Marketplace
O001498,1,2026-05-21,C00877,P0010,1,22677.07,0.15,COD,Delivered,3,3,Web
O002544,3,2025-10-02,C00491,P0125,1,4513.68,0.25,Wallet,Delivered,6,2,App
O001484,1,2025-01-21,C00053,P0016,2,20106.46,0.15,upi,Delivered,5,3,App
O004619,1,2026-02-09,C01766,P0100,1,13896.46,0,Wallet,Delivered,6,3,Web
O003733,1,2025-10-03,C00256,P0143,2,3958.14,0.3,Debit Card,Delivered,3,4,web
O004375,1,2025-06-01,C01084,P0087,1,6879.85,0,Wallet,Delivered,3,4,Marketplace
O005222,2,2025-04-17,C01381,P0018,1,14441.08,0.05,COD,Delivered,10,1,Web
O005136,1,2025-02-09,C01939,P0111,2,1921.99,0,Credit Card,Returned,2,5,Web
O005931,2,2025-07-06,C00077,P0107,1,24431.23,0.2,Credit Card,Delivered,5,3,APP
O000223,2,2025-03-11,C01761,P0122,2,1133.37,0.05,credit card,Delivered,3,3,Web
O005269,1,2025-01-12,C00962,P0021,2,21262.26,0.2,UPI,Delivered,2,5,App
O006067,2,2026-01-11,C01884,P0144,1,8044.83,0.25,upi,Cancelled,,,APP
O000889,2,2025-04-27,C01103,P0080,1,22974.02,0.15,UPI,Delivered,4,4,web
O005361,1,2025-10-17,C01263,P0101,1,8094.02,0.1,Credit Card,Delivered,4,4,web
O006199,3,2025-11-26,C00070,P0134,2,18042.29,0.1,Wallet,Delivered,2,4,APP
O002004,2,2026-08-31,C00480,P0104,2,4900.21,0.1,upi,Returned,5,3,App
O000110,1,2026-08-31,C00955,P0042,1,6729.3,0.05,Credit Card,Delivered,4,4,Web
O001720,2,2026-01-18,C00976,P0139,4,3563.96,0.1,credit card,Delivered,4,4,Marketplace
O005821,1,2025-09-15,C01552,P0057,1,4814.95,0.3,COD,Delivered,4,3,web
O002605,4,2026-03-28,C00901,P0016,2,20287.7,0.25,COD,Delivered,6,3,APP
O003365,2,2026-06-12,C00481,P0122,1,1206.06,0.15,COD,Delivered,4,4,App
O002466,2,2025-09-16,C00458,P0055,1,8961.92,0.05,Cash on Delivery,Delivered,4,3,APP
O002706,1,2025-05-13,C01347,P0066,1,21723.77,0.2,Cash on Delivery,Delivered,7,2,Marketplace
O004690,1,2025-05-04,C00823,P0035,1,17730.93,0,Wallet,Delivered,1,5,App
O004820,3,2026-02-15,C00459,P0113,2,2977.87,0.3,UPI,Delivered,3,4,App
O000071,2,2026-04-01,C00235,P0047,3,28680.51,0,COD,Delivered,6,3,APP
O002768,1,2025-08-13,C00627,P0098,1,12962.52,0.1,Credit Card,Delivered,5,,Web
O000278,1,2025-12-04,C01272,P0060,1,17495.61,0.15,Credit Card,Returned,8,2,App
O004891,1,2025-07-01,C00729,P0058,1,12580.07,0.15,credit card,Delivered,6,3,Marketplace
O000259,1,2025-08-05,C00046,P0047,1,28123.54,0,Wallet,Delivered,3,4,App
O005856,1,2025-04-09,C00063,P0046,1,4266.12,0.15,Credit Card,Delivered,4,3,Marketplace
O002814,1,2025-08-27,C00199,P0092,1,4085.18,0.15,credit card,Delivered,4,3,web
O000974,1,2026-06-04,C00814,P0044,1,13243.15,0.1,Credit Card,Cancelled,,,web
O002093,3,2025-07-23,C01265,P0002,3,10860.17,0.15,Credit Card,Delivered,3,4,App
O004056,1,2026-02-25,C01036,P0029,2,4921.36,0.15,Debit Card,Delivered,8,2,APP
O001781,1,2025-02-03,C01569,P0026,3,14266.69,0.1,upi,Delivered,6,3,App
O002078,3,2026-04-25,C01613,P0048,4,967.53,0,Cash on Delivery,Delivered,5,3,App
O003859,1,2025-09-10,C01067,P0069,3,11555.47,0.1,Wallet,Delivered,4,3,Web
O004291,1,2025-08-06,C01388,P0099,1,20273.41,0,Debit Card,Delivered,3,3,web
O006241,1,2025-02-22,C01276,P0037,1,18239.62,0.05,Debit Card,Delivered,6,3,web
O000373,2,2025-11-23,C00405,P0026,3,14352.51,0,UPI,Delivered,5,3,web
O000607,4,2025-12-12,C00658,P0054,1,12690.75,0.05,UPI,Delivered,6,3,Web
O003952,2,2026-06-04,C01828,P0046,1,4000.77,0.2,upi,Delivered,2,5,App
O002172,2,2025-05-31,C00482,P0094,2,6216.7,0.1,Cash on Delivery,Delivered,7,2,Web
O006173,2,2025-10-24,C01992,P0039,1,12165.67,0.05,upi,Delivered,9,1,Web
O003306,3,2025-02-12,C01089,P0141,1,12671.38,0.05,credit card,Delivered,4,3,Marketplace
O001703,2,2025-07-11,C01695,P0012,4,7850.27,0.15,COD,Cancelled,,,App
O006408,1,2025-03-18,C01145,P0002,2,10468.84,0.25,upi,Delivered,2,4,Marketplace
O000887,2,2026-08-20,C01136,P0017,2,3331.62,0,Wallet,Delivered,5,2,web
O003716,2,2026-01-16,C00921,P0082,2,15168.09,0,Debit Card,Delivered,7,1,Web
O003329,1,2026-06-12,C01986,P0060,3,17373.13,0.15,Debit Card,Delivered,5,3,Web
O001305,3,2026-01-29,C00361,P0115,2,4938.71,0,credit card,Delivered,5,3,Marketplace
O002840,1,2026-01-04,C00394,P0134,4,18302.42,0.3,Debit Card,Delivered,4,3,Marketplace
O003150,2,2025-12-08,C01689,P0077,3,10675.44,0.15,Debit Card,Delivered,5,3,Marketplace
O006391,2,2026-03-26,C00368,P0026,1,14507.75,0.1,Wallet,Delivered,7,1,APP
O002267,1,2026-01-26,C00778,P0097,1,3610.08,0,Credit Card,Delivered,5,2,Marketplace
O002981,2,2025-08-18,C00788,P0074,1,10782.74,0.25,Cash on Delivery,Delivered,5,3,APP
O002506,1,2025-04-08,C00899,P0139,1,3456.81,0,UPI,Delivered,5,2,web
O004527,1,2025-11-13,C00346,P0030,2,14602.85,0,Credit Card,Delivered,2,4,App
O003163,1,2025-08-05,C01595,P0070,1,4292.76,0.1,upi,Delivered,5,,App
O001937,1,2026-02-25,C00925,P0059,2,16956.12,0.5,upi,Delivered,6,2,web
O006439,1,2026-03-09,C01694,P0093,4,23121.69,0.15,COD,Delivered,5,4,Marketplace
O004307,1,2025-02-11,C01571,P0012,1,8068.35,0.05,Cash on Delivery,Delivered,4,4,web
O005183,1,2025-11-30,C01916,P0042,1,6736.46,0.05,COD,Delivered,6,3,APP
O003814,2,2025-05-12,C01914,P0136,1,14186.81,0.1,Cash on Delivery,Returned,4,4,APP
O003783,1,2025-10-25,C00342,P0061,1,22729.32,0.15,Credit Card,Delivered,5,,APP
O000566,2,2026-03-07,C01533,P0088,1,26537.57,0.1,Wallet,Delivered,4,3,Web
O005051,1,2025-01-25,C01436,P0061,1,23008.3,0.15,,Delivered,4,3,Web
O006126,1,2026-06-25,C00313,P0014,1,5664.65,0,upi,Delivered,3,4,App
O005253,1,2025-06-28,C00450,P0014,1,5828.45,0.15,Debit Card,Delivered,2,4,App
O003637,1,2025-06-23,C01394,P0024,1,21249.09,0,credit card,Delivered,3,4,APP
O005559,1,2025-06-15,C00031,P0028,1,8420.12,0,Debit Card,Delivered,6,2,Web
O005106,2,2026-06-07,C01634,P0095,1,15261.51,0.05,Debit Card,Delivered,7,2,Web
O005941,1,2026-04-26,C01780,P0021,1,22409.85,0.15,Debit Card,Delivered,4,4,App
O003389,2,2025-10-20,C01269,P0028,1,8290.99,0.05,Cash on Delivery,Delivered,3,4,web
O001371,2,2025-10-08,C00872,P0133,2,3675.45,0.1,credit card,Delivered,3,5,Marketplace
O006116,1,2025-07-14,C01085,P0022,1,5289.98,0.1,COD,Cancelled,,,APP
O004302,2,2025-02-18,C01404,P0131,1,18274.8,0.15,upi,Returned,6,3,App
O001552,1,2025-10-28,C00494,P0125,2,4575.4,0.15,Cash on Delivery,Delivered,3,3,APP
O000773,2,2026-03-14,C01906,P0021,1,22581.92,0.2,credit card,Delivered,2,5,App
O006132,2,2025-01-27,C00826,P0068,1,9037.61,0.3,COD,Delivered,1,,web
O001130,2,2025-11-24,C01085,P0125,2,4566.9,0.1,UPI,Delivered,4,4,Marketplace
O001592,1,2026-04-10,C00670,P0144,1,8450.95,0.05,Credit Card,Delivered,7,,Marketplace
O001147,2,2026-06-18,C01919,P0029,1,4690.05,0.3,Wallet,Delivered,3,4,Marketplace
O003040,3,2025-05-22,C01452,P0080,1,21924.06,0,Wallet,Delivered,3,4,App
O000094,2,2025-05-07,C01576,P0043,1,15640.65,0.2,Cash on Delivery,Cancelled,,,Marketplace
O002845,1,2025-05-07,C01228,P0134,2,18938.84,0.05,Cash on Delivery,Delivered,5,4,APP
O001741,3,2026-08-06,C00330,P0008,1,21971.54,0.1,Debit Card,Delivered,3,4,Web
O003374,1,2025-04-03,C00873,P0092,2,4147.36,0.15,Wallet,Cancelled,,,Web
O004741,1,2026-05-29,C00578,P0103,1,26750.78,0.25,UPI,Delivered,5,3,App
O005811,1,2026-05-10,C01227,P0035,2,18260.7,0.1,UPI,Returned,3,3,web
O001680,1,2025-02-12,C00527,P0084,2,17277.72,0.1,Wallet,Delivered,8,2,App
O001959,1,2025-12-23,C01582,P0143,1,4141.03,0.25,COD,Delivered,4,3,Web
O000476,4,2026-07-16,C01554,P0083,1,5401.07,0.3,Credit Card,Delivered,4,4,web
O005540,4,2026-06-10,C01668,P0048,1,985.26,0.25,upi,Delivered,4,3,Marketplace
O004223,1,2025-09-01,C00747,P0059,2,17458.15,0.15,credit card,Delivered,5,4,APP
O001642,1,2025-10-02,C00021,P0087,2,6375.96,0.25,Cash on Delivery,Delivered,2,5,web
O004413,1,2026-06-25,C00160,P0093,1,23088.3,0.05,Cash on Delivery,Delivered,5,4,APP
O002406,2,2025-08-06,C01547,P0126,1,2076.65,0,Credit Card,Delivered,7,3,Web
O002849,1,2025-09-28,C00262,P0040,1,13422.9,0,credit card,Delivered,5,3,Web
O000703,1,2025-01-27,C01051,P0093,1,22667.14,0.65,Credit Card,Delivered,3,4,Web
O006439,2,2026-03-09,C01694,P0058,3,13091.24,0.2,COD,Delivered,5,4,Marketplace
O002551,2,2025-03-05,C01757,P0020,1,26392.78,0.15,credit card,Delivered,3,4,web
O000392,3,2025-07-05,C01907,P0100,4,13903.02,0.2,upi,Delivered,6,2,Web
O005473,4,2026-05-25,C00534,P0094,1,6423.92,0.1,Debit Card,Delivered,4,3,App
O006113,2,2026-07-29,C01788,P0036,3,18599.63,0,Wallet,Delivered,6,3,Marketplace
O004907,1,2026-02-28,C00801,P0097,2,3514.15,0.1,Wallet,Delivered,8,2,Marketplace
O003750,1,2025-12-12,C00834,P0139,1,3500.41,0.15,upi,Delivered,4,4,App
O001975,1,2025-09-27,C01582,P0052,2,18988.13,0.05,Credit Card,Delivered,2,5,Web
O006348,1,2026-05-05,C00930,P0091,1,260.75,0.15,COD,Delivered,3,4,APP
O000667,1,2025-03-16,C01517,P0087,1,6648.81,0.25,Cash on Delivery,Delivered,5,,Marketplace
O000146,1,2026-08-22,C01094,P0132,1,18364.42,0.1,,Delivered,5,4,Web
O000659,2,2025-12-05,C01657,P0036,1,18891.59,0.05,Wallet,Delivered,7,2,APP
O000362,1,2026-03-03,C00853,P0064,1,4645.25,0.65,Debit Card,Delivered,4,4,web
O006500,2,2025-04-27,C00501,P0053,2,7617.46,0.25,Wallet,Delivered,5,3,APP
O002795,2,2025-07-07,C00967,P0032,1,20088.94,0,credit card,Cancelled,,,web
O002190,3,2025-01-12,C01146,P0061,2,21573.75,0.1,Credit Card,Delivered,7,2,Web
O002025,1,2026-02-09,C01562,P0054,1,12393.17,0.05,Credit Card,Delivered,5,3,Web
O004075,1,2026-07-18,C00636,P0047,3,27651.97,0,upi,Delivered,4,3,Marketplace
O004019,1,2025-07-22,C01207,P0039,3,12490.29,0.15,credit card,Delivered,3,4,Web
O000817,3,2026-04-08,C01286,P0031,3,23324.99,0.15,Wallet,Delivered,3,4,Web
O002287,1,2025-07-10,C01039,P0119,3,19153.13,0.2,Wallet,Delivered,,,web
O003541,2,2025-03-18,C01642,P0120,1,12524.96,0.15,Debit Card,Returned,1,5,Marketplace
O002016,1,2026-07-27,C01865,P0141,1,12496.4,0,upi,Delivered,4,4,web
O004618,1,2025-01-27,C00642,P0094,1,6483.02,0.1,credit card,Delivered,5,,App
O002760,1,2026-05-28,C00588,P0079,1,7684.43,0,Wallet,Returned,4,3,App
O003349,3,2025-08-09,C00452,P0066,1,22266.4,0.1,Credit Card,Delivered,3,4,Marketplace
O004115,1,2026-07-12,C01358,P0101,1,8016.22,0.15,Wallet,Returned,6,3,App
O002231,2,2026-08-05,C00249,P0043,1,15653.23,0.1,upi,Delivered,6,3,App
O003744,2,2026-03-18,C01029,P0066,1,22346.87,0.1,COD,Delivered,5,3,APP
O001221,2,2025-05-06,C00868,P0109,1,14874.16,0.15,Wallet,Delivered,4,4,Web
O005374,3,2025-02-11,C00566,P0029,1,4728.64,0.5,Cash on Delivery,Delivered,4,3,App
O001897,1,2026-05-07,C00995,P0088,1,25912.98,0.05,upi,Delivered,7,3,APP
O001539,1,2025-05-14,C01184,P0098,2,12786.35,0,Wallet,Delivered,3,5,Marketplace
O001249,1,2025-01-06,C00912,P0137,3,4710.9,0.15,upi,Returned,5,3,web
O002533,1,2026-03-29,C01911,P0025,1,3957.48,0.05,COD,Delivered,7,2,Marketplace
O001985,1,2025-02-13,C00217,P0086,1,3563.8,0.1,Credit Card,Delivered,5,4,web
O000477,1,2025-07-06,C01448,P0067,1,10847.14,0.05,UPI,Delivered,4,4,App
O000404,2,2026-02-21,C01281,P0084,3,17012.28,0,UPI,Delivered,5,4,web
O004368,4,2026-02-27,C00567,P0058,1,12796.1,0.15,Cash on Delivery,Delivered,3,4,Web
O002259,2,2026-08-16,C01255,P0092,1,4065.85,0.1,Debit Card,Delivered,8,2,Marketplace
O000167,1,2026-05-30,C01469,P0055,2,9225.94,0.1,Debit Card,Delivered,4,3,Web
O001199,1,2025-04-12,C00865,P0083,1,5413.48,0,upi,Returned,3,4,APP
O000730,3,2025-07-09,C00494,P0002,1,10977.98,0.2,Wallet,Delivered,3,4,Web
O004181,1,2025-03-21,C00286,P0060,2,17290.95,0.1,credit card,Delivered,5,4,App
O001650,1,2025-05-06,C01868,P0144,1,8095.57,0.25,Debit Card,Delivered,,,APP
O005812,1,2025-03-28,C00682,P0108,2,20921.21,0,Debit Card,Delivered,4,3,App
O000489,2,2026-06-20,C01653,P0003,1,18539.87,0.15,COD,Delivered,5,3,Marketplace
O004561,2,2026-03-23,C00442,P0060,1,17203.19,0,credit card,Delivered,4,4,Marketplace
O005740,2,2026-07-24,C01238,P0059,1,18067.27,0.1,credit card,Delivered,4,4,Web
O002041,2,2025-10-30,C01798,P0035,1,17691.14,0.05,credit card,Delivered,6,3,Marketplace
O004867,2,2026-03-22,C00763,P0068,2,9394.2,0.1,Wallet,Delivered,3,3,App
O005009,1,2026-06-28,C00706,P0025,1,4042.05,0.2,credit card,Delivered,5,3,APP
O002746,1,2025-07-31,C01900,P0132,2,18454.68,0.2,credit card,Delivered,4,3,APP
O003018,1,2026-01-23,C00995,P0003,2,18686.62,0,COD,Delivered,6,2,App
O002890,2,2026-04-13,C01627,P0069,1,11630.26,0,credit card,Delivered,3,3,APP
O001878,2,2025-01-30,C00853,P0014,1,5654.87,0.1,Credit Card,Delivered,,,Web
O004070,3,2026-08-04,C01470,P0121,1,20908.73,0,Wallet,Delivered,4,3,App
O004348,1,2026-01-30,C00612,P0072,1,11828.57,0.25,Credit Card,Cancelled,,,web
O000358,1,2025-02-17,C01742,P0026,1,14546.38,0,credit card,Delivered,4,4,Web
O003182,1,2025-01-03,C01309,P0062,2,19193.07,0,UPI,Delivered,4,4,APP
O000427,1,2025-11-08,C01366,P0087,1,6382.95,0.15,UPI,Delivered,4,3,Web
O002621,2,2025-03-19,C01412,P0140,2,13107.05,0.15,upi,Delivered,5,3,Marketplace
O001357,1,2026-02-16,C01214,P0005,1,5089.18,0.1,upi,Delivered,3,4,Marketplace
O001882,1,2025-04-19,C00971,P0005,1,5099.32,0.2,upi,Delivered,5,2,Marketplace
O002150,1,2025-09-21,C00346,P0126,1,1999.84,0.05,Debit Card,Delivered,5,3,App
O005455,2,2026-03-10,C01457,P0130,1,17775.89,0.05,Cash on Delivery,Delivered,1,5,Web
O000413,1,2026-04-04,C00226,P0010,1,23648.14,0.15,Wallet,Delivered,5,2,Marketplace
O005540,3,2026-06-10,C01668,P0046,1,4056.37,0.1,upi,Delivered,4,3,Marketplace
O002260,4,2025-01-13,C00436,P0035,1,17327.1,0.05,Credit Card,Delivered,5,3,APP
O006441,2,2025-02-16,C01940,P0012,1,7795.44,0.15,UPI,Delivered,4,4,Web
O004682,3,2026-02-15,C00420,P0091,2,250.57,0,COD,Delivered,5,3,Web
O000794,1,2025-07-07,C01496,P0131,2,18500.38,0.2,Cash on Delivery,Delivered,2,4,App
O001884,2,2025-10-23,C00661,P0140,1,13600.62,0.05,Debit Card,Delivered,2,4,web
O000603,2,2025-01-19,C00955,P0134,1,18218.44,0.25,UPI,Delivered,3,4,Marketplace
O000730,1,2025-07-09,C00494,P0127,1,14059.67,0,Wallet,Delivered,3,4,Web
O000303,3,2025-09-03,C01563,P0043,1,16328.56,0,Cash on Delivery,Delivered,3,5,web
O001896,1,2025-01-02,C00132,P0119,1,19700.14,0.1,upi,Returned,,,web
O003347,2,2025-08-04,C00092,P0132,2,18554.99,0.05,Wallet,Returned,7,2,web
O002097,2,2026-06-12,C01097,P0125,1,4699.33,0.15,UPI,Delivered,3,3,web
O006425,2,2025-12-05,C00954,P0118,1,3059.96,0.1,upi,Delivered,3,3,App
O003149,3,2025-10-11,C01712,P0086,1,3739.1,0.05,Cash on Delivery,Delivered,3,3,Web
O003709,2,2025-08-24,C01227,P0075,1,10963.34,0.05,Wallet,Delivered,4,3,APP
O002042,1,2025-06-15,C00909,P0014,2,5777.44,0.05,Cash on Delivery,Delivered,4,3,App
O006270,1,2025-01-28,C00395,P0057,1,4805.95,0.05,Debit Card,Delivered,6,3,App
O002728,1,2025-11-21,C00698,P0141,1,12851.92,0.15,Cash on Delivery,Cancelled,,,Web
O001058,3,2025-10-25,C01537,P0042,2,7125.99,0.05,COD,Delivered,5,3,web
O005272,4,2026-03-26,C00797,P0100,1,14313.16,0.25,Cash on Delivery,Delivered,7,2,web
O006457,1,2025-06-11,C00124,P0117,2,3487.81,0.2,credit card,Delivered,5,3,Web
O001509,1,2026-02-06,C01544,P0004,1,18180.1,0.1,credit card,Delivered,4,4,Web
O003572,2,2025-10-05,C00400,P0018,2,14638.74,0.2,upi,Delivered,5,2,web
O006147,1,2026-05-10,C01008,P0127,2,13866.41,0.5,credit card,Delivered,3,4,Web
O004383,1,2025-03-11,C00693,P0013,1,5501.98,0,upi,Delivered,1,5,Marketplace
O001715,1,2025-05-05,C01535,P0004,2,18377.76,0.2,upi,Delivered,5,,Marketplace
O000458,1,2025-02-26,C00349,P0013,2,5658.96,0.05,Cash on Delivery,Delivered,4,3,web
O006131,1,2026-05-03,C00527,P0115,1,4908.96,0.25,Debit Card,Delivered,6,3,Web
O001694,3,2025-02-03,C01528,P0095,1,15355.12,0,Credit Card,Delivered,5,3,Web
O004982,2,2026-05-24,C00163,P0068,2,9116.81,0.15,Debit Card,Delivered,4,4,App
O001986,1,2025-08-18,C00034,P0096,2,2991.79,0.3,Wallet,Delivered,3,4,APP
O003895,3,2026-05-13,C00129,P0009,1,14822.31,0.2,upi,Cancelled,,,Marketplace
O002290,2,2025-08-22,C01218,P0032,2,20750.91,0.1,upi,Delivered,3,3,App
O003653,1,2025-09-02,C00904,P0042,1,6688.85,0.25,UPI,Delivered,3,4,App
O005621,1,2025-12-03,C00883,P0005,1,5268.24,0.2,upi,Delivered,3,4,App
O001218,2,2025-09-05,C01770,P0127,3,14012.62,0.1,Credit Card,Delivered,6,3,Web
O002268,1,2025-03-20,C01720,P0142,1,12123.17,0,Cash on Delivery,Returned,4,3,App
O006486,1,2025-05-10,C01714,P0052,3,19788.01,0.2,COD,Delivered,4,4,App
O005073,1,2026-04-24,C01752,P0115,2,4638.0,0.15,upi,Delivered,4,4,App
O004364,2,2026-04-23,C00444,P0131,1,18868.65,0,UPI,Delivered,4,3,APP
O000486,2,2026-07-09,C01603,P0033,1,608.99,0.2,UPI,Delivered,2,5,Marketplace
O003023,2,2026-05-29,C00703,P0045,1,28371.87,0,credit card,Delivered,1,5,Marketplace
O005201,2,2026-05-26,C00835,P0056,3,10941.25,0.2,credit card,Delivered,6,3,Marketplace
O002942,4,2026-06-19,C01339,P0098,1,12919.36,0.5,credit card,Delivered,4,3,web
O004955,1,2026-01-18,C01503,P0079,1,7714.31,0.1,COD,Delivered,5,3,Web
O004597,1,2025-03-28,C01617,P0020,2,24706.71,0.05,Debit Card,Delivered,7,2,Web
O000350,1,2025-09-27,C01663,P0141,1,13025.82,0.05,UPI,Delivered,6,3,App
O000906,2,2025-08-16,C00290,P0035,1,17407.66,0,Debit Card,Delivered,3,5,web
O001695,1,2025-03-06,C00912,P0051,1,4117.12,0.05,Wallet,Delivered,1,5,APP
O000202,1,2026-07-26,C01969,P0082,1,15761.12,0.1,Wallet,Delivered,4,4,web
O001991,3,2026-01-14,C00543,P0133,3,3819.17,0.1,COD,Delivered,7,2,Web
O005344,2,2026-04-17,C01569,P0095,1,15898.59,0.1,credit card,Cancelled,,,Web
O000020,3,2025-04-02,C00615,P0042,1,6777.89,0.25,upi,Delivered,4,4,Marketplace
O000962,3,2025-06-12,C01000,P0015,1,23100.16,0.15,Debit Card,Delivered,6,2,web
O005317,4,2025-11-11,C00983,P0125,2,4446.16,0.25,Credit Card,Delivered,2,4,web
O000220,2,2026-01-28,C00039,P0072,1,11874.27,0.1,Debit Card,Delivered,1,,web
O000534,2,2025-06-21,C00983,P0013,1,5357.96,0.2,UPI,Delivered,3,4,Marketplace
O004512,1,2025-10-21,C00761,P0075,1,10488.41,0.2,credit card,Delivered,5,3,web
O003558,2,2025-07-08,C00066,P0092,1,4215.49,0.05,UPI,Delivered,1,5,web
O000283,4,2025-03-15,C01611,P0043,3,16023.77,0.05,UPI,Delivered,5,3,Marketplace
O003818,1,2025-02-24,C00958,P0014,4,5612.5,0.25,UPI,Delivered,3,3,web
O003175,1,2025-03-19,C01505,P0127,1,13798.28,0.1,UPI,Returned,4,4,Marketplace
O004647,2,2025-02-02,C00157,P0141,1,12873.17,0,COD,Delivered,4,3,App
O000286,1,2025-10-13,C01287,P0101,2,8414.21,0.05,UPI,Returned,3,5,web
O003729,2,2025-01-31,C01215,P0023,1,27771.73,0.25,Wallet,Delivered,2,4,Web
O003526,2,2026-07-29,C01544,P0134,2,18534.49,0.05,upi,Delivered,4,3,web
O003122,1,2025-03-25,C00478,P0142,2,12045.58,0.5,Debit Card,Delivered,7,2,Web
O005286,3,2026-05-25,C00672,P0106,1,2484.08,0.25,COD,Delivered,5,3,Marketplace
O005842,2,2025-12-05,C01600,P0106,1,2502.38,0.15,credit card,Delivered,4,3,App
O002809,1,2025-11-04,C00115,P0028,1,8205.76,0.1,Cash on Delivery,Delivered,6,3,web
O004434,2,2025-11-10,C00053,P0077,2,11034.66,0.2,Cash on Delivery,Returned,3,4,Marketplace
O002096,1,2026-05-06,C01992,P0059,1,17424.75,0,COD,Delivered,2,4,App
O006341,1,2026-08-22,C01608,P0036,1,18282.18,0.3,COD,Delivered,4,3,APP
O000572,1,2025-08-21,C01393,P0088,1,26311.08,0.05,Cash on Delivery,Cancelled,,,Marketplace
O001732,2,2026-01-18,C01497,P0060,1,16799.74,0.05,Debit Card,Delivered,7,3,Web
O004699,2,2025-06-04,C00147,P0052,3,19399.29,0.15,Wallet,Delivered,5,3,App
O001340,2,2026-05-18,C00321,P0002,1,10316.52,0,Debit Card,Delivered,1,5,Web
O005387,2,2025-12-01,C00227,P0027,1,20268.02,0,upi,Delivered,5,,web
O002581,1,2025-03-05,C00451,P0090,2,4656.83,0.25,Wallet,Returned,5,3,web
O005216,1,2025-09-25,C00234,P0078,1,25062.43,0,Wallet,Cancelled,,,Marketplace
O001510,3,2025-04-25,C01548,P0023,1,26550.41,0.15,Wallet,Delivered,,,web
O000442,1,2025-11-03,C01061,P0122,3,1169.01,0.2,Credit Card,Delivered,1,4,App
O004791,1,2026-08-06,C00070,P0024,1,20307.63,0.25,UPI,Delivered,6,3,web
O005521,1,2025-03-14,C01552,P0011,1,17406.52,0.2,Credit Card,Delivered,7,1,App
O002244,2,2026-08-15,C01020,P0066,1,22011.54,0,UPI,Delivered,2,4,APP
O002354,1,2025-03-28,C01229,P0001,2,9013.96,0.05,COD,Delivered,1,5,APP
O004616,3,2026-06-29,C00042,P0076,2,26666.5,0,UPI,Delivered,8,2,Marketplace
O003939,2,2025-12-06,C00163,P0022,1,5249.28,0.1,COD,Returned,,,App
O004563,1,2025-07-15,C00794,P0125,1,4597.95,0.2,Credit Card,Delivered,5,2,APP
O004316,3,2026-01-09,C01417,P0003,2,19854.03,0,Wallet,Delivered,4,4,App
O004562,2,2025-06-13,C00666,P0109,2,14430.08,0.3,upi,Delivered,6,3,Web
O004072,1,2025-06-07,C01892,P0026,1,13910.7,0.1,credit card,Delivered,6,2,Marketplace
O002393,1,2025-09-28,C01526,P0109,1,14870.16,0.15,credit card,Delivered,5,3,App
O003593,1,2025-09-07,C00716,P0132,2,18612.76,0.05,Debit Card,Delivered,2,5,Marketplace
O001376,3,2025-07-16,C00901,P0073,2,9165.66,0.15,Credit Card,Delivered,,,APP
O001969,1,2025-05-16,C01350,P0076,1,27611.89,0.15,Debit Card,Delivered,5,3,Marketplace
O005040,1,2025-04-21,C00750,P0113,1,3111.82,0,COD,Delivered,6,3,App
O004770,1,2026-02-06,C01245,P0002,3,10811.45,0.05,credit card,Delivered,3,3,Web
O004921,1,2025-06-16,C01727,P0063,1,17616.89,0.05,upi,Delivered,4,4,APP
O006311,1,2025-06-22,C01631,P0057,1,4836.31,0.15,upi,Delivered,7,2,web
O004848,2,2026-06-05,C01009,P0036,1,18902.67,0.2,Cash on Delivery,Delivered,6,2,App
O005032,1,2026-01-10,C00042,P0063,2,17640.68,0.2,Credit Card,Delivered,3,4,APP
O002166,1,2026-01-28,C01666,P0108,1,22304.79,0.5,Credit Card,Delivered,1,5,web
O004549,1,2025-09-24,C01599,P0062,1,19235.78,0,Debit Card,Returned,5,3,web
O004861,1,2026-01-19,C01367,P0044,1,13932.02,0.15,Debit Card,Delivered,1,5,App
O003775,2,2025-05-18,C01138,P0003,1,18610.2,0.1,Cash on Delivery,Delivered,,,web
O005058,1,2026-01-18,C00741,P0098,1,12508.89,0,Credit Card,Returned,1,5,Marketplace
O004808,1,2025-04-02,C00990,P0015,2,21712.88,0,UPI,Delivered,4,4,Marketplace
O002011,1,2025-08-19,C00465,P0074,1,11030.44,0.3,Debit Card,Delivered,1,5,Marketplace
O005856,2,2025-04-09,C00063,P0119,1,20020.01,0,Credit Card,Delivered,4,3,Marketplace
O006357,1,2025-05-13,C01116,P0013,1,5465.73,0.25,Wallet,Delivered,5,3,Web
O005188,1,2025-08-13,C00606,P0017,2,3288.11,0.5,Cash on Delivery,Returned,7,2,web
O004439,1,2026-06-27,C00025,P0107,2,23589.47,0.25,Wallet,Delivered,4,3,APP
O002523,1,2026-01-04,C00153,P0028,4,8261.28,0.15,UPI,Delivered,7,3,App
O001649,1,2026-06-27,C00388,P0046,2,4224.35,0.1,Wallet,Returned,2,4,Web
O004217,3,2025-06-09,C01190,P0068,1,9642.1,0.05,credit card,Delivered,4,4,Web
O002366,4,2025-04-15,C00337,P0095,3,15536.39,0.5,Debit Card,Delivered,6,3,web
O004373,4,2026-07-27,C01549,P0048,2,950.47,0.3,COD,Delivered,7,3,Web
O001894,1,2025-11-17,C00072,P0024,2,21444.97,0.05,Debit Card,Delivered,3,5,web
O000352,1,2026-08-26,C00938,P0035,1,17568.61,0.1,Wallet,Delivered,7,,Marketplace
O006302,1,2026-06-23,C00822,P0098,2,12232.7,0,credit card,Delivered,5,3,Web
O002174,1,2025-04-26,C01374,P0102,1,17258.23,0.15,COD,Returned,3,3,web
O006278,2,2026-07-07,C00255,P0112,1,21943.65,0.1,Debit Card,Delivered,1,5,Marketplace
O001367,1,2026-08-18,C00379,P0025,2,4090.22,0,credit card,Delivered,4,3,Marketplace
O001999,3,2025-02-10,C00765,P0014,1,5802.54,0.15,Debit Card,Returned,4,3,Web
O005681,1,2026-02-13,C00505,P0125,1,4667.37,0.15,Credit Card,Delivered,5,2,Marketplace
O000742,3,2026-01-31,C00606,P0095,4,16294.21,0.1,COD,Delivered,5,3,Web
O003094,2,2026-01-25,C01956,P0027,3,19398.62,0.25,credit card,Returned,1,5,web
O004991,1,2025-02-25,C00379,P0019,2,25525.48,0.3,Debit Card,Delivered,3,4,web
O006398,1,2025-02-13,C00045,P0130,1,17619.78,0.1,Cash on Delivery,Delivered,3,3,web
O003966,1,2026-04-21,C01707,P0123,2,8860.91,0,Debit Card,Delivered,5,3,Marketplace
O001155,2,2026-07-18,C01778,P0078,1,26874.17,0.25,Cash on Delivery,Delivered,4,3,web
O005593,1,2026-07-16,C01593,P0003,1,18792.02,0.05,Cash on Delivery,Delivered,1,5,APP
O000617,2,2026-06-22,C00922,P0074,1,11199.17,0.15,credit card,Delivered,7,,APP
O004832,2,2025-01-30,C01086,P0126,3,2141.37,0.2,upi,Delivered,4,4,Web
O000930,3,2025-03-23,C01857,P0096,2,2938.54,0.1,Wallet,Delivered,5,2,web
O004587,1,2026-03-03,C00121,P0141,2,12552.6,0.1,Debit Card,Delivered,4,3,Web
O000462,1,2025-01-13,C00955,P0011,4,17298.8,0.1,Debit Card,Delivered,5,3,web
O005390,2,2025-09-06,C00391,P0125,1,4644.51,0.15,Credit Card,Delivered,4,3,web
O005169,2,2026-08-14,C01295,P0015,1,22251.3,0.05,upi,Delivered,4,3,Marketplace
O002615,3,2026-01-12,C00767,P0107,1,23557.69,0,Credit Card,Delivered,5,3,App
O006158,2,2025-02-05,C00470,P0069,1,12074.73,0.15,Cash on Delivery,Delivered,4,4,App
O001885,3,2025-01-16,C01773,P0109,3,15053.73,0.5,credit card,Delivered,6,3,APP
O001312,3,2025-02-06,C01168,P0030,1,14072.02,0,upi,Delivered,5,3,Web
O006276,2,2025-03-13,C01350,P0061,1,22304.42,0.1,UPI,Delivered,4,3,web
O005890,1,2025-07-25,C01657,P0111,1,1879.64,0,Credit Card,Delivered,3,,web
O001207,3,2025-08-07,C01568,P0027,1,19837.56,0.5,upi,Cancelled,,,App
O005471,2,2025-09-20,C01415,P0083,3,5409.08,0.2,Debit Card,Delivered,4,,APP
O006199,4,2025-11-26,C00070,P0079,2,7841.04,0.2,Wallet,Delivered,2,4,APP
O004611,2,2025-07-26,C00332,P0015,2,22297.08,0.2,upi,Returned,2,4,Web
O004721,2,2026-05-27,C00647,P0091,1,252.64,0.2,credit card,Delivered,3,3,web
O005224,2,2026-08-10,C00944,P0136,2,13573.42,0.15,Wallet,Delivered,1,5,Marketplace
O003701,2,2025-11-23,C01462,P0068,2,9401.38,0.1,UPI,Delivered,3,4,Marketplace
O004734,1,2025-09-12,C01546,P0041,2,20275.35,0.05,credit card,Delivered,,,APP
O004978,1,2025-12-27,C01372,P0060,1,17199.77,0.25,Wallet,Delivered,4,3,APP
O000479,2,2025-02-02,C01152,P0085,1,9781.24,0.1,Credit Card,Returned,5,3,App
O001198,1,2025-10-22,C00294,P0085,1,10114.73,0.3,COD,Delivered,6,3,Marketplace
O001373,2,2026-07-16,C00915,P0143,2,4237.15,0.05,COD,Delivered,4,3,web
O005401,1,2025-10-15,C00760,P0023,1,25679.56,0.3,upi,Delivered,2,5,App
O000639,1,2026-04-05,C01731,P0018,2,14512.57,0.05,Debit Card,Delivered,6,3,APP
O002361,1,2025-04-09,C01728,P0081,1,22044.85,0.05,upi,Delivered,7,3,APP
O000761,2,2026-03-01,C01616,P0095,1,16207.42,0.15,Credit Card,Returned,3,4,App
O000946,1,2026-05-17,C00894,P0114,1,1290.51,0.05,Debit Card,Delivered,4,4,web
O005262,3,2025-03-08,C01388,P0112,1,22394.46,0.1,credit card,Delivered,4,3,App
O001632,1,2026-04-04,C01555,P0098,1,12946.83,0.2,UPI,Delivered,7,2,web
O000752,1,2025-11-30,C00268,P0023,1,26779.38,0.2,UPI,Delivered,2,4,Web
O003830,2,2026-01-30,C01287,P0025,1,0,0.1,Wallet,Delivered,6,2,Marketplace
O001065,3,2026-02-11,C01668,P0060,2,16609.17,0.1,credit card,Delivered,3,4,Marketplace
O001422,2,2025-11-11,C00207,P0141,2,13021.15,0.2,credit card,Delivered,5,3,Web
O003605,1,2026-06-06,C01886,P0121,1,21064.59,0.2,Cash on Delivery,Delivered,8,1,Web
O000389,1,2026-07-20,C00120,P0103,1,27955.99,0.25,credit card,Delivered,3,4,App
O002828,1,2025-11-03,C01046,P0001,2,9520.42,0,Credit Card,Delivered,3,4,App
O005965,1,2026-01-05,C01283,P0002,1,10267.49,0.1,credit card,Delivered,5,2,Marketplace
O001972,1,2025-03-15,C01841,P0021,1,22399.82,0.65,Cash on Delivery,Delivered,3,4,App
O005884,1,2025-01-09,C01139,P0009,1,14275.75,0.1,COD,Delivered,6,3,Web
O005889,2,2026-03-12,C01961,P0062,3,18485.85,0.1,Wallet,Delivered,3,3,App
O000271,2,2025-11-12,C00087,P0113,1,2990.6,0.25,credit card,Delivered,5,2,web
O004324,2,2025-07-24,C01332,P0002,1,10988.86,0.25,credit card,Delivered,5,3,Web
O005184,1,2026-03-11,C01382,P0049,1,1406.14,0.1,Wallet,Delivered,7,3,web
O002416,1,2025-05-08,C01245,P0126,1,2108.32,0.15,upi,Delivered,3,4,APP
O003980,2,2025-02-24,C01751,P0070,1,4114.48,0.05,upi,Delivered,3,3,Marketplace
O001611,1,2026-02-20,C01356,P0094,4,6347.28,0.2,Debit Card,Delivered,3,4,Web
O005928,2,2025-05-04,C00795,P0087,1,6407.53,0.2,Debit Card,Delivered,3,4,web
O006411,1,2025-12-28,C00126,P0115,2,4804.39,0.15,COD,Delivered,6,2,web
O000207,1,2025-03-08,C01082,P0067,1,10712.41,0.25,Cash on Delivery,Delivered,4,4,Marketplace
O001990,2,2025-01-14,C00048,P0041,1,20724.77,0.05,Wallet,Delivered,5,3,Marketplace
O005467,2,2025-05-08,C01315,P0031,5,23466.92,0.05,Debit Card,Delivered,4,,Marketplace
O000369,1,2026-07-18,C00460,P0100,2,13867.1,0.05,credit card,Delivered,5,2,Marketplace
O000113,1,2025-12-03,C01026,P0137,5,4772.34,0.1,Wallet,Delivered,1,4,APP
O002642,1,2026-02-20,C00694,P0010,1,24107.36,0,COD,Returned,4,4,Web
O000121,1,2025-06-27,C00570,P0060,2,16283.65,0.15,credit card,Delivered,5,3,App
O004113,1,2025-08-19,C01582,P0037,2,18717.11,0.1,UPI,Delivered,6,3,Web
O001980,2,2025-11-01,C00534,P0126,2,2122.6,0.05,UPI,Delivered,6,3,web
O001494,1,2026-05-20,C00965,P0003,2,18555.4,0.3,credit card,Delivered,,,web
O002388,1,2025-06-17,C00437,P0041,5,20590.15,0.1,credit card,Delivered,4,3,App
O004286,1,2025-06-28,C01617,P0142,1,11534.04,0.15,Credit Card,Delivered,5,2,Marketplace
O001112,1,2025-02-22,C00179,P0036,1,19262.54,0.3,Wallet,Delivered,3,4,APP
O001116,2,2025-08-26,C01935,P0065,1,17628.97,0,COD,Delivered,6,3,web
O001821,1,2025-05-24,C00464,P0037,1,18534.87,0.2,Debit Card,Delivered,1,5,Web
O005565,1,2026-07-27,C00574,P0008,1,22402.1,0,COD,Returned,3,4,APP
O000902,1,2025-07-19,C00712,P0086,2,3616.83,0.25,credit card,Delivered,4,,Web
O001464,3,2026-05-19,C00074,P0086,2,3694.27,0,Cash on Delivery,Delivered,3,4,Marketplace
O000193,1,2026-07-15,C00871,P0132,1,18827.52,0.3,Debit Card,Delivered,4,4,web
O006438,2,2026-08-05,C00587,P0124,1,14217.3,0,credit card,Delivered,5,3,APP
O003249,2,2025-06-26,C00300,P0042,1,6912.56,0.05,credit card,Delivered,6,3,APP
O001756,4,2025-09-28,C01297,P0137,1,4522.62,0.05,COD,Delivered,6,3,web
O000464,1,2025-09-29,C01636,P0121,1,21705.83,0.05,COD,Delivered,5,3,Web
O001714,1,2026-01-13,C01591,P0115,1,4599.57,0.05,Credit Card,Delivered,3,3,Marketplace
O002423,1,2025-09-07,C00229,P0073,1,9178.29,0.1,UPI,Delivered,3,4,Web
O006293,1,2025-12-26,C01067,P0094,1,6035.6,0.1,COD,Delivered,2,5,Marketplace
O006399,1,2025-10-14,C01316,P0139,1,3610.0,0.05,Wallet,Delivered,4,3,web
O002662,1,2026-04-26,C01883,P0014,2,5620.96,0.2,credit card,Delivered,7,3,Marketplace
O001406,2,2026-06-05,C00724,P0004,1,18775.81,0.1,Wallet,Delivered,3,4,Marketplace
O004447,2,2026-01-08,C01157,P0137,2,4565.15,0.1,credit card,Delivered,2,5,Web
O002668,1,2025-03-15,C00317,P0103,1,27620.95,0.1,Wallet,Delivered,,,Web
O002795,1,2025-07-07,C00967,P0024,1,20388.16,0.1,credit card,Cancelled,,,web
O006339,1,2025-07-31,C00498,P0002,2,10882.81,0.2,Cash on Delivery,Delivered,5,3,Marketplace
O006252,1,2025-04-17,C01262,P0049,3,1474.1,0.2,Wallet,Delivered,3,4,App
O002573,1,2026-05-17,C00074,P0131,2,19161.33,0.05,Debit Card,Delivered,4,3,APP
O003636,1,2026-03-13,C00295,P0071,2,10836.72,0,COD,Delivered,3,3,Marketplace
O001020,1,2025-07-07,C00370,P0031,1,22078.65,0,upi,Delivered,5,,web
O005695,2,2025-01-22,C00939,P0081,1,22831.08,0.15,Debit Card,Delivered,3,4,Web
O005271,1,2025-02-04,C00207,P0035,3,17733.97,0.1,COD,Delivered,3,4,APP
O000867,1,2026-05-31,C00232,P0132,1,19446.32,0.1,Debit Card,Delivered,7,2,App
O002154,1,2025-02-01,C00820,P0139,3,3455.96,0.5,credit card,Delivered,3,4,Marketplace
O004275,2,2025-10-24,C01662,P0078,4,25607.71,0.05,COD,Delivered,5,3,APP
O001676,4,2025-11-05,C01612,P0133,2,3776.86,0.05,Cash on Delivery,Delivered,2,5,Web
O000111,3,2026-06-22,C01272,P0064,1,4761.53,0.05,COD,Delivered,4,4,Marketplace
O003671,1,2025-09-06,C01408,P0086,2,3610.43,0.15,UPI,Delivered,3,4,APP
O004256,3,2025-10-30,C01303,P0123,1,8887.29,0.2,upi,Delivered,4,4,APP
O003441,1,2025-01-27,C00326,P0079,1,7374.09,0,UPI,Delivered,5,3,App
O004548,1,2026-04-23,C00568,P0037,1,18642.59,0.25,COD,Delivered,3,4,web
O004704,1,2025-11-11,C00679,P0118,1,3112.96,0.2,Debit Card,Delivered,3,4,App
O005112,1,2026-05-26,C00720,P0107,1,23326.09,0.1,credit card,Returned,5,4,App
O004137,1,2025-08-11,C01936,P0064,1,4824.0,0.05,Debit Card,Delivered,3,4,Web
O002855,1,2025-03-26,C00654,P0067,1,11114.92,0,COD,Delivered,,,Web
O001610,2,2025-09-09,C01591,P0054,1,12605.47,0,Debit Card,Cancelled,,,web
O003341,2,2026-08-01,C01171,P0106,2,2442.38,0.3,Cash on Delivery,Delivered,5,3,Marketplace
O005886,2,2025-11-11,C00543,P0094,1,6319.48,0.2,COD,Delivered,4,4,web
O000083,1,2025-06-04,C00208,P0026,1,13900.66,0.05,UPI,Delivered,2,5,Marketplace
O006157,1,2026-08-13,C00061,P0053,5,7680.42,0.2,COD,Delivered,6,2,web
O003434,1,2025-08-28,C01737,P0050,1,17491.86,0.05,UPI,Returned,2,4,Web
O002257,1,2025-11-01,C01363,P0114,3,1202.94,0,Credit Card,Delivered,1,5,APP
O001363,1,2025-05-04,C00575,P0079,2,7770.01,0.1,COD,Delivered,5,4,Web
O000436,1,2025-12-27,C01777,P0030,2,13999.98,0.15,upi,Delivered,5,2,Marketplace
O006123,1,2025-03-26,C01982,P0104,1,5014.46,0.15,UPI,Delivered,6,2,Marketplace
O005867,2,2025-05-23,C00735,P0141,1,12783.71,0.1,Debit Card,Delivered,6,3,web
O004644,1,2026-02-27,C00704,P0079,1,7699.7,0,Cash on Delivery,Cancelled,,,APP
O004694,1,2026-06-07,C01197,P0117,5,3600.98,0.05,Wallet,Delivered,3,3,Web
O002856,1,2026-04-05,C01124,P0120,1,13359.41,0.15,Debit Card,Delivered,3,4,App
O002390,1,2026-03-18,C01077,P0080,1,23037.63,0.15,credit card,Delivered,1,5,Marketplace
O003279,1,2025-04-20,C01331,P0113,2,3032.13,0,Debit Card,Delivered,2,4,Marketplace
O003501,1,2026-04-13,C00587,P0082,2,15585.15,0.05,COD,Delivered,1,5,Web
O002252,1,2025-04-28,C01708,P0026,1,13677.09,0.1,upi,Delivered,8,2,web
O000254,2,2025-12-10,C01631,P0043,1,15696.87,0.1,Cash on Delivery,Delivered,3,4,Marketplace
O005197,1,2025-08-28,C01261,P0064,1,4571.53,0.15,credit card,Delivered,3,3,APP
O004615,4,2025-01-09,C00093,P0105,1,25706.02,0.25,credit card,Delivered,5,3,App
O002332,1,2025-03-09,C01092,P0104,2,5034.29,0.15,Debit Card,Delivered,5,2,Web
O002678,2,2025-05-23,C00786,P0097,1,3410.23,0.25,Cash on Delivery,Delivered,5,3,APP
O005989,1,2025-10-11,C00966,P0122,1,1157.98,0.25,Debit Card,Delivered,1,4,App
O000024,1,2025-02-20,C00227,P0123,1,9119.53,0.1,Credit Card,Delivered,5,,Marketplace
O002233,3,2025-07-12,C00117,P0071,1,11363.48,0.05,Debit Card,Delivered,5,3,App
O004928,1,2025-11-07,C00120,P0098,1,13084.5,0.15,credit card,Cancelled,,,App
O004586,1,2025-07-06,C00759,P0055,1,9538.15,0,COD,Delivered,3,4,APP
O001386,1,2026-05-10,C01955,P0052,1,18963.29,0.05,Wallet,Delivered,4,3,Marketplace
O005441,1,2025-02-07,C00473,P0022,2,5537.37,0.25,Cash on Delivery,Returned,4,4,Web
O001567,1,2025-06-16,C00669,P0091,3,258.26,0.2,upi,Delivered,4,4,web
O003837,2,2025-03-17,C00780,P0019,2,25549.77,0.2,upi,Delivered,6,3,Web
O004502,1,2025-10-14,C00979,P0084,3,16305.81,0.05,upi,Returned,1,5,web
O000727,1,2025-05-22,C00850,P0121,1,21813.25,0.25,Cash on Delivery,Cancelled,,,Web
